,distr-focus,own-focus,office-focus,own-distr,office-distr,office-own
0,0.2838771245594258,0.3783874133831926,0.08338796649650398,0.09451028882376677,-0.20048915806292184,-0.2949994468866886
1,-0.0035613235246301778,-1.1693215883193975,0.6208001550370761,-1.1657602647947674,0.6243614785617062,1.7901217433564736
2,0.07252228957739193,-1.8302848349188778,-1.0102527171718596,-1.9028071244962699,-1.0827750067492516,0.8200321177470181
3,1.014234908473222,-0.6462277222679189,0.7919956231479857,-1.660462630741141,-0.22223928532523635,1.4382233454159046
4,1.6304345309775303,0.6355796480037453,1.1119249046721507,-0.994854882973785,-0.5185096263053797,0.47634525666840544
5,1.347452282581565,2.051377562836266,1.2121731430369225,0.7039252802547011,-0.13527913954464232,-0.8392044197993435
6,1.7616263558451983,0.43558515723414926,1.9436848657285328,-1.3260411986110492,0.18205850988333439,1.5080997084943837
7,-9.44805819869699,-6.962324012988502,-9.690523878068419,2.485734185708488,-0.24246567937142993,-2.728199865079918
8,3.8062118692699167,4.397730558848652,5.0526968980053635,0.5915186895787348,1.246485028735446,0.6549663391567113
9,4.23800856665041,4.449232721673498,4.744404648782976,0.21122415502308808,0.5063960821325661,0.29517192710947804
10,,,,,,
