,distr-focus,own-focus,office-focus,own-distr,office-distr,office-own
0,2.523144072480786,1.2747972899662836,1.826583650621954,-1.2483467825145027,-0.6965604218588323,0.5517863606556703
1,-0.24037761940159197,-1.584736874786144,-0.3935514695904154,-1.3443592553845518,-0.15317385018882346,1.1911854051957285
2,2.854598610781955,-0.8195753501392953,0.09619888807302585,-3.6741739609212503,-2.758399722708929,0.9157742382123211
3,-3.6312989646097207,-0.13769809965125315,-1.1914783200827723,3.4936008649584678,2.4398206445269484,-1.0537802204315192
4,-0.9947786338439105,-0.8739708036878094,-0.04304717478215718,0.12080783015610108,0.9517314590617534,0.8309236289056523
5,0.023264616144066386,0.7544246316484213,-1.1877025654764464,0.7311600155043549,-1.2109671816205128,-1.9421271971248677
6,-1.8806164795624956,-2.0645086457282114,-0.4068423542296583,-0.18389216616571602,1.4737741253328371,1.6576662914985532
7,0.9171094632547304,1.2916012951774571,0.4329933941379216,0.3744918319227267,-0.4841160691168088,-0.8586079010395355
8,0.31249665661793485,1.5167112546146444,-0.08364716772485714,1.2042145979967096,-0.396143824342792,-1.6003584223395015
9,0.6469844678112386,2.2390635079655326,0.5549724016117306,1.5920790401542941,-0.09201206619950797,-1.6840911063538022
10,,,,,,
