,distr-focus,own-focus,office-focus,own-distr,office-distr,office-own
0,2.1037345036977926,7.479482792389209,0.8525204222155842,5.375748288691417,-1.2512140814822086,-6.626962370173626
1,-4.417534110247869,-1.427514701820716,-4.976987711882124,2.9900194084271536,-0.5594536016342542,-3.5494730100614076
2,17.706241197105857,-1.4949832081246548,-0.31144626133229325,-19.201224405230512,-18.017687458438154,1.1835369467923615
3,-6.839632850870264,1.4563884884618998,-1.9768496537225921,8.296021339332164,4.862783197147672,-3.433238142184492
4,-1.3457917496187137,-0.9234651186284837,-0.13238900964925981,0.42232663099023005,1.213402739969454,0.7910761089792239
5,-0.29783233128618747,0.7996072115886164,-1.383904302064821,1.0974395428748038,-1.0860719707786335,-2.1835115136534373
6,35.41454257209355,8.460890166390953,-0.23351703760934828,-26.9536524057026,-35.6480596097029,-8.694407204000303
7,3.8052632974708898,2.2654250025091542,0.366346361059392,-1.5398382949617355,-3.438916936411498,-1.8990786414497625
8,-0.42962604184409703,-6.160116179817349,-0.18581536243424213,-5.730490137973252,0.2438106794098549,5.9743008173831065
9,0.10118625365738126,-0.29984790913212306,-1.224769978087475,-0.4010341627895043,-1.3259562317448563,-0.9249220689553519
10,,,,,,
