,distr-focus,own-focus,office-focus,own-distr,office-distr,office-own
0,0.5423250689034771,0.6611985938927469,0.054263689611666166,0.11887352498926984,-0.4880613792918109,-0.6069349042810808
1,0.84866712912705,0.9998950307524797,1.3434999965916903,0.15122790162542965,0.4948328674646403,0.34360496583921063
2,0.8481504558297515,-0.3554593285035584,0.6560000906256593,-1.20360978433331,-0.19215036520409223,1.0114594191292177
3,-0.9774346622629178,-0.044889830075975024,-0.701961169560978,0.9325448321869427,0.27547349270193977,-0.657071339485003
4,0.26278418482579047,0.440560980791029,0.43186026335627725,0.17777679596523854,0.16907607853048678,-0.008700717434751759
5,0.3572764906066419,0.11513000251747796,0.5578840504905354,-0.24214648808916395,0.20060755988389345,0.4427540479730574
6,0.6040682469191778,0.3749217438242003,1.0320781300257895,-0.22914650309497753,0.4280098831066116,0.6571563862015891
7,1.1340304974809454,2.5686645800521744,0.519469054906234,1.434634082571229,-0.6145614425747115,-2.04919552514594
8,0.8174077987832864,0.08215405875428378,1.124961147902944,-0.7352537400290026,0.3075533491196576,1.0428070891486603
9,2.580546713199272,1.4919674164929815,1.6093392958870416,-1.0885792967062908,-0.9712074173122307,0.11737187939406013
10,,,,,,
