,distr-focus,own-focus,office-focus,own-distr,office-distr,office-own
0,-1.5607368409818922,2.5691348786115498,4.2980025200643786,4.129871719593442,5.85873936104627,1.7288676414528283
1,0.9796368003760736,2.3964886640082796,1.5337346704007273,1.416851863632206,0.5540978700246537,-0.8627539936075523
2,-5.11458913493666,-11.064812319108961,-4.088628818863002,-5.950223184172303,1.0259603160736572,6.97618350024596
3,1.3242719375405452,0.3057156003139765,0.9596099906117566,-1.0185563372265687,-0.3646619469287886,0.6538943902977801
4,-14.861216574126871,-31.0468126986041,-26.416240145431882,-16.18559612447723,-11.55502357130501,4.630572553172219
5,-8.919108928491626,2.1006419775785883,1.3477185456635032,11.019750906070215,10.266827474155129,-0.752923431915085
6,1.3542726243563727,4.373350772323316,3.151220067188458,3.019078147966943,1.796947442832085,-1.2221307051348578
7,-1.936008436358269,-1.1862166846144302,-0.940940603889628,0.7497917517438388,0.9950678324686411,0.24527608072480223
8,-4.487074365528087,1.4588585486896013,-1.1059174429812835,5.945932914217688,3.3811569225468032,-2.564775991670885
9,51.62384514895004,1.5189548573698395,-2.180242970432475,-50.1048902915802,-53.80408811938251,-3.6991978278023145
10,,,,,,
