,distr-focus,own-focus,office-focus,own-distr,office-distr,office-own
0,-0.006553957997161963,0.17923136431530862,0.12382113929782605,0.18578532231247058,0.13037509729498803,-0.05541022501748255
1,0.08093588110816935,-0.037287438202029566,-0.06815029582768445,-0.11822331931019892,-0.1490861769358538,-0.030862857625654883
2,-0.2290700419068043,0.048693682234183154,-0.19782478638214773,0.27776372414098743,0.031245255524656568,-0.2465184686163309
3,-0.0808368341567928,-0.03342362889579345,-0.08722184175607203,0.04741320526099935,-0.0063850075992792354,-0.05379821286027858
4,0.05027051990945418,-0.04938418755908461,-0.17012616304460812,-0.09965470746853879,-0.22039668295406228,-0.12074197548552351
5,0.10077364030692872,-0.36588281760140096,-0.21154330304011448,-0.46665645790832966,-0.3123169433470432,0.15433951456128647
6,-0.12328728363049536,-2.1310866201829857,-0.35777528453998597,-2.00779933655249,-0.23448800090949062,1.7733113356429997
7,1.1659536664860155,0.9894637195244199,0.992722436697307,-0.17648994696159556,-0.1732312297887085,0.00325871717288706
8,-0.22350461945760658,-0.8497372208810919,-0.5221495038004776,-0.6262326014234854,-0.29864488434287106,0.3275877170806143
9,1.5290212031139099,3.6447176910274464,1.46428595755189,2.1156964879135365,-0.0647352455620196,-2.1804317334755563
10,,,,,,
