,distr-focus,own-focus,office-focus,own-distr,office-distr,office-own
0,0.3424675886444396,0.872152424776041,0.8936818037652268,0.5296848361316014,0.5512142151207872,0.02152937898918572
1,-0.6811633911969532,4.405645406866824,-1.300224987906784,5.086808798063776,-0.6190615967098306,-5.705870394773608
2,-0.3313902540651148,-0.2527693501633852,1.2060121223231133,0.0786209039017296,1.5374023763882283,1.4587814724864985
3,-3.2158535862866104,-2.571612062289067,1.273272084407893,0.6442415239975439,4.489125670694504,3.84488414669696
4,0.10178421535135318,0.4808382866697221,0.11196389735290507,0.37905407131836893,0.010179682001551893,-0.36887438931681704
5,-1.6537170232564495,-0.61134425789515,0.2804991940262724,1.0423727653612995,1.934216217282722,0.8918434519214224
6,4.23563573981051,-0.6830043805136686,-0.9499891329835436,-4.918640120324178,-5.185624872794053,-0.26698475246987496
7,-0.8642357053780925,3.0515873376654583,-0.7136927696961973,3.9158230430435506,0.15054293568189514,-3.7652801073616557
8,-1.3709935704623606,0.20948549118796334,1.4086654492562836,1.580479061650324,2.779659019718644,1.1991799580683202
9,1.5198836486070177,-5.695568343724622,2.6787936370417054,-7.21545199233164,1.1589099884346874,8.374361980766327
10,,,,,,
