,distr-focus,own-focus,office-focus,own-distr,office-distr,office-own
0,-0.2587098728470162,-0.38557083238843515,-0.19201564815247485,-0.12686095954141896,0.06669422469454134,0.1935551842359603
1,-0.2673773511989063,-0.39432472146778247,0.8772044591519317,-0.12694737026887615,1.144581810350838,1.2715291806197142
2,-0.34847445176251957,-0.4671378344361231,-0.5587080350902334,-0.11866338267360355,-0.2102335833277138,-0.09157020065411026
3,0.05565908661939378,-0.2138280788468797,0.42282571978490613,-0.2694871654662735,0.36716663316551235,0.6366537986317858
4,-0.034412536330998056,-0.15204746521099477,0.2237133176106757,-0.11763492887999671,0.25812585394167376,0.37576078282167047
5,-0.43306698638470775,-0.7147413541528713,1.1097827083777216,-0.28167436776816357,1.5428496947624293,1.824524062530593
6,0.10750350734160274,0.2877685369109605,0.0021226167338123103,0.18026502956935775,-0.10538089060779043,-0.2856459201771482
7,-0.061511480005460695,-0.28105821852527546,0.23690604889748668,-0.21954673851981477,0.29841752890294737,0.5179642674227621
8,-0.09813339838755919,-0.01902250849877174,-3.9962303851971264,0.07911088988878745,-3.898096986809567,-3.9772078766983547
9,-1.7297719207526516,-2.0611917803074786,-0.8466513958807567,-0.33141985955482683,0.883120524871895,1.214540384426722
10,,,,,,
