,distr-focus,own-focus,office-focus,own-distr,office-distr,office-own
0,1.2887208200976363,0.35947037041297014,0.7236287586862523,-0.9292504496846661,-0.5650920614113839,0.3641583882732822
1,1.9887070467625305,-0.42465868806192575,-0.7199138545871219,-2.413365734824456,-2.708620901349652,-0.29525516652519607
2,-3.0637939419325804,0.808646211397159,-0.23948515880856536,3.8724401533297392,2.824308783124015,-1.0481313702057244
3,1.2671063698560774,0.9879551853232664,-4.712284440359945,-0.27915118453281096,-5.979390810216023,-5.700239625683212
4,0.864486016925937,-1.9285171660612541,-2.641648645508985,-2.7930031829871913,-3.506134662434922,-0.7131314794477309
5,0.1522213491763593,3.789405826160834,3.2893094029372243,3.6371844769844746,3.137088053760865,-0.5000964232236096
6,0.030172996905807214,0.7654560235544062,0.5737330463608358,0.735283026648599,0.5435600494550286,-0.19172297719357045
7,0.08430143151775993,2.1008717522144775,0.3540136393723883,2.016570320696718,0.26971220785462835,-1.7468581128420893
8,-1.5550725755237647,-0.9242739034871115,1.4381036245685257,0.6307986720366533,2.9931762000922904,2.362377528055637
9,0.17776061013200986,0.5826721072979452,-0.3843192056680026,0.4049114971659353,-0.5620798158000124,-0.9669913129659478
10,,,,,,
