,distr-focus,own-focus,office-focus,own-distr,office-distr,office-own
0,-0.00984559641412075,-39.775367231917905,-0.6911703095662519,-39.76552163550378,-0.6813247131521312,39.08419692235165
1,0.03829853634596028,-0.49013986440594604,0.040508363181144647,-0.5284384007519063,0.002209826835184364,0.5306482275870907
2,-0.922671473368136,-0.8686900733888203,0.58288161760413,0.05398139997931578,1.505553090972266,1.4515716909929504
3,14.224461998007179,14.723343182953307,14.606151028540937,0.4988811849461303,0.38168903053375847,-0.11719215441237185
4,1.252991897488299,0.3576186426370982,2.6287477270445407,-0.8953732548512009,1.3757558295562418,2.2711290844074425
5,-0.8970952125515645,-1.981930357406678,-0.8678715776518966,-1.0848351448551135,0.02922363489966795,1.1140587797547814
6,2.671188691014581,1.456699170005249,0.5671059187229492,-1.214489521009332,-2.1040827722916315,-0.8895932512822998
7,3.068596673488369,3.2843336084802788,3.816395644239197,0.21573693499190993,0.7477989707508285,0.5320620357589185
8,1.12980125298492,2.0330611898457382,0.9721387086289328,0.9032599368608181,-0.15766254435598726,-1.0609224812168052
9,3.6636102016126855,3.963430654457331,4.318714966586114,0.299820452844645,0.6551047649734282,0.3552843121287832
10,,,,,,
