,distr-focus,own-focus,office-focus,own-distr,office-distr,office-own
0,-1.470822013581294,-0.3325492865023565,-0.2006676669509666,1.1382727270789375,1.2701543466303273,0.13188161955138988
1,0.07945566841318419,-0.3682021079194331,-0.30698785891855973,-0.4476577763326173,-0.3864435273317439,0.061214249000873355
2,-2.077247872143121,-1.7926215766815587,-1.7067570149058777,0.28462629546156226,0.3704908572372433,0.08586456177568103
3,-0.38458657904012794,0.04594740410984288,-0.05157851049658868,0.4305339831499708,0.33300806854353926,-0.09752591460643156
4,-0.26055896327008915,0.1697297975194274,0.0011082365944803385,0.43028876078951656,0.2616671998645695,-0.16862156092494707
5,1.176777525756561,0.12724011656948386,-0.07772944515332914,-1.049537409187077,-1.25450697090989,-0.204969561722813
6,0.36512334678620745,0.7771820174982398,0.9276863511807221,0.4120586707120324,0.5625630043945147,0.15050433368248228
7,0.5465412952181554,0.5353610813717962,0.5772984953192482,-0.011180213846359255,0.03075720010109273,0.041937413947451985
8,-0.07340157059940389,0.3303478672472341,0.036402733128438336,0.40374943784663797,0.10980430372784222,-0.29394513411879575
9,0.5860788451090666,0.929035580578508,0.5865444484527306,0.3429567354694414,0.0004656033436639673,-0.3424911321257774
10,,,,,,
