,distr-focus,own-focus,office-focus,own-distr,office-distr,office-own
0,1.3130763782325006,-0.16514927035340654,-0.6699135462948799,-1.478225648585907,-1.9829899245273803,-0.5047642759414733
1,0.2726208734557376,1.0919723213467067,0.5063017175884343,0.8193514478909693,0.23368084413269674,-0.5856706037582725
2,0.15018870918825528,-0.5603039242922712,-3.722911474493849,-0.7104926334805264,-3.873100183682104,-3.162607550201578
3,-1.2131359501744041,-0.9806125245904219,-1.3852034322629092,0.2325234255839822,-0.17206748208850509,-0.4045909076724873
4,-15.823559163799203,-15.935831084415375,-18.156198811849237,-0.11227192061616997,-2.332639648050031,-2.220367727433861
5,4.0795626515679215,1.9940411214538476,1.7843565962446388,-2.0855215301140735,-2.2952060553232827,-0.20968452520920883
6,-1.0667284795144485,-1.0746190424602997,-1.719937000095748,-0.00789056294585122,-0.6532085205812994,-0.6453179576354482
7,0.3906408018217772,0.2001850510095451,-0.3411452659632991,-0.1904557508122321,-0.7317860677850763,-0.5413303169728442
8,-0.14828202997892748,0.48480619001406505,-0.6095328267785806,0.6330882199929926,-0.4612507967996531,-1.0943390167926457
9,-6.827879807457334,1.4484256411889544,-1.238292105303071,8.276305448646289,5.5895877021542635,-2.6867177464920253
10,,,,,,
