,distr-focus,own-focus,office-focus,own-distr,office-distr,office-own
0,-0.17852254163876152,0.7504455305134786,-0.19318187607511444,0.9289680721522401,-0.014659334436352946,-0.9436274065885931
1,3.529280088351262,1.9790632493633677,3.2716535404143015,-1.550216838987894,-0.2576265479369607,1.2925902910509335
2,-0.5919781963915851,-0.18888807766148286,-0.5538782536622696,0.4030901187301023,0.03809994272931555,-0.36499017600078676
3,1.962683697772107,2.0410913503706727,1.5997888372376092,0.07840765259856594,-0.3628948605344976,-0.44130251313306357
4,0.0814339637419712,0.08304900135249771,0.02280119947404713,0.001615037610526504,-0.058632764267924076,-0.06024780187845058
5,0.6716594804737712,-0.39638016029948486,0.35517482747120666,-1.068039640773256,-0.3164846530025645,0.7515549877706915
6,0.19931360521812114,-0.3255767677528564,-0.6773674588711303,-0.5248903729709775,-0.8766810640892514,-0.3517906911182739
7,0.47832903359627776,1.7243714398899743,1.1022373740831124,1.2460424062936966,0.6239083404868346,-0.6221340658068619
8,-0.009743586755638703,-0.6443249264266723,-0.11773893963062444,-0.6345813396710336,-0.10799535287498574,0.5265859867960478
9,0.3109108094078859,-37.335267818899005,-2.616372669871057,-37.64617862830689,-2.927283479278943,34.718895149027944
10,,,,,,
