,task 1,task 2,task 3,task 4
0,0.0,0.0025,0.0,0.0
1,0.0,0.0,0.0,0.005
2,0.0,0.0,0.0025,0.0
3,0.0,0.0,0.0025,0.0075
4,0.0,0.0033333333333333335,0.0,0.0
5,0.0,0.0,0.0025,0.0025
6,0.0,0.0,0.0,0.0
7,0.0,0.0,0.0,0.0025
8,0.0025,0.0,0.0,0.0025
9,0.00787037037037037,0.0,0.025,0.0
10,,,,
