,focus,distr,own,office
0,0.0025,0.0,0.0,0.0
1,0.0,0.0,0.005,0.0
2,0.0,0.0025,0.0,0.0
3,0.0,0.0025,0.0075,0.0
4,0.0033333333333333335,0.0,0.0,0.0
5,0.0,0.0025,0.0025,0.0
6,0.0,0.0,0.0,0.0
7,0.0,0.0,0.0025,0.0
8,0.0,0.0,0.0025,0.0025
9,0.0,0.025,0.0,0.00787037037037037
10,,,,
