,focus,distr,own,office
0,0.7288226338222215,1.5444740183942478,1.9271171585542906,1.4391202539659589
1,0.7246679568205746,1.048161456017681,1.3187197548139227,1.736920063721875
2,0.12026287857848698,1.1235170542468214,-0.32325380907323464,0.8413972077844141
3,1.1886065411896503,0.9665769831987048,1.5244270854050483,1.087178823850215
4,-7.362338611467232,1.0695351738903882,12.518209294494953,1.0078470414074074
5,0.24243442982423605,1.1060016492831204,1.0650188412570274,1.0218457398084013
6,-1.6397652986111202,-0.8681045602166859,0.8144811601557953,1.7833223201985333
7,0.3504630092853931,2.1296681147607046,2.369245246219353,0.8997209551286134
8,-0.9751264947848308,0.8268610770292206,-3.5675942495842463,0.9264383557186363
9,0.2341923529500109,2.224725778113467,0.6386837115115327,0.5218236612992725
10,,,,
