,focus,distr,own,office
0,0.07845284924650235,-2.980016206411531,1.2963250653012495,1.1455716746593372
1,0.6531800868050301,-12.103632676796403,-0.5780507702649406,-34.32385629172407
2,-0.527680783893032,-3.210212765418323,2.4465680667954977,-0.14126631548309868
3,-0.3537312508602542,6.304951881529918,2.481317546665025,-9.048178935161248
4,22.94305906038114,-4.193980389629781,1.0056914645821997,4.625343705925622
5,-0.002935140988270857,-1.7868511002103613,1.0204966408078275,3.417846923034444
6,0.33383816576535774,3.933308779243485,0.6500782582273421,0.3575859510269431
7,-1.274831353328345,14.493697155119811,0.8155790721282353,-2.1242075195065873
8,0.48109050607227033,1.5065976891643567,1.2289873406889749,0.3331231636225227
9,0.13690576597033718,2.5104038046406014,0.802951043984931,1.1180881852467606
10,,,,
