,focus,distr,own,office
0,-0.0825389745309668,27.273761913636903,1.3516510006748887,0.9343248565227789
1,0.3071116588955405,-85.97107230369676,-18.955742146338668,3.0514287363274577
2,-1.076623177842356,4.296506831860993,2.385604510089302,11.621447149036392
3,-0.6244040286443778,3.477817741589397,1.9513413383543843,0.06874085970185667
4,4.595616008398416,-6.576481947980508,1.213737966349055,0.3377008863353874
5,-0.26261516061760115,0.1384321725584302,1.0992907786718769,1.1361198701074147
6,-0.15678160963713822,1.7006410491308188,0.8238558441818568,0.10035596647076409
7,-1.9098511319776528,5.864162459079186,1.0056600745644575,2.0087895235350444
8,-0.18449570879131916,0.2795799690263224,1.3214221790700074,3.0871270828535278
9,0.02883242726987222,2.345752029528126,0.8769530336384116,0.9697609547353226
10,,,,
