,focus,distr,own,office
0,0.3416511367419993,6.200498878909767,1.174232099459747,0.04530392690897986
1,-4.077567131823744,6.621141995597792,-14.449662745770254,-4.6131163849615415
2,0.13330253115387108,-1.6848955104542531,-0.6119047553216634,-0.61323447977013
3,-0.4378688449554842,-0.1264894640000016,-2.329203223959835,-0.040436631331292716
4,-0.3775350172818832,16.17636757626688,-4730.457679614273,-0.2672760610307804
5,-0.3973565539576098,0.7737020009813368,-0.682149840739948,2.076528821147515
6,0.24938479984277465,1.1171413402207118,-3.330696794038657,1.6357598881254893
7,-1.2373987679934364,-1.0297710041639598,0.3786937537750582,11.507893896948735
8,-8.84077913985781,-1.4249380463192305,-0.6835278832180779,-14.441861833036082
9,-0.31009143895070584,1.3252043850474624,-0.4571438461913439,0.6217352440071849
10,,,,
