,distr-focus,own-focus,office-focus,own-distr,office-distr,office-own
0,-1.9211266892338332,-0.5006320001815703,-0.7781136570513101,1.420494689052263,1.1430130321825231,-0.2774816568697398
1,0.35352945057674856,-0.2807942616020207,-0.4415292496450052,-0.6343237121787693,-0.7950587002217537,-0.16073498804298447
2,0.5605014620179827,0.043035213474103884,-0.14143316745309475,-0.5174662485438788,-0.7019346294710774,-0.18446838092719864
3,-5.875640462046332,0.22051231247418868,0.16938177155028245,6.09615277452052,6.0450222335966135,-0.05113054092390623
4,-0.5139742619055592,0.6320694773892851,0.10063842585476668,1.1460437392948442,0.6146126877603258,-0.5314310515345184
5,0.5439198346126604,0.7847816878388298,0.8321616070719218,0.2408618532261695,0.2882417724592614,0.04737991923309193
6,0.07517136899104859,0.22309840322736763,0.06288277691646538,0.14792703423631903,-0.012288592074583216,-0.16021562631090225
7,0.6511328505313436,1.0336627310037247,0.716225927595552,0.38252988047238107,0.06509307706420836,-0.3174368034081727
8,,,,,,
