,distr-focus,own-focus,office-focus,own-distr,office-distr,office-own
0,2.7535580221926317,2.503223463112012,2.2575068699355785,-0.25033455908061997,-0.4960511522570533,-0.24571659317643335
1,-0.6264153395023958,-0.4442705894248675,-0.5139096592811407,0.18214475007752828,0.11250568022125507,-0.06963906985627322
2,-0.5873071394902178,-0.2051601399336512,-0.28256441906833507,0.3821469995565666,0.3047427204218828,-0.07740427913468384
3,-0.8747067532220718,-1.2950553623715175,-0.13105577148844108,-0.42034860914944583,0.7436509817336306,1.1639995908830765
4,0.2666778456585511,0.6101109930592047,-0.40318058162594383,0.34343314740065356,-0.669858427284495,-1.0132915746851485
5,-2.190676535630078,-1.8710597630328387,-1.0753160171299652,0.3196167725972392,1.1153605185001128,0.7957437459028736
6,0.3155483321003133,0.5064583148373218,0.31990806156592544,0.1909099827370085,0.004359729465612139,-0.18655025327139635
7,1.0619893557983417,5.25788866227259,0.5853878958497822,4.1958993064742485,-0.4766014599485595,-4.672500766422808
8,,,,,,
