,distr-focus,own-focus,office-focus,own-distr,office-distr,office-own
0,-0.05972133970769355,0.5650513335466443,0.3668477564987791,0.6247726732543378,0.42656909620647265,-0.19820357704786518
1,0.31715389405362165,0.7208370763184331,0.447505174614421,0.4036831822648114,0.13035128056079937,-0.27333190170401206
2,-0.34659574467955306,0.17945525953491842,0.20971496325409344,0.5260510042144715,0.5563107079336465,0.030259703719175024
3,-10.663777855383145,0.0763490739442983,0.1252114913018978,10.740126929327444,10.788989346685042,0.0488624173575995
4,-0.6834086757463548,-0.3651238604722715,-0.23900518802788245,0.3182848152740833,0.4444034877184724,0.12611867244438907
5,-0.30143688806135127,0.19948714085855387,0.07652653643426541,0.5009240289199052,0.37796342449561665,-0.12296060442428847
6,0.2097710523281726,-0.15014646357576134,0.02023437673223194,-0.35991751590393395,-0.18953667559594067,0.17038084030799328
7,-7.76288252185111,-7.264955332716274,-7.0392983976535906,0.4979271891348365,0.7235841241975196,0.22565693506268314
8,,,,,,
