,distr-focus,own-focus,office-focus,own-distr,office-distr,office-own
0,0.6243075751006527,-0.5982959883632712,-0.12508578955034566,-1.2226035634639238,-0.7493933646509984,0.4732101988129256
1,1.442191543178894,-1.1933044825910444,0.023126650705604268,-2.635496025769939,-1.41906489247329,1.2164311332966489
2,1.8334398234112914,-1.5831603783537052,0.1304470344231864,-3.4166002017649966,-1.702992788988105,1.7136074127768917
3,1.667980948819745,0.3711302166773972,2.3867755732270646,-1.2968507321423477,0.7187946244073196,2.0156453565496673
4,2.429055240485617,1.3678278403895283,1.8300114222852053,-1.0612274000960884,-0.5990438182004117,0.46218358189567676
5,1.2182746750914348,0.044622219159815346,0.6153796001135233,-1.1736524559316195,-0.6028950749779115,0.570757380953708
6,1.3970774217769388,0.16844192297346688,0.8581067654636731,-1.228635498803472,-0.5389706563132657,0.6896648424902062
7,1.7335999372921678,0.154160247433156,0.2788836955849773,-1.579439689859012,-1.4547162417071906,0.12472344815182124
8,,,,,,
