,distr-focus,own-focus,office-focus,own-distr,office-distr,office-own
0,-0.08376805112547407,0.15339241144522137,0.4595773149750596,0.23716046257069542,0.5433453661005336,0.3061849035298383
1,0.020317078344325213,0.25999315736974743,0.2198684181245833,0.23967607902542223,0.19955133978025807,-0.04012473924516416
2,-0.048977383554571374,0.25948082677269596,-0.027411609656964306,0.30845821032726733,0.02156577389760707,-0.2868924364296603
3,0.026200238322569125,0.09403309116099234,-0.13549453127442543,0.06783285283842322,-0.16169476959699455,-0.22952762243541777
4,-0.26948292805661633,0.8450305052313006,-0.06894152634910544,1.114513433287917,0.2005414017075109,-0.9139720315804061
5,0.28047756283287195,0.6016131897890495,0.346028975101552,0.3211356269561776,0.06555141226868008,-0.25558421468749754
6,0.013562170049726385,0.8721968930802432,-0.05411286010418144,0.8586347230305168,-0.06767503015390783,-0.9263097531844247
7,-0.5990937342903618,-0.30212662088270215,-0.44742081290898594,0.29696711340765974,0.15167292138137595,-0.1452941920262838
8,,,,,,
