,distr-focus,own-focus,office-focus,own-distr,office-distr,office-own
0,1.1664148362108056,1.6580538606459387,1.4071392676294239,0.4916390244351332,0.24072443141861855,-0.25091459301651464
1,3.9913045724689047,8.937182194461897,5.418906365987728,4.945877621992993,1.4276017935188232,-3.5182758284741698
2,0.03816968459130532,-0.041566889773410054,-0.02043490939139314,-0.07973657436471537,-0.05860459398269846,0.021131980382016913
3,0.6182467043881895,-1.7591772381595576,0.6848112291279594,-2.377423942547747,0.06656452473976993,2.443988467287517
4,1.2787635432617435,1.1039824662773305,1.2806808607367428,-0.17478107698441292,0.0019173174749993471,0.17669839445941227
5,5.615349928430092,-9.814144459727633,6.912944793647833,-15.429494388157725,1.2975948652177416,16.727089253375468
6,1.2957749709684465,0.6704603342495525,1.882395846725916,-0.6253146367188939,0.5866208757574696,1.2119355124763636
7,1.5470826135378835,1.2174155221128082,1.0801286764146643,-0.3296670914250752,-0.4669539371232193,-0.1372868456981441
8,,,,,,
