,distr-focus,own-focus,office-focus,own-distr,office-distr,office-own
0,1.1538374632305541,1.8496176514964442,0.1470727353230349,0.6957801882658898,-1.0067647279075194,-1.7025449161734092
1,2.1820056362684825,2.7559676666766686,0.23371342487948232,0.5739620304081863,-1.948292211389,-2.522254241797186
2,2.640999668542377,-0.297595250677844,-0.30295164261886376,-2.938594919220221,-2.943951311161241,-0.005356391941019778
3,0.21169884378179915,-2.053568643220136,0.32609809179278504,-2.2652674870019354,0.11439924801098589,2.379666735012921
4,-12.257558620754251,-53.961882956084224,-0.5709194036588745,-41.70432433532997,11.686639217095376,53.390963552425355
5,-0.847029456382914,-2.565244658125065,0.070993411508802,-1.7182152017421508,0.918022867891716,2.636238069633867
6,-0.8136753242330317,-10.66130499072776,-2.1826488678217495,-9.84762966649473,-1.3689735435887178,8.478656122906012
7,-0.8342467533337206,0.055943669362193305,-1.9698781425203564,0.8901904226959139,-1.1356313891866359,-2.0258218118825497
8,,,,,,
