,distr-focus,own-focus,office-focus,own-distr,office-distr,office-own
0,3.408428113614961,4.900281181960876,4.891779797365281,1.4918530683459155,1.4833516837503202,-0.00850138459559524
1,-0.2902942846801271,-0.7603491892717584,-0.7498193865151627,-0.47005490459163135,-0.4595251018350356,0.010529802756595763
2,0.06492447083024422,0.025970402648523128,-0.06930449247989434,-0.03895406818172109,-0.13422896331013856,-0.09527489512841747
3,-1.6924439728009906,0.07641508059401103,-0.034326332754127,1.7688590533950017,1.6581176400468636,-0.11074141334813803
4,0.9589577520103871,0.9948161553919694,0.07494561068278194,0.035858403381582304,-0.8840121413276052,-0.9198705447091875
5,0.2746944678871581,0.8976038477598907,1.18902666865176,0.6229093798727325,0.914332200764602,0.29142282089186944
6,-0.44209420605296007,0.1198524154049525,0.027953237187395286,0.5619466214579125,0.47004744324035536,-0.09189917821755722
7,0.4153116345906285,0.8963732123056434,0.5777278492125768,0.48106157771501495,0.16241621462194827,-0.3186453630930667
8,,,,,,
