,distr-focus,own-focus,office-focus,own-distr,office-distr,office-own
0,0.5130923091693342,0.215430224216047,0.17009318925848138,-0.2976620849532873,-0.34299911991085286,-0.04533703495756561
1,0.6588158414174021,0.14811913801166704,0.23986871210445304,-0.510696703405735,-0.4189471293129491,0.09174957409278597
2,0.19124543606137323,0.18847647877809742,0.31025514122819625,-0.002768957283275808,0.11900970516682302,0.12177866245009883
3,0.25248231866623266,0.11304981983375478,0.2497016237566037,-0.13943249883247788,-0.0027806949096289557,0.13665180392284892
4,0.3634058965809368,0.1916728091884114,0.24012182943458482,-0.1717330873925254,-0.12328406714635198,0.048449020246173424
5,0.44905098367495255,-0.021533353977938596,0.04540289268187292,-0.47058433765289115,-0.40364809099307963,0.06693624665981152
6,0.3113614388925582,0.2635290482036202,0.193400495409014,-0.047832390688937965,-0.11796094348354419,-0.07012855279460622
7,0.4472839471949162,0.18848353964443293,0.3389554868367766,-0.2588004075504833,-0.10832846035813959,0.1504719471923437
8,,,,,,
