,distracting minus focus increasing,own choice minus focus increasing,background noise minus focus increasing,own choice minus distracting,background noise minus distracting,background noise minus own choice
0,-0.0021680509954532523,0.23033584755559894,0.08354319251724815,0.2325038985510522,0.0857112435127014,-0.14679265503835076
1,0.02869691638061156,-0.49846864960830856,0.11547690791305062,-0.5271655659889201,0.08677999153243907,0.6139455575213592
2,0.011857708471334272,0.09380443062401136,-0.06114273196841388,0.08194672215267709,-0.07300044043974815,-0.15494716259242525
3,0.07007356376628163,-0.09029655857061214,-0.0806991774839727,-0.16037012233689377,-0.15077274125025433,0.009597381086639434
4,0.10922438173378456,-0.8155662687828784,-0.2533295140320651,-0.9247906505166629,-0.3625538957658497,0.5622367547508133
5,0.13786581872784032,-0.6880341903446816,-0.009554664059178986,-0.8259000090725219,-0.1474204827870193,0.6784795262855026
6,2.9346727829778185,3.0789835797645613,2.8027252989277343,0.14431079678674294,-0.13194748405008433,-0.2762582808368273
7,1.0691035388388188,0.8789912752300562,0.9676785404725669,-0.19011226360876265,-0.10142499836625193,0.08868726524251072
8,,,,,,
