,distr-focus,own-focus,office-focus,own-distr,office-distr,office-own
0,-0.13926279285431153,-0.20194934183692662,-0.07021310166147382,-0.06268654898261508,0.06904969119283771,0.1317362401754528
1,-0.26335681906155767,-0.3132751563909266,-0.23757216548857588,-0.049918337329368984,0.02578465357298179,0.07570299090235078
2,0.027140017529093785,-0.019105098936405662,-0.03704867605299372,-0.04624511646549945,-0.06418869358208751,-0.01794357711658806
3,-0.02510144460399477,-0.09840982594586356,-0.030460289893399606,-0.07330838134186879,-0.005358845289404834,0.06794953605246395
4,0.03802002143215094,-0.052735738384829756,-0.018988061722207766,-0.0907557598169807,-0.05700808315435871,0.03374767666262199
5,0.17365666655334616,0.13354796428981042,0.3185238244774507,-0.040108702263535745,0.14486715792410454,0.18497586018764028
6,-0.006744428533560554,0.07986723163025139,0.2589733997376883,0.08661166016381194,0.26571782827124885,0.1791061681074369
7,-0.024542838356390317,0.10003526111741651,0.3107476805444244,0.12457809947380682,0.33529051890081474,0.2107124194270079
8,,,,,,
