,distr-focus,own-focus,office-focus,own-distr,office-distr,office-own
0,-0.10102741089291578,-0.24248310565958975,-0.29849414803401386,-0.14145569476667397,-0.19746673714109808,-0.056011042374424114
1,-0.08652754141279717,-0.109306564378714,-0.3397419675562944,-0.02277902296591683,-0.2532144261434972,-0.23043540317758038
2,-0.006485203124505845,0.042527105095484186,-0.4385476866304736,0.04901230821999003,-0.43206248350596776,-0.4810747917259578
3,-0.11043290612426782,0.17621884549681588,-0.20077680354955463,0.2866517516210837,-0.09034389742528681,-0.3769956490463705
4,-0.20526345427222792,-0.15921547629397725,-0.3684601200694719,0.046047977978250665,-0.16319666579724396,-0.20924464377549462
5,-0.16632526366945427,0.03701041130552074,-0.39671768754494685,0.203335674974975,-0.23039242387549258,-0.4337280988504676
6,-0.20026379938975042,0.012939962022944895,-0.21230116083884337,0.21320376141269531,-0.012037361449092954,-0.22524112286178827
7,-0.2149788185563392,0.036604829574317765,0.016341926331975287,0.251583648130657,0.2313207448883145,-0.020262903242342478
8,,,,,,
