,distr-focus,own-focus,office-focus,own-distr,office-distr,office-own
0,0.011742562234365442,-0.013298117789921071,0.004282938676381243,-0.025040680024286513,-0.007459623557984199,0.017581056466302314
1,-0.02455373406193085,-0.019890710382513645,0.0041347905282330885,0.004663023679417205,0.02868852459016394,0.024025500910746733
2,-0.011887067395264198,-0.004335154826958107,-0.0005318761384335707,0.007551912568306091,0.011355191256830627,0.003803278688524536
3,-0.007442622950819738,0.017887067395264133,0.012357012750455323,0.025329690346083872,0.019799635701275062,-0.00553005464480881
4,-0.027887067395264177,-0.026779599271402534,0.007912568306010878,0.0011074681238616435,0.035799635701275055,0.03469216757741341
5,0.0037795992714024784,-0.015446265938069213,-0.019642987249544684,-0.01922586520947169,-0.023422586520947163,-0.004196721311475471
6,-0.03810928961748641,0.014553734061930793,-0.020754098360655802,0.0526630236794172,0.017355191256830604,-0.035307832422586595
7,0.014294002563583545,0.03645702624300075,-0.016647102475882143,0.0221630236794172,-0.030941105039465688,-0.053104128718882884
8,,,,,,
