,distracting minus focus increasing,own choice minus focus increasing,background noise minus focus increasing,own choice minus distracting,background noise minus distracting,background noise minus own choice
0,0.02505646630236795,0.020612021857923497,0.027834244080145717,-0.004444444444444452,0.002777777777777768,0.00722222222222222
1,-0.008276867030965397,0.009500910746812384,0.017945355191256826,0.01777777777777778,0.026222222222222223,0.008444444444444442
2,0.013945355191256836,-0.004721311475409836,0.029723132969034612,-0.01866666666666667,0.015777777777777776,0.03444444444444445
3,0.007278688524590168,0.02216757741347905,0.044389799635701284,0.014888888888888882,0.037111111111111116,0.022222222222222233
4,0.01927868852459017,-0.002943533697632058,0.029500910746812384,-0.022222222222222227,0.010222222222222216,0.03244444444444444
5,0.02350091074681239,0.04327868852459018,0.037500910746812395,0.01977777777777779,0.014000000000000005,-0.0057777777777777845
6,0.023056466302367955,0.02927868852459016,0.009278688524590172,0.006222222222222209,-0.013777777777777781,-0.01999999999999999
7,0.028278688524590166,0.029760170006071653,0.0032786885245901665,0.0014814814814814864,-0.025,-0.026481481481481488
8,,,,,,
