,distr-focus,own-focus,office-focus,own-distr,office-distr,office-own
0,-0.14616641016658316,-0.168436994318521,-2.574632106928406,-0.022270584151937833,-2.428465696761823,-2.4061951126098853
1,0.12196232593955147,0.2027299839144493,0.008914908302322333,0.08076765797489782,-0.11304741763722914,-0.19381507561212696
2,-0.07035446816515778,-0.02248276387848136,-0.4332804661675612,0.04787170428667642,-0.36292599800240344,-0.41079770228907986
3,-0.1273999121632381,-0.07814916672767824,-0.8155784917819473,0.04925074543555985,-0.6881785796187092,-0.7374293250542692
4,-0.07505463977638938,-0.10366892452515952,-0.7683451312568366,-0.028614284748770147,-0.6932904914804472,-0.664676206731677
5,-0.14307491422932828,-0.12564964104482146,-0.5782990583064787,0.017425273184506818,-0.4352241440771503,-0.45264941726165714
6,-0.1235439981455384,-0.24164316122913188,-0.7614024014822007,-0.11809916308359347,-0.6378584033366623,-0.5197592402530689
7,0.10409407475177612,-0.21056101352826817,-0.5078847809579399,-0.3146550882800443,-0.611978855709716,-0.2973237674296717
8,,,,,,
