,distr-focus,own-focus,office-focus,own-distr,office-distr,office-own
0,-0.1280157930635485,0.3057041755445562,-0.23607397186735835,0.4337199686081047,-0.10805817880380986,-0.5417781474119145
1,0.7144309415594666,0.2645416178927895,1.4038614980534279,-0.4498893236666771,0.6894305564939613,1.1393198801606386
2,1.6686694867748284,2.0785466533452697,0.845523579144114,0.40987716657044104,-0.8231459076307145,-1.2330230742011556
3,0.17813747866409801,0.39032096725830806,0.12932316531240262,0.21218348859421005,-0.04881431335169539,-0.26099780194590544
4,1.053343951504312,-0.23705678920406123,-0.004152759842195819,-1.290400740708373,-1.0574967113465077,0.2329040293618654
5,-0.705486884413081,-0.030006129168666518,-0.48221548645382256,0.6754807552444146,0.22327139795925852,-0.45220935728515604
6,-0.18212058787641422,0.2805405981225118,0.24673867130911736,0.46266118599892603,0.4288592591855316,-0.033801926813394445
7,0.2870384101301151,-19.611190688874295,-0.27826623841776865,-19.89822909900441,-0.5653046485478838,19.332924450456527
8,,,,,,
