,distr-focus,own-focus,office-focus,own-distr,office-distr,office-own
0,1.0876975747740685,3.399686210037103,-18.221645076745602,2.3119886352630346,-19.30934265151967,-21.621331286782706
1,-3.1801944313145576,-3.6499428648384424,-0.3436074071109785,-0.46974843352388507,2.836587024203579,3.3063354577274637
2,2.5368841333498016,3.1767207456334026,-1.3099726665350802,0.639836612283601,-3.8468567998848817,-4.486693412168483
3,-9.344455705724808,-9.660361878037337,-12.287872358668086,-0.3159061723125278,-2.9434166529432764,-2.6275104806307485
4,2.9992997603122884,1.6089653723224997,45.26711522108471,-1.3903343879897885,42.26781546077242,43.65814984876221
5,-1.7461365484021176,-1.4393983464930566,1.7953741680518007,0.3067382019090611,3.541510716453918,3.2347725145448574
6,-16.78609135839157,-1.0416494383895434,-2.604757189340755,15.744441920002028,14.181334169050816,-1.5631077509512115
7,-11.038644312552742,-0.2438105911337678,-0.7798130740278733,10.794833721418975,10.25883123852487,-0.5360024828941055
8,,,,,,
