,distr-focus,own-focus,office-focus,own-distr,office-distr,office-own
0,0.03452714345768182,0.03926726911745437,-0.24401250057771573,0.004740125659772554,-0.27853964403539755,-0.2832797696951701
1,-0.08590954973399256,-0.004608217874190412,-0.12111636132616144,0.08130133185980215,-0.035206811592168874,-0.11650814345197102
2,0.09459315499950982,0.051611940884142116,0.14483346794391316,-0.042981214115367705,0.05024031294440334,0.09322152705977105
3,-0.07729818017652845,-0.08682852947845354,0.10265416812101913,-0.00953034930192509,0.17995234829754758,0.18948269759947267
4,-0.08492699311241847,-0.08788590384910577,-0.46033314839283085,-0.0029589107366873035,-0.3754061552804124,-0.3724472445437251
5,-0.24624045562778918,-0.15874803797237658,-0.19178044879064787,0.0874924176554126,0.054460006837141306,-0.033032410818271296
6,-0.37238938624478907,-0.074754632064441,-0.2937109339112551,0.29763475418034807,0.07867845233353399,-0.21895630184681408
7,-0.2453171236304562,0.030102117413833618,-0.21672105793660001,0.27541924104428983,0.0285960656938562,-0.24682317535043363
8,,,,,,
