,distr-focus,own-focus,office-focus,own-distr,office-distr,office-own
0,-1.1427542372036084,-0.5059731683141531,-0.9094412920906862,0.6367810688894552,0.233312945112922,-0.4034681237765332
1,-0.8071802364499414,0.022855179338839404,-0.15887115279003683,0.8300354157887808,0.6483090836599046,-0.18172633212887623
2,-0.21225958463945305,-0.20828314302365236,-0.19690292557934763,0.0039764416158006854,0.015356659060105415,0.01138021744430473
3,-0.8220621634747228,-0.36114957621202826,-1.0503283371909804,0.4609125872626946,-0.22826617371625757,-0.6891787609789521
4,-0.28956804748494636,0.08042502672618868,-0.22705702644235626,0.36999307421113503,0.0625110210425901,-0.30748205316854493
5,-0.24653696974621786,0.3012716163335334,0.0016143614379627858,0.5478085860797512,0.24815133118418065,-0.2996572548955706
6,-0.4645503708923415,-0.33665452411156316,-0.14673281553293827,0.12789584678077837,0.31781755535940326,0.1899217085786249
7,-0.14386721194607777,-0.13581040348925244,0.10708197510437056,0.008056808456825326,0.25094918705044833,0.242892378593623
8,,,,,,
