,distr-focus,own-focus,office-focus,own-distr,office-distr,office-own
0,-1.389842164201929,3.0631568285826796,-2.229691603642554,4.452998992784608,-0.8398494394406248,-5.292848432225234
1,10.787721692734126,1.4708390444805604,-1.084166049017788,-9.316882648253566,-11.871887741751914,-2.555005093498348
2,-1.7146732797761375,0.4407674218440266,-1.243946641272461,2.155440701620164,0.4707266385036766,-1.6847140631164874
3,-1.9307551958347016,-0.9159992322175466,-0.6914800166958295,1.014755963617155,1.239275179138872,0.22451921552171716
4,-0.07313927969014233,0.6422677752583728,-0.7632336086172113,0.7154070549485152,-0.690094328927069,-1.405501383875584
5,30.70718977912723,8.63847216648923,-0.5225283005769709,-22.068717612638,-31.229718079704202,-9.161000467066202
6,-0.40380922997766,-6.276508421744961,-0.2410743047708036,-5.8726991917673015,0.1627349252068564,6.035434116974157
7,0.8053618943704018,2.466639184127036,-0.34976984962134905,1.661277289756634,-1.1551317439917508,-2.8164090337483847
8,,,,,,
