,distr-focus,own-focus,office-focus,own-distr,office-distr,office-own
0,1.2050371785946228,1.087338820534842,1.128954572849167,-0.11769835805978085,-0.07608260574545583,0.041615752314325016
1,1.9411153366649212,0.28432195399521243,0.22906833835862667,-1.6567933826697088,-1.7120469983062947,-0.05525361563658576
2,1.5422030575475718,1.3026153942007235,1.4500933636059672,-0.23958766334684825,-0.09210969394160462,0.14747796940524363
3,0.5470056375323511,0.2761503900382027,0.38206980109560595,-0.27085524749414835,-0.1649358364367451,0.10591941105740327
4,0.32639112501341067,0.2362340769312012,0.23440041940932999,-0.09015704808220948,-0.09199070560408068,-0.0018336575218712015
5,-0.5755755706463002,-0.9388962349960461,-0.7511232677852374,-0.363320664349746,-0.17554769713893725,0.18777296721080877
6,1.8696999218990837,1.7529584458902376,1.774218200381899,-0.11674147600884621,-0.09548172151718481,0.021259754491661398
7,0.42102208704774136,0.24304475284270619,0.3726293825743917,-0.1779773342050352,-0.048392704473349646,0.12958462973168555
8,,,,,,
