,distr-focus,own-focus,office-focus,own-distr,office-distr,office-own
0,0.016706906328162907,0.1588324325942293,0.32543078138621645,0.1421255262660664,0.30872387505805354,0.16659834879198715
1,0.777642406212277,0.664729877048756,0.44270233756152605,-0.11291252916352101,-0.33494006865075093,-0.22202753948722992
2,-0.6800304977356364,-0.2263558988745116,-0.888330519319138,0.4536745988611248,-0.20830002158350158,-0.6619746204446264
3,-0.020494459578958086,0.4025901624914608,0.0807406013321976,0.4230846220704189,0.10123506091115568,-0.3218495611592632
4,0.4340641941690002,0.5251962873662347,0.6696665746907284,0.09113209319723452,0.23560238052172827,0.14447028732449377
5,0.09770923781665239,0.7475893854409655,0.027424292296047675,0.6498801476243131,-0.07028494552060471,-0.7201650931449178
6,0.02306497495620001,0.8767039727577149,0.0012595447486790229,0.853638997801515,-0.021805430207520987,-0.875444428009036
7,-0.5758476395772818,-0.3292545985279781,-0.4863300593802969,0.24659304104930369,0.0895175801969849,-0.15707546085231877
8,,,,,,
