,distr-focus,own-focus,office-focus,own-distr,office-distr,office-own
0,0.02157862780813602,-0.004099574984820872,0.013208257437765637,-0.025678202792956892,-0.008370370370370382,0.01730783242258651
1,-0.014717668488160286,-0.010692167577413488,0.01306010928961749,0.004025500910746799,0.027777777777777776,0.023752276867030978
2,-0.002051001821493613,0.004863387978142085,0.008393442622950838,0.006914389799635698,0.01044444444444445,0.0035300546448087528
3,0.0023934426229508324,0.027085610200364298,0.021282331511839718,0.024692167577413465,0.018888888888888886,-0.00580327868852458
4,-0.018051001821493627,-0.01758105646630237,0.016837887067395266,0.00046994535519125774,0.03488888888888889,0.034418943533697635
5,0.013615664845173056,-0.006247723132969049,-0.010717668488160276,-0.019863387978142105,-0.024333333333333332,-0.004469945355191227
6,-0.028273224043715836,0.023752276867030978,-0.011828779599271394,0.052025500910746814,0.016444444444444442,-0.03558105646630237
7,0.024130068137354105,0.04565556904810089,-0.007721783714497735,0.021525500910746787,-0.03185185185185184,-0.053377352762598626
8,,,,,,
