,distr-focus,own-focus,office-focus,own-distr,office-distr,office-own
0,23.137982620736103,1.3660401529962771,0.9456221837905359,-21.771942467739827,-22.19236043694557,-0.42041796920574126
1,-69.57611513409549,-14.746732289403585,11.184105759149144,54.8293828446919,80.76022089324464,25.93083804855273
2,4.784122905410308,3.33285009706469,1.4501681664169912,-1.4512728083456174,-3.3339547389933166,-1.8826819306476992
3,-6.840893792743895,-2.090213014375215,-3.2643113080385766,4.750680778368679,3.576582484705318,-1.1740982936633615
4,0.20110275593234872,0.5308996831473524,0.4465898941108112,0.32979692721500364,0.24548713817846246,-0.08430978903654118
5,5.201282375235286,2.2263288319313395,1.8660599936881557,-2.974953543303947,-3.3352223815471302,-0.3602688382431836
6,3.3348689133527394,2.591809770501479,2.825159754548877,-0.7430591428512603,-0.5097091588038625,0.23334998404739782
7,0.7560063597638903,0.5794095642576634,5.318212265844041,-0.17659679550622687,4.562205906080151,4.738802701586378
8,,,,,,
