,distr-focus,own-focus,office-focus,own-distr,office-distr,office-own
0,7.06908789548581,8.017448443658976,7.276378280283112,0.9483605481731673,0.2072903847973021,-0.7410701633758652
1,8.717096412840563,9.043975214976047,9.058382225909842,0.32687880213548515,0.3412858130692783,0.014407010933793152
2,-3.2863192512607737,-1.0349293265385695,-3.21274854863763,2.2513899247222042,0.07357070262314414,-2.1778192220990604
3,-5.922266805222489,-5.294117239236464,-5.904378315734548,0.6281495659860246,0.017888489487941195,-0.6102610764980834
4,-0.5963710371157388,-0.502673839906095,-0.6025076891755867,0.09369719720964376,-0.006136652059847925,-0.09983384926949168
5,-0.7769018809621892,-0.24397096855894107,-2.0151815439626457,0.5329309124032481,-1.2382796630004567,-1.7712105754037049
6,2.4557577085872992,2.6298656531583857,2.6669155518764445,0.17410794457108658,0.2111578432891451,0.03704989871805853
7,-0.16676501185484915,-0.015362334900188679,0.03198965751813332,0.15140267695466048,0.19875466937298247,0.047351992418322
8,,,,,,
