,distr-focus,own-focus,office-focus,own-distr,office-distr,office-own
0,1.8610501286306125,2.8360550318262785,8.259677235410242,0.9750049031956662,6.398627106779631,5.423622203583964
1,-0.5028219830046985,1.7166601849636827,15.086489321750973,2.219482167968381,15.58931130475567,13.36982913678729
2,23.494441120295598,2.3142396059325825,0.46702886988495407,-21.180201514363013,-23.02741225041064,-1.8472107360476284
3,-3.8149220928451064,0.6543888112279361,0.2558169327289743,4.469310904073042,4.070739025574081,-0.3985718784989618
4,-3.13945366941637,0.7638077586960212,2.5478037561719376,3.9032614281123914,5.687257425588308,1.7839959974759165
5,8.022693479078233,5.644860326199666,5.395673015580201,-2.3778331528785674,-2.6270204634980323,-0.2491873106194652
6,13.984855607016357,11.033689076941979,44.576005558082,-2.9511665300743783,30.591149951065642,33.54231648114002
7,2.1178818401440727,1.1252682901470141,5.830296240012,-0.9926135499970585,3.7124143998679275,4.705027949864986
8,,,,,,
