,distr-focus,own-focus,office-focus,own-distr,office-distr,office-own
0,-0.6127868989266647,-0.6355389711980205,-0.3310519493053534,-0.02275207227135577,0.28173494962131124,0.304487021892667
1,0.04556234765345171,-1.2475476540632155,1.4669873422402318,-1.2931100017166672,1.42142499458678,2.7145349963034473
2,-0.37734410207333363,-0.32632277396092596,-0.19105413040939506,0.05102132811240767,0.18628997166393857,0.1352686435515309
3,0.7993916391792316,0.8029375590306793,0.9471548915825064,0.0035459198514476986,0.14776325240327484,0.14421733255182714
4,-0.7986484919984032,-0.7280205341357032,-0.6442780099395585,0.07062795786269996,0.15437048205884463,0.08374252419614467
5,-1.9780324297285312,-1.8418665981856497,-1.391371357975758,0.13616583154288153,0.5866610717527732,0.4504952402098916
6,136.52756737652928,136.4079429986339,136.71715609171272,-0.11962437789538168,0.18958871518343706,0.3092130930788187
7,2.7811370989951683,1.187113499830691,0.7249933508830491,-1.5940235991644776,-2.0561437481121194,-0.46212014894764175
8,,,,,,
