,distr-focus,own-focus,office-focus,own-distr,office-distr,office-own
0,-4.037242807585018,-0.06495527334379614,-6.716184041894022,3.9722875342412225,-2.6789412343090033,-6.651228768550226
1,-8.429002844066595,0.9225336214667381,2.5179932429509977,9.351536465533332,10.946996087017592,1.5954596214842596
2,-4.527124692988129,-3.093216084380993,1.9088135787887177,1.433908608607136,6.4359382717768465,5.0020296631697105
3,-48.292175844528074,-61.06539677149338,-57.8776598417447,-12.773220926965308,-9.585483997216624,3.187736929748684
4,1.1241096971635356,3.476912867935011,3.6715363952765063,2.3528031707714754,2.5474266981129707,0.19462352734149535
5,-0.2447035619165625,-1.7301435890920187,1.3587659105787364,-1.4854400271754562,1.603469472495299,3.088909499670755
6,-2.5525387231956795,0.4695007932449722,-0.8629312971583034,3.0220395164406515,1.6896074260373761,-1.3324320904032756
7,0.8636748860922716,1.2998639849645293,-2.0481609763265034,0.43618909887225754,-2.911835862418775,-3.348024961291032
8,,,,,,
