,distr-focus,own-focus,office-focus,own-distr,office-distr,office-own
0,0.056218056610408185,0.27839411432204786,0.10176349200513385,0.22217605771163965,0.045545435394725664,-0.17663062231691398
1,0.046366323928851955,-0.21598961279620454,0.073924601483222,-0.2623559367250565,0.027558277554370042,0.28991421427942654
2,-0.053254866172758014,0.040784393795772575,-0.23226256796251893,0.09403925996853059,-0.17900770178976091,-0.2730469617582915
3,0.07558685435702665,-0.062497035747845625,-0.056767925152855725,-0.13808389010487226,-0.1323547795098824,0.0057291105949899
4,0.08391724370394349,-0.6222238276635877,-0.23736953189674978,-0.7061410713675312,-0.3212867756006933,0.384854295766838
5,0.10757440029620652,-1.0249540710686165,-0.11512045272088817,-1.1325284713648232,-0.22269485301709468,0.9098336183477285
6,1.204737384680187,15.187583805871132,0.9875956493522263,13.982846421190944,-0.21714173532796058,-14.199988156518904
7,1.1152245933400555,1.2421835737689226,0.9866879925263641,0.12695898042886694,-0.12853660081369153,-0.2554955812425585
8,,,,,,
