,distr-focus,own-focus,office-focus,own-distr,office-distr,office-own
0,-0.04342144016241567,0.09956962773549083,-1.8123105225168423,0.1429910678979065,-1.7688890823544268,-1.9118801502523333
1,0.07121998609848856,0.44212674288078824,-0.13555392589983617,0.3709067567822997,-0.20677391199832473,-0.5776806687806244
2,-0.045707833447833135,0.10303177701720967,-0.5133676694142624,0.1487396104650428,-0.46765983596642924,-0.616399446431472
3,-0.08597496328404419,0.036655187993830274,-0.8017488663943833,0.12263015127787447,-0.7157739031103391,-0.8384040543882135
4,-0.07616448803164666,0.09252992451433506,-0.6881511435481069,0.16869441254598172,-0.6119866555164604,-0.7806810680624421
5,-0.09580091531147228,-0.0072766448077015156,-0.47731397806214904,0.08852427050377076,-0.38151306275067676,-0.4700373332544475
6,-0.09695869004648727,-0.147669798581744,-0.6736699012310039,-0.05071110853525673,-0.5767112111845165,-0.5260001026492598
7,0.08839255766434706,-0.1364532777305545,-0.5171735107446545,-0.22484583539490155,-0.6055660684090016,-0.3807202330141
8,,,,,,
