,distr-focus,own-focus,office-focus,own-distr,office-distr,office-own
0,-0.17028746085592109,0.16373888545166904,0.2556195959209434,0.3340263463075901,0.42590705677686447,0.09188071046927437
1,0.9896663247213797,1.339632705649243,1.2064432616216225,0.34996638092786314,0.21677693690024272,-0.1331894440276204
2,1.5748896271296908,2.0367896945051474,1.6832762505477592,0.4619000673754565,0.10838662341806823,-0.3535134439573883
3,0.12678020680078203,1.126934165532394,0.5292534104103055,1.000153958731612,0.40247320360952354,-0.5976807551220884
4,2.4626003055405965,1.0337424218898805,2.5489781670468648,-1.428857883650716,0.08637786150626833,1.5152357451569842
5,1.0507238581412723,0.9850068854209765,0.4048589375705775,-0.06571697272029597,-0.645864920570695,-0.580147947850399
6,-0.1978203196691932,0.9810975490653921,0.27713500493519355,1.1789178687345854,0.4749553246043867,-0.7039625441301987
7,-0.6535077139876322,-0.38331625346287923,-0.5936261985865392,0.27019146052475296,0.05988151540109303,-0.2103099451236599
8,,,,,,
