,distr-focus,own-focus,office-focus,own-distr,office-distr,office-own
0,0.8711209332305913,2.017227785334777,1.078249034995155,1.1461068521041857,0.20712810176456387,-0.9389787503396219
1,0.8424493140177739,1.345604012074077,1.2440580633011735,0.5031546980563033,0.4016087492833996,-0.10154594877290368
2,-0.6774518634158626,1.0204838791629598,-0.4510560089055995,1.6979357425788224,0.22639585451026312,-1.4715398880685593
3,-4.657512337658587,-3.734235753715637,-4.479398518767638,0.9232765839429498,0.17811381889094857,-0.7451627650520012
4,-0.7401910731538015,-0.4269044410200369,-0.6048514434833878,0.3132866321337646,0.13533962967041369,-0.17794700246335093
5,-0.5574937562558594,0.04472812474841237,0.45248842647228726,0.6022218810042718,1.0099821827281468,0.4077603017238749
6,0.2735456194169127,0.5493566033805892,0.4912988922813194,0.27581098396367654,0.2177532728644067,-0.058057711099269826
7,-0.26811538127182644,-0.058121660296078126,-0.18487304802949656,0.2099937209757483,0.08324233324232988,-0.12675138773341843
8,,,,,,
