,distr-focus,own-focus,office-focus,own-distr,office-distr,office-own
0,-0.6344706389622976,-3.504006417678788,-1.8733867745351462,-2.8695357787164903,-1.2389161355728486,1.630619643143642
1,1.6189211858640011,-0.6237259177954393,0.0908902737408217,-2.2426471036594404,-1.5280309121231794,0.714616191536261
2,4.080878877815477,-1.2400312041851103,0.3020730162839589,-5.320910082000587,-3.7788058615315188,1.542104220469069
3,10.898857900748297,9.05866359925452,11.20590185505824,-1.8401943014937763,0.3070439543099428,2.1472382558037193
4,0.29998825024145237,-0.3376614568147993,-0.5644749430555958,-0.6376497070562517,-0.8644631932970481,-0.22681348624079645
5,1.9875807573517985,0.570756140574058,1.253716115728328,-1.4168246167777405,-0.7338646416234704,0.6829599751542701
6,1.544156407044636,0.37769254700102356,1.0070570400508583,-1.1664638600436124,-0.5370993669937778,0.6293644930498347
7,1.6494052099087315,0.2295508642861372,0.32435988283480627,-1.4198543456225945,-1.3250453270739253,0.09480901854866908
8,,,,,,
