,distr-focus,own-focus,office-focus,own-distr,office-distr,office-own
0,0.30016990819050005,-0.13279490435958385,-0.2304674008549687,-0.4329648125500839,-0.5306373090454688,-0.09767249649538484
1,0.2230668231614824,-0.7107860992705666,0.3153017673961674,-0.9338529224320491,0.09223494423468498,1.026087866666734
2,0.9619045164708314,4.179674534823698,1.7848761021509747,3.217770018352866,0.8229715856801433,-2.3947984326727227
3,1.3216214912228446,1.2514873173704406,2.054775624062239,-0.07013417385240395,0.7331541328393942,0.8032883066917982
4,3.497399401239348,5.051437929785625,3.244599130068838,1.5540385285462772,-0.25280027117051007,-1.8068387997167874
5,2.037556421149835,0.39490760891964305,-7.045074553898958,-1.6426488122301919,-9.082630975048794,-7.439982162818602
6,3.1202354547562274,4.764761589377983,2.825929059636603,1.6445261346217552,-0.2943063951196241,-1.9388325297413793
7,2.152526114903742,2.4695911885574224,2.9140684353543875,0.3170650736536801,0.7615423204506456,0.44447724679696554
8,,,,,,
