,distr-focus,own-focus,office-focus,own-distr,office-distr,office-own
0,-0.25444882851506445,0.5418730462732959,0.5451127262756702,0.7963218747883603,0.7995615547907347,0.00323968000237429
1,0.24352604671398104,0.6492813411412484,0.6471081566661963,0.4057552944272674,0.4035821099522153,-0.0021731844750521034
2,-0.20656125094420397,0.11474283287733245,0.2312081072914176,0.3213040838215364,0.4377693582356216,0.11646527441408516
3,4.26207207955628,-0.06640432721589679,-0.008991557456943411,-4.328476406772177,-4.271063637013223,0.057412769758953375
4,-0.4717229441947126,-0.3130239274371069,-0.12843531040421896,0.15869901675760575,0.34328763379049365,0.18458861703288792
5,1.9524711511241624,2.474250655920657,2.543958325981641,0.5217795047964945,0.5914871748574788,0.06970767006098433
6,-0.08562873948092375,-0.35097625108759056,-0.06098678451102424,-0.2653475116066668,0.024641954969899516,0.2899894665765663
7,-6.589803869186563,-6.150103285339754,-5.8690721065724984,0.4397005838468086,0.720731762614064,0.2810311787672554
8,,,,,,
