,distr-focus,own-focus,office-focus,own-distr,office-distr,office-own
0,0.019920634920634925,0.01995767195767196,0.019859410430839004,3.7037037037033343e-05,-6.122448979592118e-05,-9.826152683295453e-05
1,0.05006701940035273,3.469446951953614e-18,3.469446951953614e-18,-0.05006701940035273,-0.05006701940035273,0.0
2,0.039259259259259265,0.008158730158730157,0.006944444444444444,-0.031100529100529108,-0.03231481481481482,-0.0012142857142857129
3,-0.022611111111111103,-0.024611111111111104,-0.021753968253968248,-0.0020000000000000018,0.0008571428571428567,0.0028571428571428584
4,0.012024691358024694,-0.0015802469135802431,-0.009802469135802464,-0.013604938271604937,-0.021827160493827158,-0.008222222222222221
5,-0.01571428571428571,-0.006714285714285707,-0.01371428571428571,0.009000000000000003,0.002,-0.007000000000000003
6,0.007999999999999998,-0.002,0.002,-0.009999999999999998,-0.005999999999999998,0.004
7,0.03138888888888888,-0.010000000000000002,0.05416666666666666,-0.041388888888888885,0.02277777777777778,0.06416666666666666
8,,,,,,
