,distr-focus,own-focus,office-focus,own-distr,office-distr,office-own
0,0.08246814387306223,0.16174523123644624,0.3194457249202106,0.07927708736338401,0.2369775810471484,0.15770049368376438
1,0.012074008190901542,0.13673175034442242,0.7091371378771802,0.12465774215352088,0.6970631296862787,0.5724053875327578
2,0.08912856195520602,-0.001259546028786085,1.8158153650969893,-0.0903881079839921,1.7266868031417832,1.8170749111257756
3,0.0024370434529092933,-0.057102747237678886,0.7108668902256297,-0.05953979069058818,0.7084298467727204,0.7679696374633085
4,0.12704678344800746,0.15769756378161226,0.823986299920373,0.0306507803336048,0.6969395164723655,0.6662887361387607
5,0.3165981881023532,-0.018754999895884583,0.32918829218114465,-0.33535318799823777,0.012590104078791464,0.34794329207702923
6,0.3786876491848119,-0.02913180466189158,0.6907759056610301,-0.4078194538467035,0.3120882564762182,0.7199077103229217
7,0.9866410295248608,-0.05112658760143618,0.1084604441737157,-1.0377676171262968,-0.8781805853511451,0.15958703177515188
8,,,,,,
