,distr-focus,own-focus,office-focus,own-distr,office-distr,office-own
0,-0.7738250062896004,-0.6327971177041868,-1.2459560160957532,0.1410278885854135,-0.472131009806153,-0.6131588983915666
1,10.58706869188956,-6.986421373975787,-0.6648024579578008,-17.573490065865347,-11.25187114984736,6.321618916017986
2,-1.194225516858217,1.2523732839310706,-1.0739553723044004,2.4465988007892876,0.12027014455381657,-2.326328656235471
3,-1.318185530720754,-0.8308640918504161,-0.45432920400754206,0.48732143887033785,0.8638563267132119,0.37653488784287403
4,-0.1523815084820569,1.2540914275346295,-0.2636019541124571,1.4064729360166863,-0.11122044563040023,-1.5176933816470868
5,17.41222319045304,-0.04662982581969072,-0.43163598061225583,-17.45885301627273,-17.843859171065297,-0.3850061547925651
6,-2.334390898485624,0.5539221833814579,-0.24106959508943138,2.8883130818670817,2.0933213033961926,-0.7949917784708893
7,0.8162865433371365,4.83998038773074,0.15477068312641107,4.023693844393604,-0.6615158602107254,-4.685209704604329
8,,,,,,
