,distr-focus,own-focus,office-focus,own-distr,office-distr,office-own
0,-0.037191995126384964,0.17658021947423663,0.11442100121279541,0.21377221460062162,0.15161299633918038,-0.06215921826144123
1,0.03140104677403399,-0.009481776516076734,-0.02333062861337898,-0.040882823290110726,-0.05473167538741297,-0.013848852097302244
2,-0.1701421298902614,0.006870612595611822,-0.1518287563642381,0.17701274248587323,0.01831337352602333,-0.1586993689598499
3,0.06729429029826968,-0.0608586115924784,-0.16748014340713632,-0.12815290189074807,-0.23477443370540602,-0.10662153181465793
4,0.06898536792452332,-0.4510621731527279,-0.23378758209481526,-0.5200475410772513,-0.30277295001933857,0.21727459105791264
5,-0.026942297452982156,-0.17868838614546975,-0.24486731153752686,-0.1517460886924876,-0.2179250140845447,-0.06617892539205711
6,-0.12925589386235195,-0.33988631663791813,-0.4955318703612441,-0.2106304227755662,-0.36627597649889215,-0.15564555372332595
7,-0.00480098007786664,0.08137311861766186,-0.07553324840789727,0.0861740986955285,-0.07073226833003063,-0.15690636702555913
8,,,,,,
