,distr-focus,own-focus,office-focus,own-distr,office-distr,office-own
0,-1.9908598438988019,-1.8671106592695943,-0.6229303332638056,0.1237491846292077,1.3679295106349962,1.2441803260057887
1,-0.6903831661122699,-3.238090796448768,-0.7608205916655694,-2.547707630336498,-0.0704374255532994,2.4772702047831987
2,-1.5232326857611722,-1.9532189108991125,10.367761571008,-0.42998622513794016,11.89099425676917,12.320980481907112
3,-0.9158782415810169,-0.6302110871618949,-0.9232347805230181,0.2856671544191221,-0.007356538942001056,-0.29302369336112316
4,-0.06434665394190225,-0.5057302473540473,0.11758358752124054,-0.44138359341214506,0.1819302414631428,0.6233138348752878
5,-1.3327133167347798,-1.5420337572061957,-1.056027866366312,-0.20932044047141593,0.2766854503684676,0.48600589083988355
6,0.5403046771783707,-0.5481434292296657,0.27350889391864386,-1.0884481064080365,-0.26679578325972686,0.8216523231483097
7,-0.026617480475609523,0.04417650691856623,-0.033893767944064734,0.07079398739417575,-0.0072762874684552115,-0.07807027486263096
8,,,,,,
