,distr-focus,own-focus,office-focus,own-distr,office-distr,office-own
0,-1.1140950251960917,-0.3057747416319829,0.3683413651500882,0.8083202835641088,1.48243639034618,0.6741161067820711
1,0.5631454692035494,3.5359634080892346,2.8186604455652295,2.9728179388856852,2.25551497636168,-0.7173029625240048
2,-1.104944542197396,-10.420270013021948,-1.5647721218118291,-9.315325470824552,-0.4598275796144331,8.85549789121012
3,7.3312215184808815,-0.49580578596169356,-3.2407921662154413,-7.827027304442575,-10.572013684696323,-2.7449863802537475
4,-8.062575242237205,3.2319767721085486,2.1881916524307927,11.294552014345754,10.250766894667997,-1.043785119677756
5,1.1518888416015436,2.083515838127061,2.156740492061365,0.9316269965255173,1.0048516504598213,0.073224653934304
6,-1.8739418792702685,1.5383271453716767,0.3539059272716576,3.412269024641945,2.2278478065419263,-1.184421218100019
7,-1.323476881689991,1.2460659826650122,-2.6079942466555153,2.5695428643550033,-1.2845173649655242,-3.8540602293205275
8,,,,,,
