,distr-focus,own-focus,office-focus,own-distr,office-distr,office-own
0,-0.14829056478002006,-0.20624376528366442,-0.007367648146448469,-0.05795320050364436,0.1409229166335716,0.19887611713721595
1,-0.20356872064002868,-0.3252471250919084,-0.04306738693479378,-0.12167840445187972,0.1605013337052349,0.2821797381571146
2,0.029169062171678584,-0.01834769204559633,-0.7624151280218863,-0.047516754217274915,-0.791584190193565,-0.74406743597629
3,-0.012496169668632873,-0.061603731878456525,0.0332200754837752,-0.04910756220982365,0.045716245152408075,0.09482380736223173
4,-0.028850361353205622,-0.08757803844862616,-1.0739612111427066,-0.05872767709542054,-1.0451108497895008,-0.9863831726940804
5,0.03275059785422707,-0.031700060900918536,0.38026737554280515,-0.0644506587551456,0.3475167776885781,0.4119674364437237
6,-0.018140124884905517,0.04682214273820362,1.9266620312849605,0.06496226762310914,1.944802156169866,1.8798398885467569
7,-0.3478234082892914,-2.302534161823624,0.2089180229095906,-1.9547107535343324,0.5567414311988821,2.5114521847332147
8,,,,,,
