,distr-focus,own-focus,office-focus,own-distr,office-distr,office-own
0,-0.09156549609769349,-32.41203707103068,-1.0549311378274944,-32.32047157493299,-0.9633656417298009,31.35710593320319
1,0.22765849366190657,-1.7462710465838194,0.5292546222806135,-1.9739295402457258,0.3015961286187069,2.2755256688644327
2,10.313682959932473,12.023437148248565,11.716416945951668,1.7097541883160918,1.4027339860191939,-0.30702020229689797
3,1.2168123321506574,1.2922826940681271,2.5429543110388133,0.07547036191746959,1.326141978888156,1.2506716169706864
4,-0.4799911080824866,-1.676787905042533,-1.1756863914328841,-1.1967967969600464,-0.6956952833503977,0.5011015136096487
5,2.147121517290145,1.5130482841624826,1.7718203445793144,-0.6340732331276625,-0.37530117271083097,0.2587720604168316
6,3.4136718637300305,4.209899314715617,3.188637441901793,0.7962274509855872,-0.22503442182823769,-1.021261872813825
7,1.9565010602387853,2.332362146392977,2.55468521545492,0.3758610861541916,0.5981841552161349,0.22232306906194332
8,,,,,,
