,distracting minus focus increasing,own choice minus focus increasing,background noise minus focus increasing,own choice minus distracting,background noise minus distracting,background noise minus own choice
0,8.45258732286134,4.38075203793651,-1.0227303243004293,-4.071835284924831,-9.47531764716177,-5.4034823622369395
1,3.7708567743714285,-12.624581484035236,0.46363893148543645,-16.395438258406664,-3.3072178428859917,13.088220415520672
2,-1.3428094110163422,-1.8436208318808882,0.535077007393429,-0.500811420864546,1.8778864184097712,2.378697839274317
3,14.403077955771915,-3783.71751045298,-0.8325794577940555,-3798.120588408752,-15.23565741356597,3782.884930995186
4,0.9229180915698556,-3.3793961958813172,2.316657786806566,-4.302314287451173,1.39373969523671,5.696053982687883
5,1.1296218409266345,1.4280116054737007,2.420644107750758,0.2983897645470663,1.2910222668241231,0.9926325022770569
6,5.997322049419106,7.693546313324327,17.063328333229403,1.696224263905221,11.066006283810296,9.369782019905076
7,0.01756086257997258,-2.611992715423183,-21.27202301445034,-2.629553578003155,-21.289583877030314,-18.66003029902716
8,,,,,,
