,distr-focus,own-focus,office-focus,own-distr,office-distr,office-own
0,-6.464984789834526,-3.2384499370764366,-14.741553039683524,3.2265348527580895,-8.276568249848996,-11.503103102607087
1,-18.53314464893896,-7.275493915494062,-10.01032011503073,11.2576507334449,8.522824533908231,-2.734826199536667
2,-33.996393955567065,-10.351104086810142,-3.8017439128373938,23.645289868756926,30.194650042729673,6.549360173972749
3,-72.3788142255773,-63.07035761740215,-59.33382012029665,9.308456608175142,13.044994105280647,3.7365374971055054
4,-3.2650228952120024,2.653733178051188,2.3711110797885846,5.91875607326319,5.636133975000587,-0.2826220982626031
5,-1.05864464836836,-6.907517268184261,-0.4812802866737522,-5.848872619815901,0.5773643616946078,6.426236981510509
6,-4.709533230204315,0.048798393546827024,-5.063018375042091,4.758331623751142,-0.3534851448377765,-5.111816768588919
7,-3.4367656553616923,1.2225363472201074,-3.5576402681038664,4.6593020025818,-0.12087461274217404,-4.780176615323974
8,,,,,,
