,distr-focus,own-focus,office-focus,own-distr,office-distr,office-own
0,0.33937583760441703,0.6904516789037713,0.4078442935040396,0.3510758412993544,0.06846845589962258,-0.2826073853997318
1,0.4347949267677859,0.8062442631863517,0.43630022887415754,0.37144933641856576,0.0015053021063716199,-0.36994403431219414
2,-0.25516093553638086,0.1663830786148436,0.2570271315116758,0.4215440141512245,0.5121880670480566,0.0906440528968322
3,0.061191497705183895,0.10773115399641403,0.13717233227072018,0.046539656291230136,0.07598083456553628,0.029441178274306146
4,-0.6526985000828414,-0.40722049309204206,-0.18237424979559902,0.24547800699079936,0.4703242502872424,0.22484624329644304
5,-0.10920924884289238,0.1665047241586748,0.11417276916440255,0.2757139730015672,0.22338201800729493,-0.052331954994272234
6,0.18254129801681063,-0.003914748466545381,-0.047449681135311894,-0.186456046483356,-0.22999097915212252,-0.04353493266876651
7,-0.6114145080148676,-0.05305991141648314,0.1552394415203746,0.5583545965983845,0.7666539495352422,0.20829935293685775
8,,,,,,
