,distr-focus,own-focus,office-focus,own-distr,office-distr,office-own
0,0.2357119472894933,0.21792572122873877,0.43784684114049577,-0.01778622606075453,0.20213489385100247,0.219921119911757
1,0.02790705910089497,0.14153717887219508,0.8757862473039052,0.11363011977130011,0.8478791882030102,0.7342490684317101
2,0.054975065322453,0.04443435700308651,2.1173488739073463,-0.010540708319366487,2.0623738085848933,2.0729145169042598
3,0.01557352627154962,-0.015763234298802997,2.3244980637368924,-0.03133676057035262,2.3089245374653427,2.3402612980356956
4,0.17313909464412502,0.21175015143120612,1.5283140305824565,0.0386110567870811,1.3551749359383314,1.3165638791512504
5,0.34767683927946236,-0.012627902214089048,0.43427126226021784,-0.3603047414935514,0.08659442298075548,0.4468991644743069
6,0.4206997274774702,0.050077711130588676,1.4271910170496203,-0.3706220163468815,1.00649128957215,1.3771133059190315
7,1.0568009929217799,0.013775378297379959,0.30464144796082737,-1.0430256146244,-0.7521595449609524,0.2908660696634474
8,,,,,,
