,distr-focus,own-focus,office-focus,own-distr,office-distr,office-own
0,1.1009856109835678,0.9921460374927672,0.9844035434358509,-0.10883957349080062,-0.11658206754771688,-0.007742494056916266
1,1.4898303916434403,0.8830886171045458,0.25875161341802005,-0.6067417745388946,-1.2310787782254202,-0.6243370036865257
2,2.730309099267388,2.5218777887005444,2.672291192903775,-0.20843131056684389,-0.05801790636361309,0.1504134042032308
3,0.5002898787468715,0.33673213940534197,0.46368480334115725,-0.1635577393415295,-0.03660507540571423,0.12695266393581528
4,0.2626605978663307,0.20995601538503078,0.2613537490682613,-0.052704582481299944,-0.0013068487980694155,0.05139773368323053
5,-9.797733035293154,-10.262829521866138,-10.978798894667907,-0.46509648657298464,-1.181065859374753,-0.7159693728017684
6,1.5464043330613655,1.4666193424058012,1.4540223280356401,-0.07978499065556421,-0.09238200502572547,-0.012597014370161252
7,0.4550514870909358,0.19650765986214902,0.32741175861473637,-0.25854382722878677,-0.12763972847619942,0.13090409875258735
8,,,,,,
