,distr-focus,own-focus,office-focus,own-distr,office-distr,office-own
0,-0.30282042831278466,-0.2354776560816444,-0.8761460717340976,0.06734277223114027,-0.573325643421313,-0.6406684156524532
1,0.09209763759884637,0.1801792339971392,0.0707972450610227,0.08808159639829283,-0.021300392537823676,-0.1093819889361165
2,-0.11007799292089782,-0.04706779947388773,-0.6003236068684312,0.06301019344701009,-0.49024561394753335,-0.5532558073945435
3,-0.18196982022827624,-0.22816219774963942,-1.0919853232234515,-0.04619237752136318,-0.9100155029951753,-0.8638231254738121
4,0.0404383983124712,0.014704979801252405,-1.0319876520260984,-0.025733418511218797,-1.0724260503385696,-1.0466926318273508
5,-0.11636211015186049,-0.3111335441502844,-0.560924036733794,-0.1947714339984239,-0.44456192658193344,-0.24979049258350955
6,-0.26383655103164716,-0.19081421597070058,-0.6465698817841256,0.07302233506094657,-0.3827333307524784,-0.45575566581342497
7,0.08252954632955611,0.09243193131928062,-0.46994654621250065,0.00990238498972451,-0.5524760925420568,-0.5623784775317813
8,,,,,,
