,distr-focus,own-focus,office-focus,own-distr,office-distr,office-own
0,-2.1088557491949333,0.8545755757959619,-0.17529148265197514,2.963431324990895,1.933564266542958,-1.029867058447937
1,-7.881627014664723,3.6925236298453665,-3.4569456658494104,11.57415064451009,4.424681348815312,-7.149469295694777
2,-13.077269870768063,-0.5693306188512108,0.5903414511058981,12.507939251916852,13.667611321873961,1.159672069957109
3,18.8244881951142,14.41798240104612,14.528803953278143,-4.406505794068079,-4.295684241836054,0.11082155223202483
4,-4.748168190944403,0.10956142671452773,1.1983259142008968,4.857729617658931,5.9464941051453,1.0887644874863691
5,1.6764137932968475,2.6919840841233458,5.221545796914006,1.0155702908264983,3.5451320036171587,2.5295617127906604
6,-4.2463979682846436,-3.148559588027616,-6.585260167646866,1.097838380257027,-2.338862199362223,-3.43670057961925
7,-1.93209130423012,-2.261691119252454,2.103589100817945,-0.32959981502233426,4.035680405048065,4.3652802200703995
8,,,,,,
