,distr-focus,own-focus,office-focus,own-distr,office-distr,office-own
0,-0.00866666666666667,-0.00466666666666667,-0.006888888888888892,0.004,0.0017777777777777774,-0.0022222222222222227
1,-0.00022222222222222435,-0.004,-0.010222222222222221,-0.0037777777777777757,-0.009999999999999997,-0.006222222222222221
2,0.01,-0.00022222222222222088,-0.004222222222222221,-0.010222222222222221,-0.014222222222222221,-0.004
3,-0.004444444444444442,0.0057777777777777775,-0.002222222222222219,0.01022222222222222,0.0022222222222222227,-0.007999999999999997
4,-0.0037777777777777827,0.0,-0.016,0.0037777777777777827,-0.012222222222222218,-0.016
5,-0.034333333333333334,-0.030333333333333334,-0.03811111111111111,0.004,-0.0037777777777777783,-0.007777777777777778
6,-0.0002222222222222226,0.014444444444444449,0.003999999999999998,0.014666666666666672,0.004222222222222221,-0.01044444444444445
7,-0.030740740740740746,-0.004629629629629629,-0.015185185185185189,0.026111111111111116,0.015555555555555557,-0.01055555555555556
8,,,,,,
