,distr-focus,own-focus,office-focus,own-distr,office-distr,office-own
0,-18.725328807269808,-14.781994760164721,-32.10079775896408,3.943334047105088,-13.375468951694268,-17.318802998799356
1,-52.10053690766926,0.025955898598689853,0.8614567573195391,52.12649280626795,52.961993664988796,0.8355008587208492
2,-11.694373239891176,2.6062088721279393,5.885566229204595,14.300582112019114,17.57993946909577,3.2793573570766554
3,30.584364938952405,8.39991452140493,18.140121941015735,-22.184450417547474,-12.444242997936671,9.740207419610803
4,0.345763134614788,2.5306963658807784,2.11833017967375,2.1849332312659904,1.772567045058962,-0.4123661862070285
5,-0.21209704915259087,-0.18172154615708624,0.12659177980209835,0.030375502995504622,0.3386888289546892,0.3083133259591846
6,-0.03835875062207972,1.4164253690472512,-0.39857086709051703,1.454784119669331,-0.3602121164684373,-1.8149962361377683
7,8.410522053739625,1.306317349289198,-2.8849150626252396,-7.104204704450427,-11.295437116364866,-4.191232411914438
8,,,,,,
