,distr-focus,own-focus,office-focus,own-distr,office-distr,office-own
0,0.8317498334965899,-0.4193336911894099,-0.12998822513071606,-1.251083524686,-0.961738058627306,0.2893454660586938
1,2.372204960393704,-0.09624436468853656,-0.17217513404886886,-2.468449325082241,-2.544380094442573,-0.0759307693603323
2,-21.74648851658395,-1.6377905188416952,-0.4489157878041563,20.108697997742254,21.29757272877979,1.1888747310375387
3,-1.2522087894987226,-2.8801203823573447,-0.57457735811532,-1.6279115928586219,0.6776314313834026,2.3055430242420245
4,1.8880805442382442,13.463917930634999,1.2678737876755677,11.575837386396755,-0.6202067565626767,-12.196044142959432
5,1.1707582551389915,-0.3080876565085303,0.7011665683706386,-1.4788459116475219,-0.46959168676835294,1.009254224879169
6,1.1606470762697507,0.312924540896135,0.6186822375233387,-0.8477225353736156,-0.5419648387464119,0.30575769662720376
7,0.8468145544839021,0.07657257470604967,0.30115519504876825,-0.7702419797778525,-0.5456593594351339,0.2245826203427186
8,,,,,,
