,distr-focus,own-focus,office-focus,own-distr,office-distr,office-own
0,-0.15447023245508157,-0.1849735869757833,0.03941527146671536,-0.03050335452070172,0.19388550392179693,0.22438885844249867
1,0.06614336380536348,0.07390230031699846,0.21179842067134003,0.0077589365116349784,0.14565505686597655,0.13789612035434157
2,-0.1428859387873686,-0.058252862806107725,0.08977849509753669,0.08463307598126087,0.23266443388490526,0.1480313579036444
3,0.2839746206029643,0.2837718837659864,0.434184340316775,-0.0002027368369778848,0.1502097197138107,0.15041245655078858
4,-0.9075943073053059,-0.8970128942749824,-0.8040849590948762,0.010581413030323394,0.10350934821042973,0.09292793518010634
5,-0.30000750769979456,-0.27025586783973,0.014421595929991315,0.02975163986006457,0.31442910362978593,0.28467746376972136
6,-0.31560576387479466,-0.6051986021039535,-0.047959732079285944,-0.2895928382291589,0.2676460317955087,0.5572388700246675
7,0.6666230508901424,2.7874154710926677,1.1002137802161953,2.1207924202025255,0.433590729326053,-1.6872016908764724
8,,,,,,
