,distracting minus focus increasing,own choice minus focus increasing,background noise minus focus increasing,own choice minus distracting,background noise minus distracting,background noise minus own choice
0,-12.19074253541159,-14.52216179802755,-12.901900630670763,-2.331419262615961,-0.7111580952591725,1.6202611673567884
1,-10.329518906702456,-4.649386757215577,-0.6263273332328448,5.680132149486879,9.703191573469612,4.023059423982732
2,0.026174983079444214,1.9226098668932154,-0.7968279521799959,1.8964348838137712,-0.8230029352594401,-2.719437819073211
3,-1.7105340409198937,-0.7208337490163625,-0.47942731253643184,0.989700291903531,1.2311067283834618,0.2414064364799307
4,-0.12984901319687658,0.6327325101269813,-0.4842034217527912,0.7625815233238579,-0.3543544085559146,-1.1169359318797725
5,-5.909524507407317,11.161443176155663,-0.377060171097124,17.07096768356298,5.532464336310193,-11.538503347252787
6,-0.40484583569132004,-1.2915824914093645,-0.16163610819088436,-0.8867366557180445,0.24320972750043568,1.1299463832184802
7,0.6182913609442824,2.62888381286725,-0.13774717989262864,2.0105924519229674,-0.756038540836911,-2.7666309927598784
8,,,,,,
