,distr-focus,own-focus,office-focus,own-distr,office-distr,office-own
0,0.08412086572991395,-2.330525812731012,-2.285332894618488,-2.414646678460926,-2.369453760348402,0.045192918112523905
1,0.619548620441517,-0.747633561140246,0.018661714280747033,-1.367182181581763,-0.60088690616077,0.7662952754209931
2,14.993895011291137,15.968851459503338,12.860177425290626,0.9749564482122002,-2.13371758600051,-3.1086740342127106
3,-12.264555221764592,-12.36199197652758,-15.28189811528792,-0.09743675476298774,-3.0173428935233266,-2.919906138760339
4,3.491727004039172,0.05001664396444849,1.3061433184083704,-3.4417103600747234,-2.1855836856308017,1.256126674443922
5,-5.6495945681150195,-5.636037379755844,0.7450798433405534,0.013557188359175631,6.394674411455573,6.381117223096397
6,-1.2999896663839998,1.1117300349351935,0.38585301331360156,2.4117197013191936,1.6858426796976014,-0.7258770216215921
7,-1.0752627673116066,0.7605475502862664,-0.919148081019655,1.8358103175978728,0.15611468629195158,-1.6796956313059215
8,,,,,,
