,distr-focus,own-focus,office-focus,own-distr,office-distr,office-own
0,-1.5080910227147601,-1.5431592178811284,39.84639787596765,-0.035068195166368166,41.354488898682405,41.38955709384878
1,1.0403717083167263,2.917794858088799,0.09708983900321655,1.8774231497720724,-0.9432818693135098,-2.8207050190855822
2,-0.6194466513709376,-0.44532520508364537,-1.1491056918916336,0.17412144628729226,-0.529659040520696,-0.7037804868079882
3,-0.6878895550163999,-1.4224620491799784,-1.4453648395429197,-0.7345724941635785,-0.7574752845265198,-0.02290279036294119
4,-0.6022089571153897,-0.9637714534713884,-0.545746474343427,-0.3615624963559986,0.05646248277196264,0.4180249791279612
5,-0.5788560410432324,-0.8266191230605864,-0.2749649250552296,-0.24776308201735403,0.3038911159880027,0.5516541980053568
6,0.46050887502610793,-0.2880317564133858,0.36138361763820825,-0.7485406314394937,-0.09912525738789968,0.649415374051594
7,-0.22593063868809765,-0.1946400189447789,0.03788897634110222,0.03129061974331876,0.26381961502919987,0.2325289952858811
8,,,,,,
