,distr-focus,own-focus,office-focus,own-distr,office-distr,office-own
0,1.5841984402381928,1.4470168698636126,0.7867471379559502,-0.13718157037458023,-0.7974513022822425,-0.6602697319076622
1,1.692137734602639,2.8268587226633684,1.6041950103234006,1.1347209880607292,-0.08794272427923844,-1.2226637123399677
2,1.6386808450629446,1.2258150747960919,0.44019728109053635,-0.4128657702668528,-1.1984835639724083,-0.7856177937055555
3,0.0807163111340441,-0.37091977164423107,-1.4527833663264962,-0.45163608277827516,-1.5334996774605403,-1.0818635946822652
4,0.7537063123377297,0.19131565742594564,0.7274088290482079,-0.5623906549117841,-0.02629748328952175,0.5360931716222623
5,3.038828790941512,2.5927090895258615,2.47445310934692,-0.4461197014156508,-0.5643756815945923,-0.11825598017894146
6,-0.7279943206159905,-1.5266829829865696,0.7851215513119452,-0.7986886623705792,1.5131158719279356,2.3118045342985147
7,0.521430333230317,1.134863664618983,1.7263156212248145,0.613433331388666,1.2048852879944976,0.5914519566058316
8,,,,,,
