,distr-focus,own-focus,office-focus,own-distr,office-distr,office-own
0,0.1748406136989596,0.27019263096554474,-0.28610633327183826,0.09535201726658515,-0.46094694697079786,-0.556298964237383
1,0.3637105139311564,-0.7906704600004055,0.9795956198093232,-1.1543809739315618,0.6158851058781668,1.7702660798097287
2,0.282310126128552,-0.7763475121354934,0.4677781487021876,-1.0586576382640454,0.18546802257363565,1.244125660837681
3,1.6154955432742626,0.19422840949422437,1.2196486157609374,-1.4212671337800384,-0.3958469275133253,1.025420206266713
4,1.283259570759583,0.7178845850397163,1.196295451445785,-0.5653749857198669,-0.086964119313798,0.47841086640606884
5,1.3006174041755338,0.6588399381327796,1.2326427440442633,-0.6417774660427543,-0.06797466013127063,0.5738028059114837
6,3.1515846660628473,4.3988879809780315,4.734680984599205,1.247303314915184,1.5830963185363578,0.3357930036211738
7,2.6454266283182357,2.996600078781208,3.2320744690191234,0.3511734504629728,0.5866478407008879,0.23547439023791505
8,,,,,,
