,distr-focus,own-focus,office-focus,own-distr,office-distr,office-own
0,-1.242020233998976,-0.24011802319736664,-0.19525005665411743,1.0019022108016093,1.0467701773448586,0.044867966543249205
1,-2.945613862798199,-3.3142808415152274,-3.2114933317691228,-0.3686669787170288,-0.2658794689709242,0.10278750974610462
2,-0.2699570754597651,-0.3279509201290858,-0.4663759584634545,-0.05799384466932067,-0.19641888300368937,-0.1384250383343687
3,-0.7698474250934464,0.15557950544439925,0.11210998862439991,0.9254269305378456,0.8819574137178463,-0.04346951681999933
4,0.5493885676315242,0.4357860001996922,0.1678462734226494,-0.11360256743183206,-0.38154229420887487,-0.2679397267770428
5,0.8891909247452376,0.8073726715813644,1.3237910943833096,-0.08181825316387326,0.4346001696380719,0.5164184228019452
6,-0.1809839016723519,0.16342481178090917,-0.017486681500222256,0.3444087134532611,0.16349722017212964,-0.18091149328113143
7,0.47456600225486356,0.8398630510586437,0.41536487177941767,0.3652970488037801,-0.059201130475445896,-0.424498179279226
8,,,,,,
