,distr-focus,own-focus,office-focus,own-distr,office-distr,office-own
0,-0.6043855701792542,-0.6713701174521993,1.1572114181144746,-0.06698454727294512,1.7615969882937288,1.828581535566674
1,-0.4076651855399587,-0.7245730641132924,-1.4327305339763474,-0.31690787857333363,-1.0250653484363887,-0.7081574698630551
2,-0.3144501261993995,-0.4692351641859136,-1.5381107213296334,-0.1547850379865141,-1.2236605951302337,-1.0688755571437198
3,-0.3195962097820443,-0.8959493030323663,-1.1189023707301953,-0.576353093250322,-0.7993061609481509,-0.2229530676978289
4,-0.6192911138614031,-1.197173873378766,-0.8148863108551062,-0.5778827595173629,-0.1955951969937031,0.3822875625236598
5,-0.0980195726214661,-0.5423563238429164,-0.10522712495416009,-0.4443367512214503,-0.007207552332693989,0.4371291988887563
6,0.35741647322304576,-0.10804009573838225,0.24074637973968632,-0.465456568961428,-0.11667009348335944,0.34878647547806857
7,-0.27250382491638975,-0.03542048186704072,0.08670357804492679,0.23708334304934903,0.35920740296131654,0.12212405991196751
8,,,,,,
