,distr-focus,own-focus,office-focus,own-distr,office-distr,office-own
0,0.0659912812756111,0.1516085987806401,0.3367693206846,0.08561731750502899,0.2707780394089889,0.18516072190395994
1,0.02953149169670599,0.13019332808264555,0.668717877488022,0.10066183638593956,0.639186385791316,0.5385245494053764
2,-0.14995349912317563,-0.09141438592728912,1.9676289876031852,0.058539113195886505,2.1175824867263606,2.059043373530474
3,0.03438422831023191,-0.062175002296185,0.5268172784492914,-0.09655923060641691,0.49243305013905947,0.5889922807454764
4,0.3172344591867619,0.18674048513671754,0.5991776233614661,-0.13049397405004437,0.2819431641747041,0.4124371382247485
5,0.2560637236321236,-0.0775449897684698,0.5971815977711498,-0.3336087134005934,0.34111787413902617,0.6747265875396196
6,0.39675165283427116,-0.04898601278643255,0.5221879432301644,-0.4457376656207037,0.1254362903958932,0.5711739560165969
7,0.4939001300344391,0.06739344702834182,0.2770713470126607,-0.4265066830060973,-0.21682878302177844,0.20967789998431885
8,,,,,,
