,distr-focus,own-focus,office-focus,own-distr,office-distr,office-own
0,0.049307935892187266,0.028913947392340017,0.2629715853276181,-0.02039398849984725,0.21366364943543087,0.23405763793527812
1,-0.18187337708038126,-0.2686807390197429,-0.2364277596020694,-0.08680736193936162,-0.05455438252168815,0.032252979417673466
2,0.10605448026685244,0.028345597193975836,0.21078762039823468,-0.0777088830728766,0.10473314013138224,0.18244202320425884
3,0.26797846084811383,0.2472840277330426,0.2751212182969123,-0.020694433115071242,0.007142757448798442,0.027837190563869685
4,0.11854277933498941,0.14409557826000474,0.9019411971826736,0.02555279892501533,0.7833984178476843,0.7578456189226689
5,0.34665724739354203,0.07622211392987183,0.3426855697648739,-0.2704351334636702,-0.003971677628668124,0.2664634558350021
6,0.5052387045503681,0.155701412596089,0.4890390786318242,-0.3495372919542792,-0.01619962591854396,0.3333376660357352
7,0.15716194183058974,-0.13269833017333355,0.32364413944888837,-0.2898602720039233,0.16648219761829863,0.4563424696222219
8,,,,,,
