,distr-focus,own-focus,office-focus,own-distr,office-distr,office-own
0,-0.13686920396795432,-0.06713072555290411,-0.2217686582996261,0.06973847841505021,-0.08489945433167179,-0.154637932746722
1,-0.16105364081280493,-0.09280105115869586,-0.1406834291253135,0.06825258965410907,0.020370211687491424,-0.04788237796661765
2,-0.10232530018955943,-0.07707566836078283,-0.022205014940135603,0.025249631828776598,0.08012028524942383,0.05487065342064723
3,-0.28264342536805537,-0.31526112216669,-0.14366953086977707,-0.03261769679863463,0.1389738944982783,0.17159159129691293
4,-0.1137774516160529,-0.2336355082205136,-0.33905008999649794,-0.1198580566044607,-0.22527263838044503,-0.10541458177598434
5,-0.3342000921703673,-0.2080610285015687,-0.18088927942279398,0.12613906366879857,0.1533108127475733,0.027171749078774732
6,-0.33361467631724245,-0.26597345337436407,-0.33262492326250126,0.06764122294287839,0.0009897530547411937,-0.0666514698881372
7,-0.21716878439819864,-0.02544490883732986,-0.19450368545317925,0.19172387556086878,0.02266509894501939,-0.1690587766158494
8,,,,,,
