,distr-focus,own-focus,office-focus,own-distr,office-distr,office-own
0,0.6696004560875869,0.9815827315774289,0.3366707056202445,0.31198227548984203,-0.3329297504673424,-0.6449120259571844
1,0.46046855326502956,0.45145513919999714,0.4658752983582194,-0.009013414065032421,0.005406745093189835,0.014420159158222257
2,1.2358323583944733,0.3126949444330673,1.1912432594443743,-0.923137413961406,-0.04458909895009899,0.878548315011307
3,0.1857222629487445,0.5463976202403289,0.22201412097499262,0.3606753572915844,0.036291858026248125,-0.3243834992653363
4,0.5643799123653831,0.3821287090568011,0.6096206332206245,-0.18225120330858202,0.045240720855241445,0.22749192416382347
5,0.6739827688121561,0.13035445312755356,0.3502219628397082,-0.5436283156846026,-0.32376080597244794,0.21986750971215463
6,0.7674699047661309,1.700588850078261,1.0349982224043912,0.9331189453121302,0.26752831763826035,-0.6655906276738699
7,0.9687144910634871,1.6727809348086604,1.502426974974742,0.7040664437451734,0.533712483911255,-0.17035395983391843
8,,,,,,
