,distr-focus,own-focus,office-focus,own-distr,office-distr,office-own
0,0.2002531458847296,-0.4684976328607911,0.28895295240813734,-0.6687507787455207,0.08869980652340777,0.7574505852689285
1,9.095357207194061,10.379046574382073,8.612755407602245,1.2836893671880116,-0.4826017995918158,-1.7662911667798276
2,-1.6071935450424588,-1.5209499878013877,2.2979204326473948,0.08624355724107124,3.9051139776898536,3.818870420448782
3,0.35211385129704137,0.8756939831527693,0.21184684806676746,0.5235801318557278,-0.1402670032302739,-0.6638471350860018
4,0.4313263882354067,0.04864108537759704,-0.7750686451374575,-0.38268530285780966,-1.2063950333728641,-0.8237097305150546
5,1.1750601356857522,3.4616563762792363,0.6216269693543789,2.286596240593484,-0.5534331663313734,-2.8400294069248573
6,-1.4603855477792689,0.49774204045702825,-0.6027758541700351,1.9581275882362972,0.8576096936092339,-1.1005178946270633
7,4.280994897830118,-1.6080970754241268,-0.7907887890714429,-5.889091973254245,-5.071783686901561,0.8173082863526838
8,,,,,,
