,distr-focus,own-focus,office-focus,own-distr,office-distr,office-own
0,-0.7871121767428295,0.5212180773854874,0.6082358062808725,1.3083302541283168,1.395347983023702,0.08701772889538506
1,0.26483513193345337,0.7063193883323416,0.7676633460304171,0.44148425639888833,0.5028282140969638,0.061343957698075435
2,-0.4368014578092685,0.08209714362499543,0.24647010564066418,0.5188986014342639,0.6832715634499327,0.16437296201566876
3,0.3770064280222162,-0.1057303938807248,-0.021459402787954607,-0.482736821902941,-0.3984658308101708,0.0842709910927702
4,-0.567212165518146,-0.367094199747118,-0.11332992847839052,0.20011796577102797,0.45388223703975544,0.25376427126872747
5,0.6889400706133118,1.0368414280499865,1.177605955099796,0.3479013574366746,0.48866588448648407,0.14076452704980946
6,0.6677407362484107,-0.40153785951890486,0.049981704060501175,-1.0692785957673157,-0.6177590321879095,0.45151956357940604
7,312.45456181425624,312.8774793151785,313.27870663991257,0.42291750092225666,0.8241448256563553,0.4012273247340986
8,,,,,,
