,distracting minus focus increasing,own choice minus focus increasing,background noise minus focus increasing,own choice minus distracting,background noise minus distracting,background noise minus own choice
0,0.0298532881708764,0.03152966947020851,0.02797057005630816,0.0016763812993321088,-0.0018827181145682388,-0.0035590994139003476
1,0.059999672650594214,0.011571997512536548,0.008111159625469152,-0.048427675138057666,-0.051888513025125066,-0.0034608378870673966
2,0.04919191250950073,0.019730727671266712,0.0150556040699136,-0.029461184838234022,-0.034136308439587135,-0.00467512360135311
3,-0.012678457860869647,-0.013039113598574566,-0.013642808628499106,-0.0003606557377049185,-0.0009643507676294588,-0.0006036950299245403
4,0.021957344608266163,0.009991750598956302,-0.0016913095103333147,-0.011965594009309861,-0.023648654118599476,-0.011683060109289616
5,-0.005781632464044245,0.0048577117982508446,-0.005603126088816561,0.01063934426229509,0.00017850637522768414,-0.010460837887067406
6,0.017932653250241473,0.00957199751253655,0.010111159625469154,-0.008360655737704921,-0.00782149362477232,0.0005391621129326018
7,0.04132154213913036,0.0015719975125365526,0.06227782629213582,-0.03974954462659381,0.020956284153005454,0.060705828779599263
8,,,,,,
