,distr-focus,own-focus,office-focus,own-distr,office-distr,office-own
0,0.6203265638852595,1.0221283618432149,0.979122672145838,0.40180179795795523,0.3587961082605785,-0.043005689697376726
1,0.6053962793775304,4.46079131647444,0.24295397162068139,3.8553950370969097,-0.36244230775684905,-4.217837344853759
2,-4.553068312128406,-3.8212742297131577,0.25057652987548584,0.7317940824152489,4.803644842003893,4.071850759588644
3,0.3000211268233076,0.6857583160836098,0.2751107623118777,0.3857371892603022,-0.024910364511429917,-0.4106475537717321
4,-2.2101835679469675,-1.992474044745542,-1.1528058232181722,0.21770952320142534,1.0573777447287953,0.8396682215273699
5,3.8195902661115197,3.4464458711929686,0.5819532013343857,-0.3731443949185511,-3.237637064777134,-2.864492669858583
6,-0.10477743635002512,0.7545511534545024,1.0693856606471703,0.8593285898045275,1.1741630969971955,0.3148345071926679
7,-2.3082524488055967,-4.435643240727929,0.30220403998574863,-2.1273907919223323,2.6104564887913453,4.7378472807136776
8,,,,,,
