,distr-focus,own-focus,office-focus,own-distr,office-distr,office-own
0,-0.035189036712115374,-0.05044245289106564,0.12929707284204345,-0.015253416178950263,0.16448610955415882,0.17973952573310908
1,0.03797173143790511,-0.15727028009693933,-0.0014006755653097613,-0.19524201153484444,-0.03937240700321487,0.15586960453162957
2,0.03859460592427244,0.02710881173982993,0.05607338501920067,-0.01148579418444251,0.017478779094928232,0.028964573279370742
3,0.3529885937913538,0.4389501006957312,0.2505663905238958,0.08596150690437743,-0.10242220326745799,-0.18838371017183542
4,0.2024412457990944,0.23661682746109514,0.573930465776119,0.03417558166200074,0.37148921997702455,0.3373136383150238
5,0.45049330845543795,0.1790121982299377,0.2308039967770375,-0.27148111022550026,-0.21968931167840045,0.05179179854709981
6,0.3633961630807152,0.23703758652272444,0.5050719251931738,-0.12635857655799076,0.14167576211245858,0.26803433867044935
7,0.10654125310524787,-0.06454595044354489,0.261163422613938,-0.17108720354879275,0.15462216950869012,0.3257093730574829
8,,,,,,
