,distr-focus,own-focus,office-focus,own-distr,office-distr,office-own
0,-0.15359353548182123,-0.17839848517405194,-0.09041279184494916,-0.02480494969223071,0.06318074363687207,0.08798569332910278
1,-0.2321476959889882,-0.2912436095414551,-0.1748805222397204,-0.05909591355246688,0.05726717374926782,0.1163630873017347
2,0.02181362655557334,-0.029420162076831013,-1.0632535191051935,-0.05123378863240435,-1.085067145660767,-1.0338333570283627
3,-0.01264956934041922,-0.039030800554339606,1.2774062927789847,-0.026381231213920386,1.290055862119404,1.3164370933333243
4,-0.011899023591064872,-0.013251698755929409,0.12454513516099286,-0.0013526751648645363,0.13644415875205773,0.13779683391692227
5,0.012795044131930444,-0.021520595199312154,0.39993589774792815,-0.0343156393312426,0.3871408536159977,0.4214564929472403
6,-0.0076708995896278,0.07168617912041753,-5.635133186849047,0.07935707871004533,-5.627462287259419,-5.706819365969465
7,-0.2987075367106717,-0.9233333669973518,0.17349637207486168,-0.6246258302866801,0.47220390878553337,1.0968297390722135
8,,,,,,
