,distr-focus,own-focus,office-focus,own-distr,office-distr,office-own
0,0.13327855197162886,0.1406501412181128,0.3382476391833449,0.007371589246483956,0.20496908721171603,0.19759749796523207
1,-0.010870096782851335,0.08186994941529091,0.746741341041062,0.09274004619814225,0.7576114378239134,0.6648713916257711
2,0.01767028755067801,-0.02927394364609459,1.6339733370430265,-0.0469442311967726,1.6163030494923487,1.6632472806891212
3,-0.020147764207970154,-0.05633748817981876,0.9903398678727785,-0.03618972397184861,1.0104876320807485,1.0466773560525973
4,0.13784525401610703,0.13502568616258537,0.6978163084688709,-0.002819567853521665,0.5599710544527639,0.5627906223062855
5,0.3031434285476926,-0.05467833253021526,0.29545697598163045,-0.35782176107790786,-0.007686452566062152,0.3501353085118457
6,0.3631972582883083,-0.025966227081955173,0.7155660413964016,-0.38916348537026346,0.3523687831080933,0.7415322684783567
7,0.8878276548725245,-0.05520771468819252,0.18271463299115787,-0.943035369560717,-0.7051130218813666,0.2379223476793504
8,,,,,,
