,distr-focus,own-focus,office-focus,own-distr,office-distr,office-own
0,-0.40760387150798094,-0.6477429331636014,-1.1370398006661524,-0.24013906165562054,-0.7294359291581716,-0.48929686750255097
1,-0.8589848992645972,-0.7320759011742599,-0.3520868854660778,0.1269089980903373,0.5068980137985194,0.3799890157081821
2,0.06914622027622264,-4.0867606885362875,-5.690552623922958,-4.15590690881251,-5.759698844199181,-1.603791935386671
3,2.1617676005727615,-4.905821504141984,-1.967805496680573,-7.067589104714745,-4.129573097253335,2.938016007461411
4,0.733923062835679,43.341758383509465,4.0442250319714335,42.607835320673786,3.3103019691357543,-39.297533351538036
5,-8.576357776236595,-9.361179821440267,-7.931560370359143,-0.7848220452036723,0.6447974058774524,1.4296194510811246
6,1.050559522697229,2.350804380609151,1.1942257073311093,1.300244857911922,0.14366618463388037,-1.1565786732780414
7,12.615795542425813,13.131759343115972,13.330526879467335,0.5159638006901588,0.7147313370415225,0.1987675363513638
8,,,,,,
