,distr-focus,own-focus,office-focus,own-distr,office-distr,office-own
0,13.740771128130792,3.8169331022383957,3.201939314381506,-9.923838025892397,-10.538831813749287,-0.6149937878568896
1,8.034912971400377,-0.705932106952154,1.0140207365295493,-8.740845078352532,-7.0208922348708285,1.7199528434817033
2,-0.877603336499772,0.020284854289295218,8.992454792774732,0.8978881907890672,9.870058129274504,8.972169938485438
3,0.9533625951054475,2.359671068749913,0.4066230441283587,1.4063084736444655,-0.5467395509770888,-1.9530480246215545
4,1.8522591869293126,1.321530185836933,3.774857956715829,-0.5307290010923796,1.9225987697865166,2.453327770878896
5,1.2559971774695884,1.5884886864948449,2.6398983901321635,0.33249150902525637,1.3839012126625754,1.051409703637319
6,9.343315097063693,10.524440109775554,10.356779660023575,1.1811250127118607,1.0134645629598817,-0.16766044975197902
7,-0.38477596893602783,-1.1083154477698165,-2.830117399715502,-0.7235394788337888,-2.445341430779474,-1.721801951945685
8,,,,,,
