,distr-focus,own-focus,office-focus,own-distr,office-distr,office-own
0,-0.23914394581651544,-0.30265082988002245,-0.39128318134729057,-0.06350688406350702,-0.15213923553077513,-0.08863235146726811
1,-0.03026680339366461,-0.10512996397399488,-0.3103088141913828,-0.07486316058033027,-0.2800420107977182,-0.2051788502173879
2,-0.023620301732884652,-0.030663845236006293,-0.4013902789268779,-0.007043543503121641,-0.37776997719399324,-0.3707264336908716
3,-0.00818276904708104,0.0723395032838624,-0.21148201818255585,0.08052227233094345,-0.2032992491354748,-0.28382152146641826
4,-0.1747059116503793,-0.19052723973826613,-0.34838314674034465,-0.015821328087886832,-0.17367723508996535,-0.15785590700207852
5,-0.21908759538003153,0.018366860549872355,-0.32277110080618904,0.23745445592990388,-0.10368350542615751,-0.3411379613560614
6,-0.22089407356438523,0.0486707387874834,-0.16991842701017618,0.26956481235186863,0.05097564655420905,-0.21858916579765958
7,-0.27265984414911054,-0.004191501300933043,-0.06621673393280436,0.2684683428481775,0.20644311021630618,-0.06202523263187132
8,,,,,,
