,distracting minus focus increasing,own choice minus focus increasing,background noise minus focus increasing,own choice minus distracting,background noise minus distracting,background noise minus own choice
0,2.2024763496811026,1.967685714394924,1.9515315270296023,-0.23479063528617877,-0.2509448226515004,-0.01615418736532165
1,-1.9800653596990723,-5.45546451881841,0.2700979871517595,-3.4753991591193376,2.2501633468508317,5.725562505970169
2,0.9582927673099301,0.6414067616655308,0.7293628922410216,-0.3168860056443993,-0.2289298750689085,0.08795613057549079
3,0.7250315086853681,0.39338601631758197,0.3990289759998397,-0.3316454923677862,-0.3260025326855284,0.005642959682257753
4,0.4362138291481747,0.35919001502596987,0.2774502955694457,-0.07702381412220483,-0.15876353357872897,-0.08173971945652414
5,2.0328439176346107,1.4995053328891144,1.92711683091082,-0.5333385847454963,-0.10572708672379061,0.4276114980217058
6,0.14641922782228645,0.008591785211523706,-0.03257314362108976,-0.13782744261076274,-0.1789923714433762,-0.04116492883261347
7,0.5760114649182212,0.3422180124871901,0.4517664756444624,-0.2337934524310311,-0.12424498927375882,0.10954846315727229
8,,,,,,
