,distr-focus,own-focus,office-focus,own-distr,office-distr,office-own
0,1.6833208772503985,0.3734744965750347,1.3103991393322647,-1.3098463806753637,-0.37292173791813377,0.93692464275723
1,1.4221206716612067,-0.26595035336375455,0.04055850359021426,-1.6880710250249613,-1.3815621680709924,0.30650885695396884
2,-0.17540478661513345,1.274932430830854,-0.7924707805791511,1.4503372174459874,-0.6170659939640176,-2.067403211410005
3,0.7743271852017126,-1.2996876716651602,-3.5163457190623175,-2.0740148568668726,-4.29067290426403,-2.216658047397157
4,0.18261194582325724,7.383554752534371,2.8827829659473654,7.200942806711113,2.7001710201241083,-4.500771786587006
5,-0.16228714619284484,0.43271113425305907,0.8098226071055955,0.594998280445904,0.9721097532984404,0.37711147285253643
6,-0.9350108589738897,0.5240619900465742,1.2611457896748062,1.4590728490204639,2.196156648648696,0.737083799628232
7,-0.21202310500990668,-0.21258183612071269,-0.5518861827099749,-0.00055873111080601,-0.3398630777000682,-0.3393043465892622
8,,,,,,
