,distr-focus,own-focus,office-focus,own-distr,office-distr,office-own
0,-10.943144305803859,1.4302460102686227,-25.412896449849033,12.373390316072483,-14.469752144045174,-26.843142460117654
1,-0.6682098760520319,-0.5912120311738508,-2.2501183405631746,0.07699784487818107,-1.5819084645111428,-1.6589063093893237
2,13.283682869306642,3.337143400766765,1.0437644812622953,-9.946539468539877,-12.239918388044346,-2.2933789195044696
3,-32.85326478217516,-17.08932025074182,-21.809282589620363,15.763944531433333,11.043982192554795,-4.719962338878539
4,-1.5578149128845635,0.10406375467886853,1.943775777907551,1.661878667563432,3.5015906907921144,1.8397120232286825
5,5.325151437906616,1.6215679201960684,1.6716403980934516,-3.7035835177105474,-3.6535110398131643,0.05007247789738323
6,11.341331473754698,1.5071479853299592,-0.5004733336822323,-9.834183488424738,-11.84180480743693,-2.0076213190121917
7,1.0589322919787996,0.6070317571577921,-2.402393214846094,-0.45190053482100745,-3.4613255068248936,-3.009424972003886
8,,,,,,
