,distracting minus focus increasing,own choice minus focus increasing,background noise minus focus increasing,own choice minus distracting,background noise minus distracting,background noise minus own choice
0,0.8880192438592905,1.247520610426514,0.23216481059535277,0.35950136656722353,-0.6558544332639378,-1.0153557998311613
1,-1.8192582815033855,-247.57334419278337,-1.6321631340718248,-245.75408591128,0.18709514743156075,245.94118105871155
2,-0.1625849690352279,-0.7382806279227392,-0.5197677452133662,-0.5756956588875113,-0.3571827761781383,0.21851288270937297
3,1.5632360554294367,5.628095972809411,1.276584441181645,4.064859917379975,-0.28665161424779173,-4.351511531627766
4,0.8239909199260933,0.7134417260391528,0.5229556122662005,-0.11054919388694051,-0.30103530765989284,-0.19048611377295233
5,2.9136207660153426,0.49652720262626837,-0.167804373038142,-2.417093563389074,-3.0814251390534846,-0.6643315756644104
6,1.3740420700045184,13.228749874892918,1.092042506879706,11.854707804888399,-0.28199956312481256,-12.13670736801321
7,2.053982961382916,0.444551809512249,0.27215705356151726,-1.6094311518706668,-1.7818259078213985,-0.17239475595073173
8,,,,,,
