,distr-focus,own-focus,office-focus,own-distr,office-distr,office-own
0,-0.37210702945825846,56.38372898298371,0.7997328391654046,56.755836012441975,1.171839868623663,-55.58399614381831
1,0.6166008792335653,49.15473821814622,0.0839737674172512,48.538137338912655,-0.5326271118163142,-49.07076445072897
2,2.6999122060556893,0.10986878013321483,-0.07585927010912408,-2.5900434259224743,-2.775771476164813,-0.1857280502423389
3,5.418341006901738,-0.7509053240687151,0.15175325210738727,-6.169246330970453,-5.266587754794351,0.9026585761761023
4,-0.8297135038470087,-86.21245307655444,-0.4194178497746772,-85.38273957270742,0.4102956540723315,85.79303522677975
5,0.0901963445792977,-3.290841665655896,1.2577362995767547,-3.3810380102351942,1.167539954997457,4.548577965232651
6,-4.2936560700425055,-4.795548578810665,6.239190250899515,-0.5018925087681593,10.53284632094202,11.03473882971018
7,-1.8686890570958412,0.24754237466697404,-1.948397135837189,2.1162314317628153,-0.07970807874134778,-2.195939510504163
8,,,,,,
