,distracting minus focus increasing,own choice minus focus increasing,background noise minus focus increasing,own choice minus distracting,background noise minus distracting,background noise minus own choice
0,-0.18676003210301206,-0.18177156742233863,0.5771374387921311,0.004988464680673418,0.7638974708951431,0.7589090062144698
1,0.154918318055643,0.17734511729109803,-0.7393278541782917,0.02242679923545504,-0.8942461722339348,-0.9166729714693898
2,-1.4462201915776143,-1.631850199750283,-1.1393400988452385,-0.18563000817266867,0.30688009273237604,0.49251010090504466
3,0.2824836701643027,0.31902043700862653,0.5904599894421382,0.03653676684432383,0.3079763192778355,0.27143955243351164
4,-10.19468922503804,-10.061840162422282,-9.661081038701496,0.13284906261575863,0.5336081863365435,0.4007591237207848
5,-1.0987391390878793,-0.9504773556835469,-3.2828673838096023,0.14826178340433252,-2.184128244721723,-2.332390028126056
6,-0.32685232231332473,0.6666597551144404,0.4504154550342274,0.9935120774277652,0.7772677773475521,-0.216244300080213
7,2.2412471178195514,3.539820924847768,3.091110051612074,1.2985738070282162,0.8498629337925225,-0.4487108732356937
8,,,,,,
