,distr-focus,own-focus,office-focus,own-distr,office-distr,office-own
0,0.6680858552112384,-0.8176862326407426,-0.43378470232044036,-1.4857720878519811,-1.1018705575316787,0.3839015303203022
1,1.9093397572666568,-0.4933888691338115,-0.0757104747033841,-2.402728626400468,-1.985050231970041,0.4176783944304274
2,4.1351966138976675,-1.1164438770064824,0.09018857776904599,-5.25164049090415,-4.045008036128621,1.2066324547755285
3,4.604384899050805,2.8857161780493374,5.008314358199644,-1.7186687210014673,0.40392945914883893,2.122598180150306
4,2.7089458992536164,-1.7323887247719023,1.9403963204423043,-4.441334624025519,-0.7685495788113121,3.672785045214207
5,1.6884943166180744,0.12084728892636554,1.0515372958559892,-1.5676470276917087,-0.6369570207620849,0.9306900069296238
6,1.6152565067844178,0.515987408654861,0.9428988784419803,-1.0992690981295568,-0.6723576283424375,0.4269114697871192
7,1.1205160639084375,0.1824412570406572,0.5271739834794615,-0.9380748068677803,-0.593342080428976,0.34473272643880437
8,,,,,,
