,distr-focus,own-focus,office-focus,own-distr,office-distr,office-own
0,2.935729653462291,-1.895246393451429,-3.180899985487708,-4.830976046913721,-6.116629638949999,-1.285653592036279
1,3.4014190663976183,3.2291405932276285,-3.3278857461237283,-0.17227847316998968,-6.729304812521346,-6.557026339351356
2,3.5599036970531452,5.018224535587698,2.4412763067754417,1.4583208385345527,-1.1186273902777035,-2.5769482288122565
3,-18.373446265457705,-18.456386914968707,-26.221392663372384,-0.08294064951100077,-7.847946397914676,-7.765005748403675
4,3.299182731536173,1.1997095931251385,-1.2685508141544934,-2.099473138411035,-4.5677335456906665,-2.4682604072796317
5,-2.4699151499389256,-2.1954246591271755,-4.433667577293322,0.27449049081175037,-1.963752427354397,-2.238242918166147
6,-7.6679113880384175,-4.453412653702161,-5.404767736131255,3.214498734336257,2.263143651907163,-0.9513550824290944
7,-2.3222202705584003,-0.22400681755786916,-0.6289849247837613,2.098213453000531,1.693235345774639,-0.4049781072258921
8,,,,,,
