,distracting minus focus increasing,own choice minus focus increasing,background noise minus focus increasing,own choice minus distracting,background noise minus distracting,background noise minus own choice
0,0.21463296903460838,0.3900871281117183,0.029174704368693433,0.17545415907710993,-0.18545826466591492,-0.36091242374302485
1,0.23646630236794164,0.3426638476884377,-0.15338173302107735,0.1061975453204961,-0.389848035389019,-0.4960455807095151
2,0.20524408014571946,0.3541691386937289,0.09628493364558935,0.14892505854800941,-0.10895914650013011,-0.2578842050481395
3,0.023255984907624257,0.2676078512157748,0.3857875791482349,0.24435186630815053,0.36253159424061066,0.11817972793246012
4,-0.17170830080666144,0.03620882123341143,-0.03536586000520425,0.20791712204007287,0.1363424408014572,-0.07157468123861568
5,-0.20860314207650274,-0.2016304644808743,-0.1381019711163154,0.0069726775956284424,0.07050117096018735,0.0635284933645589
6,-0.2617400468384074,-0.1736721311475409,-0.2770563361956804,0.08806791569086651,-0.015316289357272955,-0.10338420504813947
7,-0.13501517911353977,-0.08893139040680018,0.18047011883077457,0.046083788706739584,0.31548529794431435,0.2694015092375748
8,,,,,,
