,distr-focus,own-focus,office-focus,own-distr,office-distr,office-own
0,-0.21362312958255109,-0.1965017121083819,-0.012702930270531765,0.017121417474169176,0.20092019931201932,0.18379878183785014
1,0.017738897549225197,-0.27014622209801564,-0.12761750861638482,-0.28788511964724084,-0.14535640616561002,0.14252871348163082
2,0.017886913361969514,-0.013821114978169735,0.09677911176465293,-0.03170802834013925,0.07889219840268341,0.11060022674282266
3,0.260882254562973,0.30596615533266136,0.26199565304408734,0.04508390076968838,0.0011133984811143582,-0.04397050228857402
4,0.11892036832961633,0.1779554814218427,0.6121396830388088,0.059035113092226366,0.49321931470919256,0.4341842016169662
5,0.2552761317017765,0.022562251566380753,0.18705103267151563,-0.23271388013539573,-0.06822509903026086,0.16448878110513487
6,0.38886028370378933,0.14285587842942693,0.49880093335235753,-0.2460044052743624,0.1099406496485682,0.3559450549229306
7,0.12094088222758287,-0.13980802599930853,0.31370228410726547,-0.2607489082268914,0.1927614018796826,0.453510310106574
8,,,,,,
