,distr-focus,own-focus,office-focus,own-distr,office-distr,office-own
0,-0.09590884496411245,-0.008636997499438692,-0.17270814910654275,0.08727184746467376,-0.0767993041424303,-0.16407115160710406
1,-0.12676776443051896,-0.042805354190332934,-0.08956533866084626,0.08396241024018603,0.0372024257696727,-0.04675998447051333
2,-0.07274037224706492,-0.06276678939691616,0.020767206671279514,0.009973582850148766,0.09350757891834444,0.08353399606819567
3,-0.2840478281486465,-0.3389651206153777,-0.12229037141888499,-0.054917292466731216,0.1617574567297615,0.2166747491964927
4,-0.10055929211365455,-0.22879767665689416,-0.3291959276941937,-0.1282383845432396,-0.22863663558053915,-0.10039825103729955
5,-0.312633793133182,-0.18613872159857758,-0.14195362415866952,0.12649507153460443,0.1706801689745125,0.04418509743990806
6,-0.3211454712132709,-0.27065762821051215,-0.3249954091225791,0.05048784300275877,-0.0038499379093082098,-0.05433778091206698
7,-0.17011679204826735,0.027101614058565815,-0.14650034844841853,0.19721840610683317,0.023616443599848824,-0.17360196250698434
8,,,,,,
