,distr-focus,own-focus,office-focus,own-distr,office-distr,office-own
0,-0.056223650576063766,0.3902421476773844,0.34010300483925765,0.4464657982534482,0.3963266554153214,-0.05013914283812676
1,0.425369328485355,1.7694898279564457,0.7346759288964061,1.3441204994710907,0.30930660041105107,-1.0348138990600395
2,-2.1788815765157823,-0.6720276954122637,-1.686588608907928,1.5068538811035186,0.49229296760785424,-1.0145609134956644
3,0.18550871802126062,37.865822981326964,0.670081353246362,37.6803142633057,0.48457263522510136,-37.1957416280806
4,-0.8151592711545053,-0.4258925165332213,-0.521968767837101,0.3892667546212839,0.29319050331740415,-0.09607625130387976
5,1.0371437724075547,1.881936017924522,1.143283274313216,0.8447922455169671,0.10613950190566113,-0.738652743611306
6,10.928586250308173,13.62089276717811,11.687300747405915,2.6923065168699387,0.7587144970977426,-1.9335920197721959
7,-0.6323454747517843,-0.31665168857339976,-0.6990338926308288,0.31569378617838445,-0.06668841787904466,-0.3823822040574291
8,,,,,,
