,distr-focus,own-focus,office-focus,own-distr,office-distr,office-own
0,0.31155932633771793,-0.29586625376580256,-1.0178385131708891,-0.6074255801035204,-1.329397839508607,-0.7219722594050866
1,-1.994561845653878,-1.8721727554159269,-2.1817385381533225,0.12238909023795108,-0.18717669249944457,-0.30956578273739566
2,1.5226825596858446,1.3439240993259642,0.12559223272662257,-0.17875846035988058,-1.397090326959222,-1.2183318665993417
3,-9.591352395542845,-9.370757461790642,-10.161536675006326,0.22059493375220318,-0.5701842794634808,-0.790779213215684
4,1.216637329308797,1.405794694910179,1.095720091709977,0.18915736560138185,-0.12091723759882012,-0.31007460320020197
5,-1.981141049221217,-2.0349314210659526,-2.3470006645440202,-0.053790371844735674,-0.3658596153228034,-0.31206924347806775
6,-0.8495441265887989,0.26692796729993074,-1.0776766895084766,1.1164720938887296,-0.22813256291967776,-1.3446046568084074
7,-1.3246256704426653,0.9683283166657848,-0.7970672449686698,2.29295398710845,0.5275584254739956,-1.7653955616344545
8,,,,,,
