,distr-focus,own-focus,office-focus,own-distr,office-distr,office-own
0,0.3053507221245748,0.8890425752807143,-0.43850449499777483,0.5836918531561395,-0.7438552171223496,-1.327547070278489
1,0.09281669255956171,0.662834700801654,-1.772492385975961,0.5700180082420923,-1.8653090785355226,-2.435327086777615
2,0.36514535170564344,0.17917106135486338,-0.012268142351098854,-0.18597429035078006,-0.3774134940567423,-0.19143920370596224
3,-0.18572186598756413,-1.0407468430310018,-1.003296769397536,-0.8550249770434378,-0.817574903409972,0.03745007363346592
4,-0.18958756805648164,-1.7666923147763693,1.05561668264393,-1.5771047467198878,1.2452042507004115,2.8223089974202993
5,-0.5709441089605588,2.5765876549943494,-0.2732050951801097,3.147531763954908,0.2977390137804491,-2.8497927501744593
6,-0.47339767694282364,-1.7448449761442026,-0.1616382087552075,-1.271447299201379,0.31175946818761613,1.5832067673889951
7,-0.3316241801670623,2.0232923415688187,-0.7770273553262965,2.354916521735881,-0.4454031751592342,-2.800319696895115
8,,,,,,
