,distr-focus,own-focus,office-focus,own-distr,office-distr,office-own
0,-0.03200793650793653,0.0025079365079365007,-0.02050793650793653,0.03451587301587303,0.011499999999999996,-0.02301587301587303
1,0.016444444444444435,0.015000000000000006,0.028015873015873015,-0.0014444444444444288,0.01157142857142858,0.013015873015873008
2,-0.005166666666666667,0.0602037037037037,0.024962962962962958,0.06537037037037036,0.030129629629629624,-0.03524074074074074
3,0.02530952380952381,-0.021007936507936517,-0.019515873015873028,-0.04631746031746033,-0.04482539682539684,0.001492063492063489
4,-0.09133333333333335,-0.06022222222222223,-0.03766666666666667,0.03111111111111111,0.053666666666666675,0.022555555555555565
5,0.018761904761904757,-0.021904761904761906,0.05342857142857145,-0.04066666666666666,0.03466666666666669,0.07533333333333336
6,0.025140211640211643,0.0045925925925925926,0.04175132275132276,-0.02054761904761905,0.016611111111111118,0.03715873015873017
7,0.05638888888888889,0.08222222222222222,0.038703703703703726,0.025833333333333333,-0.017685185185185165,-0.0435185185185185
8,,,,,,
