,distracting minus focus increasing,own choice minus focus increasing,background noise minus focus increasing,own choice minus distracting,background noise minus distracting,background noise minus own choice
0,-0.016482739179460488,0.03042232630757221,0.009276520079798782,0.0469050654870327,0.02575925925925927,-0.021145806227773428
1,0.03196964177292045,0.0429143897996357,0.057800329603608314,0.010944748026715247,0.025830687830687864,0.014885939803972615
2,0.010358530661809343,0.0881180935033394,0.05474741955069824,0.07775956284153007,0.0443888888888889,-0.033370673952641164
3,0.04083472113799982,0.006906453291699199,0.010268583571862257,-0.03392826784630062,-0.03056613756613756,0.0033621302801630573
4,-0.07580813600485732,-0.032307832422586516,-0.007882210078931362,0.043500303582270805,0.06792592592592596,0.024425622343655154
5,0.03428710209038077,0.006009627894873795,0.0832130280163067,-0.02827747419550698,0.04892592592592593,0.07720340012143291
6,0.040665408968687644,0.032506982392228295,0.07153577933905804,-0.008158426576459349,0.030870370370370395,0.039028796946829744
7,0.0719140862173649,0.11013661202185791,0.068488160291439,0.03822252580449301,-0.0034259259259259087,-0.041648451730418916
8,,,,,,
