,task 1,task 2,task 3,task 4
0,0.37620941284007287,0.32576695994900723,0.5055064856821163,0.3410203761279575
1,0.5433484049096425,0.3860781248127032,0.5419477293443328,0.5813201363475476
2,0.48367900883058257,0.5107878205704125,0.5397523938497832,0.522273614754855
3,0.35491871629676214,0.7938688169924933,0.6054851068206579,0.7079073100881159
4,0.2712080843327711,0.5078249117938662,0.84513855010889,0.4736493301318655
5,0.39006023818008034,0.569072436410018,0.6208642349571178,0.8405535466355183
6,0.3459347257413309,0.5829723122640553,0.8510066509345047,0.7093308888220461
7,0.53704042224515,0.47249447180160514,0.798203844859088,0.6435816753503979
8,,,,
