,focus,distr,own,office
0,1.1476483448659542,-0.0943718891330218,0.9075303216685876,0.9523982882118368
1,4.081439997003128,1.135826134204929,0.7671591554879001,0.8699466652340048
2,1.1331278222912633,0.8631707468314982,0.8051769021621775,0.6667518638278088
3,0.6164490567724956,-0.15339836832095075,0.7720285622168949,0.7285590453968955
4,0.4177092495987645,0.9670978172302888,0.8534952497984567,0.5855555230214139
5,-0.14719204423707513,0.7419988805081625,0.6601806273442893,1.1765990501462344
6,0.7342887497049729,0.553304848032621,0.8977135614858821,0.7168020682047507
7,0.08187821884288138,0.5564442210977449,0.921741269901525,0.49724309062229904
8,,,0.5908975222766408,
