,focus,distr,own,office
0,0.6724853975819581,0.2648815260739772,0.024742464418356657,-0.4645544030841943
1,1.063332234961493,0.2043473356968959,0.3312563337872332,0.7112453494954153
2,0.30151461306908983,0.37066083334531247,-3.7852460754671973,-5.389038010853868
3,-0.6325010655086221,1.5292665350641395,-5.538322569650606,-2.600306562189195
4,-0.9479899961109213,-0.2140669332752423,42.393768387398545,3.096235035860512
5,9.652623348049095,1.0762655718125003,0.29144352660882794,1.7210629776899526
6,-0.4160027920901543,0.6345567306070747,1.9348015885189966,0.7782229152409551
7,-12.354287182927507,0.26150835949830636,0.7774721601884651,0.9762396965398289
8,,,,
