,task 1,task 2,task 3,task 4
0,0.01691074681238615,-0.19772222222222222,0.19236490588949606,-0.16854751785352878
1,0.019577413479052813,-0.21688888888888883,0.12577495879954892,-0.3702706219099662
2,-0.011311475409836074,-0.21655555555555553,0.13761358313817335,-0.12027062190996618
3,0.020021857923497255,-0.0032341269841270033,0.2643737242316478,0.3825534521641079
4,0.06263296903460838,0.23434126984126982,0.27055009107468125,0.19897540983606557
5,0.014244080145719484,0.22284722222222222,0.021216757741347927,0.08474525110590683
6,0.03103773093937028,0.2927777777777777,0.11910564663023679,0.015721441582097324
7,0.08091074681238615,0.2159259259259259,0.12699453551912573,0.3963960447567005
8,,,,
