,focus,distr,own,office
0,0.3532365032597048,0.19964296777788357,0.17483801808565286,0.26282371141475563
1,0.5020605605267445,0.2699128645377563,0.21081695098528944,0.32718003828702413
2,0.37867505793589806,0.4004886844914714,0.34925489585906705,-0.6845784611692955
3,0.3255867715372164,0.31293720219679716,0.2865559709828768,1.6029930643162011
4,0.32464085130476017,0.3127418277136953,0.31138915254883076,0.44918598646575303
5,0.3691836724861354,0.3819787166180658,0.3476630772868232,0.7691195702340635
6,0.31013695673131214,0.30246605714168434,0.38182313585172967,-5.324996230117735
7,0.5641339951872346,0.26542645847656293,-0.35919937181011713,0.7376303672620963
8,,,,
