,focus,distr,own,office
0,-2.957337679264069,5.495249643597273,1.4234143586724415,-3.980068003564498
1,0.06230807528170044,3.8331648496531288,-12.562273408753535,0.5259470067671369
2,-0.21580474607841013,-1.5586141570947523,-2.0594255779592983,0.3192722613150189
3,-0.4235795108714145,13.9794984449005,-3784.1410899638518,-1.25615896866547
4,-0.2892513255555412,0.6336667660143144,-3.6686475214368586,2.0274064612510245
5,-0.9559861886519485,0.17363565227468597,0.47202541682175225,1.4646579190988092
6,-7.151445131951282,-1.1541230825321755,0.5421011813730454,9.91188320127812
7,0.3843615719894127,0.40192243456938526,-2.22763114343377,-20.887661442460928
8,,,,
