,focus,distr,own,office
0,0.35140166581785603,0.6567523879424308,1.2404442410985703,-0.08710282917991878
1,0.3681553204665224,0.4609720130260841,1.0309900212681764,-1.4043370655094385
2,0.3432435221135334,0.7083888738191768,0.5224145834683968,0.3309753797624345
3,0.534045917750922,0.3483240517633579,-0.5067009252800799,-0.469250851646614
4,0.5767404790380574,0.3871529109815757,-1.189951835738312,1.6323571616819872
5,1.0715205226134548,0.500576413652896,3.648108177607804,0.798315427433345
6,0.8633784861396894,0.38998080919686573,-0.8814664900045133,0.7017402773844819
7,1.6861590505192097,1.3545348703521474,3.7094513920880283,0.9091316951929131
8,,,,
