,task 1,task 2,task 3,task 4
0,-0.1862110436341658,-0.04981797750278309,0.15056278630597902,-0.5060911913478614
1,0.09218272881963685,0.1899248127854817,-0.2595567210141407,1.3169977881647363
2,-0.29205114909959573,-0.16489544243924564,-2.0467289617699826,-1.2095991229304406
3,-3.093415483166921,-0.31045585751598115,-0.34823639629182634,-0.61640836004705
4,-0.48205146146714845,0.25640098948962625,-0.07754569348664274,7.425509355418124
5,0.6758504091188531,-1.3667573051900563,0.09551171179899935,0.0795129290583019
6,0.07470927874183315,-0.07054284084961937,-1.2153291511898012,0.8384847660875149
7,-1.0537326238836433,-1.0543598082815255,0.3425968098323559,1.1719217073745378
8,,,,
