,task 1,task 2,task 3,task 4
0,0.0,0.0,0.002222222222222222,0.014444444444444444
1,0.002,0.0,0.0,0.0
2,0.0,0.0,0.0,0.0
3,0.0,0.002222222222222222,0.004,0.004
4,0.002222222222222222,0.002,0.0,0.0
5,0.006222222222222223,0.0,0.004,0.0
6,0.013111111111111112,0.008,0.0,0.002
7,0.0,0.018333333333333333,0.0,0.01
8,,,,
