,focus,distr,own,office
0,1.150752887855882,-0.20496043729111735,0.9386085811931519,0.6183384619189829
1,0.970733874373176,3.2084373914702837,0.7092188229064603,0.5463798907117747
2,0.8358990883296429,2.8836897224014963,0.856109172047652,0.6549626431698973
3,0.5668391135437016,-0.5765168622690654,0.7579787240582964,0.7047662760149329
4,0.5655054535547568,0.7520880540047885,1.1616630939194867,0.5997150923681782
5,-0.0038319541043139284,1.1335294840053998,0.6981629943153245,0.7258156293387301
6,0.5300211802503061,0.7753665532715273,0.7010095999883449,0.52342265713988
7,-0.3584337527207507,0.4922669700709227,0.7629864760756535,0.42378341546406945
8,,,0.4807143623840054,
