,focus,distr,own,office
0,-0.23507123176107542,-0.03481808587634583,-0.7035688646218665,0.05388172064706194
1,-9.041958379001844,0.05339882819221677,1.3370881953802285,-0.42920297139959906
2,1.0794974762891025,-0.5276960687533563,-0.44145251151228504,3.377417908936497
3,-0.6639358808107962,-0.3118220295137549,0.21175810234197295,-0.4520890327440288
4,0.6662004154563436,1.0975268036917503,0.7148415008339406,-0.10886822968111394
5,-0.5340644193252583,0.640995716360494,2.927591956953978,0.0875625500291206
6,0.02884301850857669,-1.4315425292706923,0.5265850589656049,-0.5739328356614584
7,0.21741137677515304,4.498406274605271,-1.3906856986489737,-0.5733774122962899
8,,,,
