,focus,distr,own,office
0,0.1987954303529777,0.044325197897896115,0.013821843377194394,0.23821070181969306
1,0.09555984483007607,0.16170320863543955,0.16946214514707453,0.3073582655014161
2,0.19580111704207734,0.05291517825470875,0.1375482542359696,0.285579612139614
3,-0.13303291804984144,0.15094170255312284,0.15073896571614495,0.30115142226693353
4,1.0396595488215965,0.13206524151629062,0.14264665454661402,0.23557458972672035
5,0.4343643581093602,0.1343568504095656,0.16410849026963018,0.4487859540393515
6,0.471476054370741,0.1558702904959464,-0.1337225477332125,0.4235163222914551
7,-0.846472275090335,-0.17984922420019256,1.940943196002333,0.25374150512586047
8,,,,
