,task 1,task 2,task 3,task 4
0,-24.552502504993225,2.290639955124431,-10.08275036094805,0.8603939448558086
1,-2.4969084592114394,-0.8380021498221157,-0.9149999947002968,-0.24679011864826492
2,0.5900675158489893,2.883446435353459,12.829985903893336,-0.45369696541330595
3,-3.734565481071089,0.98539685780745,-14.778547673625884,18.074717108549272
4,2.8314269243718506,0.9917149011431681,-0.670163766420264,0.8876511464642995
5,0.6838834995561511,0.6338110216587679,4.337394539369315,-0.9877568985373004
6,-0.9841072290686848,1.023514089943507,10.857697578368246,-0.4836338953864524
7,-1.8002668581702674,1.2091581138336185,1.661058648654626,0.6021263566758264
8,,,,
