,focus,distr,own,office
0,0.02088888888888889,0.012222222222222221,0.01622222222222222,0.013999999999999999
1,0.018222222222222223,0.018,0.014222222222222223,0.008000000000000002
2,0.010222222222222221,0.02022222222222222,0.01,0.006
3,0.018666666666666665,0.014222222222222223,0.024444444444444442,0.016444444444444446
4,0.026222222222222223,0.02244444444444444,0.026222222222222223,0.010222222222222223
5,0.042333333333333334,0.008,0.012,0.004222222222222222
6,0.012222222222222223,0.012,0.026666666666666672,0.01622222222222222
7,0.030740740740740746,0.0,0.026111111111111116,0.015555555555555557
8,,,,
