,focus,distr,own,office
0,0.9893488783243235,0.8345532315773709,2.1827845507755623,1.060019122224746
1,0.33504775199300874,0.3570775144298571,0.9181450373018217,0.8891008452265107
2,-9.639990338619286,0.682225225049532,-7.3624294758146025,0.9055283381135928
3,-0.5255828297144873,0.6758467539720433,1.7175187789812398,0.8405825416046389
4,1.9230838589098869,0.6743533459436388,0.9441687829519004,0.7887882673667408
5,1.2339844472166304,0.4807097530860256,1.0878670072931442,1.429857147978804
6,0.6492382917614157,0.6075155741233298,0.8509497168335475,0.8181459937737416
7,1.041490421909519,0.6341721421113087,0.8138579693736206,0.6822110205163543
8,,,,
