,focus,distr,own,office
0,0.09495238095238097,0.06294444444444444,0.09746031746031747,0.07444444444444444
1,0.052666666666666674,0.06911111111111111,0.06766666666666668,0.08068253968253969
2,0.06183333333333333,0.056666666666666664,0.12203703703703703,0.08679629629629629
3,0.1100873015873016,0.1353968253968254,0.08907936507936508,0.09057142857142857
4,0.13555555555555557,0.044222222222222225,0.07533333333333334,0.0978888888888889
5,0.06657142857142857,0.08533333333333333,0.04466666666666667,0.12000000000000002
6,0.07096296296296296,0.09610317460317461,0.07555555555555556,0.11271428571428573
7,0.05111111111111111,0.1075,0.13333333333333333,0.08981481481481483
8,,,,
