,focus,distr,own,office
0,0.3593065711082004,0.2677410750105069,-32.05273049992248,-0.695624566719294
1,-0.015048890509018798,0.21260960315288777,-1.761319937092838,0.5142057317715947
2,-10.083138131275053,0.2305448286574206,1.9402990169735124,1.6332788146766144
3,-0.4092994914133904,0.807512840737267,0.8829832026547366,2.133654819625423
4,1.4981763328885296,1.018185224806043,-0.17861157215400336,0.32248994145564536
5,-1.4497795892803351,0.6973419280098101,0.06326869488214755,0.32204075529897913
6,-2.9358457614614535,0.4778261022685769,1.2740535532541641,0.25279168044033923
7,-1.6902040287809417,0.2662970314578437,0.6421581176120353,0.8644811866739787
8,,,,
