,focus,distr,own,office
0,0.6612929027469693,0.0485060038203046,0.02575393154894883,0.33024095344161586
1,0.1454840614069414,0.1910464090603931,-1.102063592656274,1.6124714036471732
2,0.5026288971267853,0.12528479505345164,0.1763061231658593,0.3115747667173902
3,-0.6656263567866176,0.13376528239261395,0.13731120224406165,0.2815285347958888
4,0.9167933879700929,0.11814489597168976,0.18877285383438971,0.2725153780305344
5,1.9971852531761236,0.01915282344759239,0.15531865499047393,0.6058138952003655
6,-136.35906312584058,0.16850425068869607,0.04887987279331439,0.35809296587213313
7,-0.44962928000171337,2.331507818993455,0.7374842198289775,0.27536407088133574
8,,,,
