,focus,distr,own,office
0,1.300222018064247,0.6958364478849928,0.6288519006120477,2.4574334361787216
1,0.8682277303136781,0.4605625447737194,0.14365466620038575,-0.5645028036626693
2,0.9946256879172516,0.6801755617178521,0.525390523731338,-0.5434850334123817
3,1.2743562572649945,0.9547600474829502,0.37840695423262816,0.15545388653479925
4,1.1889417031235276,0.5696505892621245,-0.008232170255238362,0.37405539226842144
5,0.6513161886635057,0.5532966160420396,0.10895986482058932,0.5460890637093456
6,0.23725438162183216,0.5946708548448779,0.1292142858834499,0.4780007613615185
7,0.4076968308735779,0.13519300595718814,0.37227634900653717,0.4944004089185047
8,,,,
