,task 1,task 2,task 3,task 4
0,0.6191455478889564,0.6223852278913307,0.0772725016156605,-0.17717632689940394
1,0.6854941570968662,0.6833209726218141,0.036212815955617816,0.27973886266959885
2,0.3855474361871095,0.5020127106011947,0.27080460330977707,0.06424335236557309
3,0.38664606664904627,0.44405883640799965,0.45305039386494306,4.715122473421223
4,0.32595555121692726,0.5105441682498152,0.6389794786540341,0.1672565344593215
5,0.42781552951943513,0.49752319958041946,-2.0464351264012217,-0.09396397527705931
6,0.49489517895544244,0.7848846455320088,0.845871430043033,0.7602426905621092
7,0.44444768690131237,0.7254788656685678,6.594550972241066,0.004747103054503758
8,0.3402891965230984,,,
