,task 1,task 2,task 3,task 4
0,0.024742464418356657,0.2648815260739772,0.6724853975819581,-0.4645544030841943
1,0.3312563337872332,0.2043473356968959,1.063332234961493,0.7112453494954153
2,-3.7852460754671973,0.37066083334531247,0.30151461306908983,-5.389038010853868
3,-5.538322569650606,1.5292665350641395,-0.6325010655086221,-2.600306562189195
4,42.393768387398545,-0.2140669332752423,-0.9479899961109213,3.096235035860512
5,0.29144352660882794,1.0762655718125003,9.652623348049095,1.7210629776899526
6,1.9348015885189966,0.6345567306070747,-0.4160027920901543,0.7782229152409551
7,0.7774721601884651,0.26150835949830636,-12.354287182927507,0.9762396965398289
8,,,,
