,focus,distr,own,office
0,0.533043992500624,1.2026444485882108,1.5146267240780529,0.8697146981208684
1,0.5513118549262149,1.0117804081912445,1.002766994126212,1.0171871532844343
2,-0.21943558170491187,1.0163967766895614,0.09325936272815542,0.9718076777394624
3,0.9368159148539648,1.1225381778027093,1.4832135350942937,1.1588300358289574
4,0.5397256367381805,1.1041055491035636,0.9218543457949816,1.149346269958805
5,0.7659091159266181,1.4398918847387743,0.8962635690541717,1.1161310787663263
6,0.23798444184956,1.0054543466156909,1.9385732919278211,1.2729826642539512
7,-0.6972289127852518,0.2714855782782352,0.9755520220234086,0.8051980621894902
8,,,,
