,focus,distr,own,office
0,0.19121529178696434,0.3660559054859239,0.4614079227525091,-0.09489104148487393
1,-0.2220140354217237,0.14169647850943265,-1.0126844954221292,0.7575815843875995
2,-0.17622340871093864,0.10608671741761334,-0.952570920846432,0.291554739991249
3,-0.8285790367564524,0.7869165065178103,-0.634350627262228,0.391069579004485
4,-0.8836386562757572,0.3996209144838259,-0.1657540712360409,0.3126567951700279
5,-0.6103824143820564,0.6902349897934775,0.048457523750723236,0.6222603296622069
6,-2.614260489230928,0.5373241768319195,1.7846274917471034,2.1204204953682773
7,-2.3652043991599503,0.28022222915828526,0.6313956796212581,0.8668700698591731
8,,,,
