,focus,distr,own,office
0,0.3548838120418435,0.20659324726182343,0.14864004675817907,0.347516163895395
1,0.4882519049737583,0.28468318433372963,0.16300477988184991,0.4451845180389645
2,0.35507292888550157,0.38424199105718015,0.33672523683990524,-0.40734219913638475
3,0.32070931409688475,0.3082131444282519,0.2591055822184282,0.35392938958065995
4,0.34562094723968084,0.3167705858864752,0.2580429087910547,-0.7283402639030256
5,0.34884249257921934,0.3815930904334464,0.3171424316783008,0.7291098681220245
6,0.309804921772977,0.2916647968880715,0.35662706451118065,2.2364669530579375
7,0.6005881103088968,0.2527647020196054,-1.701946051514727,0.8095061332184874
8,,,,
