,task 1,task 2,task 3,task 4
0,0.05511111111111111,0.06377777777777777,0.06266666666666668,0.06049382716049384
1,0.10705555555555554,0.05288888888888889,0.0611111111111111,0.046
2,0.08644444444444445,0.06866666666666667,0.04844444444444445,0.05044444444444444
3,0.08533333333333334,0.09222222222222223,0.052888888888888895,0.034888888888888886
4,0.09733333333333334,0.08288888888888887,0.061111111111111116,0.055333333333333345
5,0.07488888888888888,0.09111111111111111,0.055333333333333345,0.050222222222222224
6,0.08377777777777777,0.052222222222222225,0.06022222222222223,0.04644444444444444
7,0.07481481481481482,0.10148148148148149,0.03305555555555556,0.04000000000000001
8,,,,
