,focus,distr,own,office
0,-1.634179993520235,0.5682963561608677,0.33350572087468894,0.3173515335093673
1,0.11300925688553162,-1.8670561028135406,-5.342455261932878,0.38310724403729113
2,-0.3277238152122526,0.6305689520976775,0.3136829464532782,0.401639077028769
3,0.07413185884964292,0.799163367535011,0.4675178751672249,0.4731608348494826
4,0.22359754732567466,0.6598113764738494,0.5827875623516445,0.5010478428951204
5,-1.0117524379322522,1.0210914797023585,0.4877528949568621,0.9153643929785679
6,0.5614584972971544,0.7078777251194408,0.5700502825086781,0.5288853536760646
7,0.20600027844292498,0.7820117433611462,0.5482182909301151,0.6577667540873874
8,,,,
