,focus,distr,own,office
0,0.4998069471852994,0.7355188944747927,0.7177326684140382,0.9376537883257952
1,0.5168768977277635,0.5447839568286584,0.6584140765999585,1.3926631450316687
2,0.5962091466480512,0.6511842119705042,0.6406435036511378,2.7135580205553973
3,0.547691071957177,0.5632645982287267,0.531927837658374,2.8721891356940694
4,0.4992831660464706,0.6724222606905956,0.7110333174776767,2.027597196628927
5,0.6076258927409599,0.9553027320204223,0.5949979905268709,1.0418971550011777
6,0.7189685715217029,1.139668298999173,0.7690462826522916,2.146159588571323
7,0.7010484285507087,1.7578494214724885,0.7148238068480887,1.005689876511536
8,,,,
