,focus,distr,own,office
0,0.4923841385828327,0.2712226038108907,0.15151446139500488,0.559266629002103
1,0.944316926915738,0.43083850062853396,0.19055127240339828,0.95598618661036
2,0.4933722842516558,0.5719199980102759,0.438170845951903,0.6949660280327866
3,0.44802840656912357,0.42146855345361256,0.307538030688872,0.786298763317945
4,0.8144395313123443,0.44280147413839827,0.38814555001497614,1.1565433542431496
5,0.522360792193916,0.5756379088168279,0.3906044132625383,1.0066917471036754
6,0.42840904105632244,0.40514248155952987,0.4182089068784876,-2.5355114148446987
7,1.5335423146181169,0.302795724281227,0.09756911220829742,0.9057706712956239
8,,,,
