,task 1,task 2,task 3,task 4
0,0.6335865263950048,-1.3232208931439364,0.7879053501385644,2.039127119023287
1,0.3476547445893366,1.0265331189904474,-1.2579959604315598,0.34950329947592795
2,0.5191630372887583,2.625156327356875,-0.24120861307266656,10.558445533609142
3,0.46076348007832413,1.4799808573937838,0.7182953906372155,0.43960057171220673
4,0.29514894421512666,1.0321140519507885,-0.23224444386571275,0.42565341004869867
5,0.17265791651099452,2.4550702788184267,-0.0877814182123396,0.42185752657699105
6,0.6874266328578085,0.021841933702965114,-0.6737967280250116,0.34620389338786794
7,0.36761645529568665,0.31938597036358396,0.3802953765065772,0.3135003396394415
8,,,,
