,focus,distr,own,office
0,0.016444444444444446,0.03822222222222223,0.03377777777777778,0.040999999999999995
1,0.028000000000000004,0.016444444444444446,0.03422222222222222,0.042666666666666665
2,0.016,0.026666666666666672,0.008,0.04244444444444444
3,0.026222222222222223,0.030222222222222227,0.045111111111111116,0.06733333333333333
4,0.018444444444444447,0.03444444444444444,0.012222222222222223,0.04466666666666667
5,0.0,0.02022222222222222,0.04000000000000001,0.03422222222222222
6,0.012222222222222223,0.03200000000000001,0.03822222222222223,0.018222222222222226
7,0.015,0.04000000000000001,0.04148148148148149,0.015000000000000003
8,,,,
