,task 1,task 2,task 3,task 4
0,0.6515367290370139,0.5108865878189011,0.6441651397905299,0.849134227002246
1,0.6097527426429865,0.5278827932276956,0.5170126964448443,1.2746241342687576
2,0.5757261636021249,0.6050001072482195,0.6226703947988975,2.238973444291246
3,0.5002352074954308,0.5565726956752496,0.5364249314672794,1.546912563548028
4,0.6429342249604004,0.5079085387978151,0.6457537928139221,1.205724847266686
5,0.5610908644323358,0.6157691969625511,0.9189126255102437,0.9112261729441815
6,0.6982909208981134,0.7242571479800686,1.0874544062683769,1.4398231893764701
7,0.6511957692048915,0.706403483893084,1.5942311387656085,0.8891181168842419
8,,,,
