,focus,distr,own,office
0,0.036378934502878754,0.3365488426933788,-0.09641596985670509,-0.19408846635208993
1,-0.046344735192487885,0.17672208796899452,-0.7571308344630545,0.2689570322036795
2,-0.6078457650196574,0.35405875145117405,3.57182876980404,1.1770303371313173
3,-0.4836091890680948,0.8380123021547499,0.7678781283023459,1.571166434994144
4,-2.8397246097640294,0.6576747914753186,2.211713320021596,0.4048745203048085
5,-1.1805490485692225,0.8570073725806125,-0.7856414396495794,-8.22562360246818
6,-2.5723476704728108,0.5478877842834164,2.1924139189051717,0.25358138916379236
7,-1.8481017422111696,0.3044243726925725,0.6214894463462526,1.0659666931432181
8,,,,
