,focus,distr,own,office
0,0.00907936507936508,0.029000000000000005,0.02903703703703704,0.028938775510204084
1,0.018,0.06806701940035273,0.018000000000000002,0.018000000000000002
2,0.006,0.04525925925925926,0.014158730158730157,0.012944444444444444
3,0.030611111111111106,0.008000000000000002,0.006,0.008857142857142859
4,0.017802469135802464,0.029827160493827158,0.01622222222222222,0.008
5,0.02571428571428571,0.01,0.019000000000000003,0.012
6,0.012222222222222223,0.02022222222222222,0.010222222222222223,0.014222222222222223
7,0.010000000000000002,0.041388888888888885,0.0,0.06416666666666666
8,,,,
