,task 1,task 2,task 3,task 4
0,-0.1560806512757858,12.745819979394977,0.5550774439833868,-1.7763418186325741
1,-0.6332934842721677,-0.006966151039322901,-10.336485057741779,-4.6563529082549
2,-0.988146687963112,-0.19131873578311603,-0.16514375270367182,1.7312911311100994
3,-0.4639172239987464,0.015510088537685453,-1.6950239523822082,-0.7053236604786771
4,-1.080819360759653,-0.5966159390068618,-0.7264649522037384,0.0361165711201195
5,-0.4282361488196854,-0.05117597772256144,-5.960700485129879,11.110267198433101
6,-0.7283204967984565,-0.5666843886075721,-0.9715302242988921,-1.8582668800169366
7,-0.9199304429298804,-0.7821832630372517,-0.1638919020929693,1.8467005498299982
8,,,,
