,task 1,task 2,task 3,task 4
0,-0.07244687310261075,-0.060704310868245306,-0.08574499089253182,-0.0681639344262295
1,-0.061187613843351495,-0.08574134790528234,-0.08107832422586514,-0.057052823315118406
2,-0.05540983606557372,-0.06729690346083791,-0.059744990892531824,-0.05594171220400729
3,-0.07229872495446261,-0.07974134790528235,-0.05441165755919848,-0.05994171220400729
4,-0.04385428051001817,-0.07174134790528235,-0.0706338797814207,-0.03594171220400729
5,-0.04340983606557371,-0.039630236794171235,-0.05885610200364293,-0.0630528233151184
6,-0.04763205828779594,-0.08574134790528234,-0.033078324225865145,-0.06838615664845174
7,-0.042405720839236265,-0.02811171827565272,-0.00594869459623552,-0.05905282331511841
8,,,,
