,task 1,task 2,task 3,task 4
0,0.09746031746031747,0.06294444444444444,0.07444444444444444,0.09495238095238097
1,0.06766666666666668,0.06911111111111111,0.08068253968253969,0.052666666666666674
2,0.12203703703703703,0.056666666666666664,0.08679629629629629,0.06183333333333333
3,0.08907936507936508,0.1353968253968254,0.09057142857142857,0.1100873015873016
4,0.07533333333333334,0.044222222222222225,0.0978888888888889,0.13555555555555557
5,0.04466666666666667,0.08533333333333333,0.12000000000000002,0.06657142857142857
6,0.07555555555555556,0.09610317460317461,0.11271428571428573,0.07096296296296296
7,0.13333333333333333,0.1075,0.08981481481481483,0.05111111111111111
8,,,,
