,focus,distr,own,office
0,0.7654972253855824,1.3898048004862351,0.16720123702231116,0.6404114358352367
1,0.7346257291392758,2.17681727231817,-0.4586787534517687,0.7577523798448801
2,0.5276462749333023,2.3610860983445936,-1.055514103420403,0.6580933093564887
3,-0.8578400563824061,0.8101408924373388,-0.4867098397050089,1.5289355168446583
4,-1.2100479427148891,1.2190072977707278,0.1577798976746393,0.6199634795703161
5,-0.07188321455415929,1.1463914605372756,-0.02726099539434394,0.5434963855593641
6,-0.2827044002819989,1.1143730214949399,-0.11426247730853202,0.5754023651816742
7,0.24093287181376435,1.9745328091059322,0.39509311924692037,0.5198165673987416
8,,,,
