,focus,distr,own,office
0,0.8524231253784313,0.5989447700759238,0.52653917684829,0.4683606968105055
1,0.6275231247902059,0.6032993758604033,0.5082613922320189,0.32864550236172035
2,0.5838101792020044,0.569872662525563,0.5263277345834965,0.18578028788555875
3,0.5838693858850723,0.5796961659694521,0.6404392443838819,0.37127637504694244
4,0.6895777027666723,0.5215348227351277,0.46871380409846886,0.31905151677343274
5,0.649117733969109,0.44266850328031315,0.6573744019197123,0.31988068160406646
6,0.5503829567491245,0.33763163477148483,0.5725660141831012,0.3660097803977319
7,0.5037014244716173,0.23604462944230087,0.4726378128878765,0.4346169348665314
8,,,,
