,focus,distr,own,office
0,0.30533567399149364,-1.6231581445774783,6.199819987932363,0.774610097491142
1,-2.0032232106387413,0.6208688898749989,2.068523288329791,0.08982351879440481
2,0.32084385612103966,1.876349297858254,0.2984545936574807,0.13538738699331543
3,0.4463385391705598,2.0627996776522948,-0.6978900198460126,0.5283943687339722
4,-0.12701683998170463,-1.0635516402951684,3.1667989329690287,-0.6678131702596917
5,0.8014204934615872,0.6041252232363141,-6.739965689675475,1.9020733833489207
6,-3.4303309066614434,0.3898937782744701,-0.28818278110444606,6.732466077222752
7,2.5635113567136636,0.9292033875520733,2.3962354766591876,0.9696316238189712
8,,,,
