,focus,distr,own,office
0,0.8806403130357925,0.641496367219277,0.57798948315577,0.4893571316885019
1,0.6564000463456352,0.6261332429519706,0.5512700823716403,0.3460912321542524
2,0.6104445539613603,0.5868242522284757,0.579780708725354,0.20905427503448243
3,0.6082054954389812,0.6000227263919001,0.6805449987228436,0.3967234772564253
4,0.7120665130379228,0.5373606013875435,0.5215392732996567,0.36368336629757814
5,0.6745407380572961,0.45545314267726456,0.6929075986071684,0.35176963725110705
6,0.5729484076522765,0.3520543340878913,0.6216191464397599,0.4030299806421003
7,0.5267994838006801,0.25413963965156955,0.522607982499747,0.46058274986787573
8,,,,
