,task 1,task 2,task 3,task 4
0,0.6445728187802167,2.6354326626790185,0.7683220034094244,2.012502329415213
1,0.3334398944888179,1.0238230606010879,-2.21426773584768,0.2630024689355185
2,0.47758195823055266,2.000814643991725,0.04759573309261248,12.368576214999724
3,0.43865373752468545,1.3545319791057024,0.7243208919438076,0.4312971985826844
4,0.2925455835811867,0.35689223752308896,-0.14883800983095832,0.4744758250443295
5,0.17659441708934812,1.5093077338241279,-0.03272602338206781,0.45327986745781573
6,0.657697080984712,0.11739240380634128,-0.4307510254233245,0.39090129772498516
7,0.3451812365675474,0.3717987170431569,0.41597522396172315,0.3379049490990922
8,,,,
