,task 1,task 2,task 3,task 4
0,-0.2753167994400354,-0.27748485043548865,-0.044980951884436474,-0.19177360692278725
1,-0.1992308377004775,-0.17053392131986594,-0.6976994873087861,-0.08375392978742688
2,-0.19283447067074247,-0.1809767621994082,-0.0990300400467311,-0.25397720263915635
3,-0.12762933832486084,-0.05755577455857922,-0.21792589689547298,-0.20832851580883355
4,-0.2179075242818767,-0.10868314254809215,-1.033473793064755,-0.4712370383139418
5,-0.4225356240535998,-0.2846698053257595,-1.1105698143982814,-0.4320902881127788
6,-3.123196412539578,-0.18852362956175966,-0.04421283277501672,-0.320471113611844
7,-1.1756986891023369,-0.10659515026351807,-0.2967074138722807,-0.20802014862977
8,,,,
