,task 1,task 2,task 3,task 4
0,-0.4726569606441496,-0.10054993118589114,56.28317905179782,0.6991829079795134
1,0.6707629307355171,0.054162051501951705,49.208900269648176,0.1381358189192029
2,2.9289921166444453,0.22907991058875604,0.33894869072197087,0.15322064047963196
3,5.798880229730456,0.3805392228287175,-0.37036610123999764,0.5322924749361048
4,-0.6978814928386594,0.1318320110083493,-86.08062106554608,-0.28758583876632793
5,0.8420067979928294,0.7518104534135317,-2.5390312122423646,2.0095467529902864
6,0.41459548912009386,4.7082515591625995,-0.08729701964806544,10.947441810062115
7,1.0422515409918334,2.9109405980876746,3.1584829727546486,0.9625434622504856
8,,,,
