,focus,distr,own,office
0,2.3030212388403966,1.668550599878099,-1.2009851788383916,0.4296344643052503
1,0.3665319619386287,1.9854531478026298,-0.25719395585681065,0.4574222356794504
2,0.6486876303124854,4.729566508127963,-0.5913435738726247,0.9507606465964443
3,-9.712180664472381,1.1866772362759161,-0.6535170652178601,1.493721190585859
4,1.068561842638886,1.3685500928803385,0.7309003858240868,0.5040868995832903
5,-0.6769385369827532,1.3106422203690453,-0.10618239640869523,0.5767775787455749
6,-0.44957796396492195,1.094578443079714,-0.07188541696389837,0.5574790760859363
7,0.09699231967032144,1.746397529579053,0.32654318395645865,0.4213522025051277
8,,,,
