,task 1,task 2,task 3,task 4
0,0.5979152435637969,0.3614268334582347,0.586354597442332,0.3943727048572675
1,1.1403029514242724,0.4322476568843803,0.6596494795734518,0.6949527370729752
2,0.5882204984260926,0.6158266097772513,0.6109638869815531,0.6074552411698673
3,0.4014458386755674,1.1336042792804553,0.6823416303236549,0.8616801801771281
4,0.29502962172305663,0.5848473279436666,1.0066067268399466,0.5450850883015071
5,0.47894074595931313,0.6571019112136736,0.6979061618333187,1.0049005697768898
6,0.3871243937882816,0.6805112036511911,0.9997086478257909,0.8017995574063231
7,0.6738072151994176,0.5178508627712045,0.9178487396326853,0.7207374577422041
8,,,,
