,focus,distr,own,office
0,0.6492657506568931,23.787248371392998,2.01530590365317,1.594887934447429
1,-0.4834415244892384,-70.05955665858473,-15.230173813892824,10.700664234659905
2,-0.9569014885884057,3.827221416821902,2.3759486084762846,0.49326667782858546
3,3.286406451441755,-3.5544873413021394,1.19619343706654,0.022095143403178374
4,0.5612567090462607,0.7623594649786094,1.092156392193613,1.0078466031570719
5,-1.43157421913417,3.769708156101116,0.7947546127971693,0.4344857745539857
6,-1.4127586425437708,1.9221102708089686,1.1790511279577083,1.412401112005106
7,0.6946193731667135,1.4506257329306038,1.274028937424377,6.012831639010755
8,,,,
