,task 1,task 2,task 3,task 4
0,0.30169114487564375,0.26007539256131873,0.3777737506210996,-0.8272634279735233
1,0.36195712454365286,0.4172107401802386,2.0740041228499475,0.1328887861850262
2,0.3758759051322971,0.22839793572705344,0.4679855990739017,-1.0742174584736701
3,0.432888602568058,0.32696919151065473,0.5978244390048031,0.050818801472452026
4,0.45753150312871355,0.45936516065058475,0.5495222087327942,0.22313108371938356
5,0.5670267722640284,0.37925380505321965,0.7425744694029657,1.3181500400492658
6,0.482491478445759,0.4612317239540976,0.5779731999629438,-1.29172672193614
7,0.5852992031975622,0.4557145734658767,0.6336919076709119,0.2126698206231705
8,,,,
