,task 1,task 2,task 3,task 4
0,-0.001639344262295082,-0.004557377049180328,-0.001639344262295082,-0.006557377049180328
1,-0.001639344262295082,-0.006557377049180328,-0.001639344262295082,-0.002557377049180328
2,-0.001639344262295082,-0.006557377049180328,0.002360655737704919,-0.0005573770491803281
3,-0.001639344262295082,-0.004057377049180328,-0.001639344262295082,-0.006557377049180328
4,-0.001639344262295082,-0.006557377049180328,0.0003606557377049184,-0.004557377049180328
5,-0.001639344262295082,-0.006557377049180328,-0.001639344262295082,-0.004557377049180328
6,0.00036065573770491905,-0.006557377049180328,-0.001639344262295082,-0.006557377049180328
7,0.004263433515482696,-0.006557377049180328,0.015027322404371582,-0.0015573770491803284
8,,,,
