,task 1,task 2,task 3,task 4
0,-0.41873534282467056,1.8109562608178833,0.4211140966159543,4.874113089400563
1,-1.181261683577444,-0.09709563455965617,10.69062605817447,1.3737434099209043
2,-1.5347574071601957,-0.29081076588773486,-2.0054840456638723,0.14995665595629176
3,-0.7516123000810302,-0.060132283385200734,-1.9908874792199023,-0.9761315156027474
4,-1.5569045103248926,-0.7936709017076813,-0.8668101813978236,-0.15140312644930848
5,-0.6789735167712926,-0.15644521619432172,30.55074456293291,8.482026950294909
6,-1.0474256918386842,-0.8063513870678806,-1.2101606170455406,-7.082859808812842
7,-1.3825201090839172,-1.0327502594625682,-0.2273883650921663,1.4338889246644677
8,,,,
