,focus,distr,own,office
0,2.0455663159957767,0.5374752932810165,0.5024070981146483,41.891964191963424
1,-0.6615926426658858,0.3787790656508405,2.256202215422913,-0.5645028036626693
2,1.0576936716612757,0.4382470202903381,0.6123684665776303,-0.09141202023035788
3,1.3908561622166713,0.7029666072002714,-0.03160588696330718,-0.05450867732624837
4,0.9877473735651303,0.3855384164497406,0.02397592009374199,0.4420008992217032
5,0.9087553398118249,0.32989929876859253,0.08213621675123851,0.6337904147565953
6,0.17434498054709335,0.6348538555732013,-0.11368677586629243,0.5357285981853016
7,0.4724654854398347,0.24653484675173704,0.2778254664950558,0.5103544617809369
8,,,,
