,focus,distr,own,office
0,0.15941430598937595,0.17612121231753886,0.31824673858360525,0.4848450873755924
1,-0.3182837744464429,0.4593586317658341,0.34644610260231307,0.12441856311508315
2,0.36121650585844256,-0.31881399187719384,0.13486060698393096,-0.5271140134606954
3,0.0329375653040325,0.012443105725074417,0.4355277277954933,0.1136781666362301
4,-0.43701976708518986,-0.0029555729161896555,0.08817652028104486,0.23264680760553863
5,-0.06607427694322716,0.03163496087342523,0.6815151084977383,-0.03864998464717949
6,-0.08196138390676204,-0.05889640895056203,0.794742588850953,-0.08070183915808302
7,0.5695186131007217,-0.006329026476560071,0.2402640145727436,0.08318855372042483
8,,,,
