,focus,distr,own,office
0,1.0789647138702765,0.7761442855574918,0.8434870577886321,0.2028186421361788
1,0.7785507422628261,0.8706483798616724,0.9587299762599653,0.8493479873238488
2,0.7855375529229219,0.6754595600020241,0.7384697534490342,0.18521394605449076
3,1.0473164221906648,0.8653466019623886,0.8191542244410254,-0.04466890103278675
4,0.8275163573569819,0.8679547556694531,0.8422213371582343,-0.2044712946691165
5,0.9177825468193048,0.8014204366674443,0.6066490026690204,0.3568585100855109
6,0.8927951011012677,0.6289585500696205,0.7019808851305671,0.2462252193171421
7,0.8086742675377498,0.891203813867306,0.9011061988570305,0.3387277213252492
8,,,,
