,focus,distr,own,office
0,0.3468675036443393,0.2076047107900278,0.1449181618074127,0.2766544019828655
1,0.4807923231627946,0.2174355041012369,0.16751716677186793,0.2432201576742187
2,0.3220359917528006,0.3491760092818944,0.30293089281639496,0.2849873156998069
3,0.3184426369926975,0.2933411923887027,0.22003281104683392,0.2879823470992979
4,0.24123445627596846,0.2792544777081194,0.1884987178911387,0.2222463945537607
5,0.2547972834581049,0.42845395001145103,0.3883452477479153,0.5733211079355556
6,0.2957908278724273,0.2890463993388667,0.37565805950267867,0.5547642276101156
7,0.3094213482066685,0.2848785098502782,0.409456609324085,0.6201690287510929
8,,,,
