,focus,distr,own,office
0,0.0829916056349658,-0.04502418742858268,0.388695781179522,-0.15308236623239255
1,-0.9164577122234429,-0.20202677066397626,-0.6519160943306533,0.4874037858299851
2,-2.1789230926006056,-0.5102536058257771,-0.100376439255336,-1.3333995134564915
3,-0.4550538124252605,-0.2769163337611625,-0.06473284516695244,-0.3257306471128579
4,-0.13553444048008464,0.9178095110242273,-0.3725912296841459,-0.13968720032228046
5,0.5340206781405065,-0.17146620627257464,0.50401454897184,0.051805191686683884
6,-0.34816880191631344,-0.5302893897927277,-0.06762820379380162,-0.10143013060719606
7,0.07544824633135302,0.36248665646146816,-19.535742442542944,-0.2028179920864156
8,,,,
