,focus,distr,own,office
0,0.7816389536272436,0.8161660970849254,0.8209062227446979,0.5376264530495278
1,0.7756496668789682,0.6897401171449756,0.7710414490047778,0.6545333055528068
2,0.569901977152574,0.6644951321520838,0.6215139180367161,0.7147354450964871
3,0.5551779552241219,0.4778797750475935,0.4683494257456684,0.6578321233451411
4,0.8151096766133836,0.7301826835009652,0.7272237727642779,0.3547765282205528
5,0.6862218550887013,0.4399813994609121,0.5274738171163247,0.4944414062980534
6,0.7398781309907702,0.3674887447459811,0.6651234989263292,0.4461671970795151
7,0.6683491420187513,0.4230320183882951,0.6984512594325849,0.45162808408215127
8,,,,
