,task 1,task 2,task 3,task 4
0,1.4234143586724415,5.495249643597273,-3.980068003564498,-2.957337679264069
1,-12.562273408753535,3.8331648496531288,0.5259470067671369,0.06230807528170044
2,-2.0594255779592983,-1.5586141570947523,0.3192722613150189,-0.21580474607841013
3,-3784.1410899638518,13.9794984449005,-1.25615896866547,-0.4235795108714145
4,-3.6686475214368586,0.6336667660143144,2.0274064612510245,-0.2892513255555412
5,0.47202541682175225,0.17363565227468597,1.4646579190988092,-0.9559861886519485
6,0.5421011813730454,-1.1541230825321755,9.91188320127812,-7.151445131951282
7,-2.22763114343377,0.40192243456938526,-20.887661442460928,0.3843615719894127
8,,,,
