,task 1,task 2,task 3,task 4
0,0.3173515335093673,0.33350572087468894,0.5682963561608677,-1.634179993520235
1,0.38310724403729113,-5.342455261932878,-1.8670561028135406,0.11300925688553162
2,0.401639077028769,0.3136829464532782,0.6305689520976775,-0.3277238152122526
3,0.4731608348494826,0.4675178751672249,0.799163367535011,0.07413185884964292
4,0.5010478428951204,0.5827875623516445,0.6598113764738494,0.22359754732567466
5,0.9153643929785679,0.4877528949568621,1.0210914797023585,-1.0117524379322522
6,0.5288853536760646,0.5700502825086781,0.7078777251194408,0.5614584972971544
7,0.6577667540873874,0.5482182909301151,0.7820117433611462,0.20600027844292498
8,,,,
