,focus,distr,own,office
0,0.030484483234284897,0.9016054164648761,2.047712268569062,1.10873351822944
1,-0.30624358316882627,0.5362057308489476,1.039360428905251,0.9378144801323473
2,1.410227348052632,0.7327754846367693,2.4307112272155917,0.9591713391470325
3,5.390466189318262,0.7329538516596756,1.6562304356026254,0.9110676705506242
4,1.459265661023897,0.7190745878700955,1.03236122000386,0.8544142175405092
5,1.1109927122018028,0.5534989559459434,1.1557208369502152,1.56348113867409
6,0.38558335438585756,0.6591289738027702,0.9349399577664468,0.876882246667177
7,0.9465810266455623,0.6784656453737359,0.8884593663494842,0.7617079786160658
8,,,,
