,focus,distr,own,office
0,0.008220565568293483,1.5924190058064862,1.455237435431906,0.7949677035242437
1,-0.7230597358711058,0.9690779987315332,2.1037989867922624,0.8811352744522948
2,-0.16128760736053713,1.4773932377024075,1.0645274674355547,0.27890967372999925
3,1.2701454909190266,1.3508618020530707,0.8992257192747956,-0.18263787540746965
4,0.37346407754928784,1.1271703898870176,0.5647797349752335,1.1008729065974958
5,-1.563959940394239,1.4748688505472731,1.0287491491316223,0.9104931689526808
6,2.2781985686490773,1.5502042480330869,0.7515155856625076,3.0633201199610225
7,0.42761226879096026,0.9490426020212772,1.5624759334099432,2.153927890015775
8,,,,
