,focus,distr,own,office
0,1.2076403176016315,-0.9012154315933018,2.0622158933975934,1.0323488349496563
1,0.3302720031974193,-7.551355011467304,4.022795633042786,-3.1266736626519913
2,-0.2738604152985886,-13.351130286066653,-0.8431910341497995,0.31648103580730946
3,-14.800625043390664,4.023863151723534,-0.38264264234454515,-0.2718210901125203
4,0.8792727510300837,-3.86889543991432,0.9888341777446115,2.0775986652309806
5,-1.7678746502416416,-0.09146085694479415,0.9241094338817041,3.4536711466723644
6,2.5298918982105745,-1.7165060700740686,-0.6186676898170417,-4.055368269436292
7,2.0122906519123105,0.08019934768219061,-0.24940046734014362,4.1158797527302555
8,,,,
