,focus,distr,own,office
0,2.1013291810635804,0.9585749438599721,1.5953560127494273,1.191887888972894
1,1.214726881292584,0.4075466448426425,1.2375820606314234,1.0558557285025472
2,1.0406499473905448,0.8283903627510918,0.8323668043668925,0.8437470218111972
3,1.6097849335024603,0.7877227700277375,1.248635357290432,0.5594565963114799
4,0.9641233822515388,0.6745553347665925,1.0445484089777275,0.7370663558091826
5,0.8062278163630465,0.5596908466168287,1.10749943269658,0.8078421778010093
6,1.1459358421303178,0.6813854712379763,0.8092813180187547,0.9992030265973796
7,0.8007897086167887,0.6569224966707109,0.6649793051275362,0.9078716837211592
8,,,,
