,focus,distr,own,office
0,-6.076505853437286,0.9925820420485231,1.9409425902216904,1.1998724268458252
1,-8.130767275546784,0.5863291372937789,0.913207939429264,0.9276149503630572
2,4.046050606961148,0.7597313557003743,3.0111212804225786,0.8333020583235184
3,6.675519217875509,0.75325241265302,1.3814019786390446,0.7711409021409612
4,1.3933119665984832,0.7969409294827444,0.8906381266923882,0.7908042774228965
5,1.3806718405309997,0.6037699595688105,1.1367008719720586,-0.6345097034316463
6,-1.7462697822857158,0.7094879263015833,0.8835958708726699,0.9206457695907284
7,0.8402276388500305,0.6734626269951813,0.8248653039498418,0.8722172963681638
8,,,,
