,focus,distr,own,office
0,0.11899444016792557,-0.6681177365749039,0.640212517553413,0.7272302464487981
1,0.042697386798431124,0.3075325187318845,0.7490167751307728,0.8103607328288482
2,0.3070444563789544,-0.12975700143031413,0.3891416000039498,0.5535145620196186
3,0.4951203422945675,0.8721267703167837,0.38938994841384267,0.47366093950661287
4,0.6906587670296235,0.1234466015114775,0.3235645672825055,0.577328838551233
5,-0.5978979303806187,0.0910421402326931,0.4389434976693677,0.5797080247191772
6,0.9102674137697011,1.5780081500181118,0.5087295542507962,0.9602491178302023
7,-312.423049743771,0.03151207048521921,0.45442957140747586,0.8556568961415745
8,,,0.339864728757056,
