,focus,distr,own,office
0,0.31423890871068033,1.9975597859610787,0.687713405285715,1.624638048042945
1,0.14684065161780005,1.5689613232790067,-0.11910970174595452,0.1873991552080143
2,-0.021655702709595992,-0.19706048932472944,1.253276728121258,-0.814126483288747
3,2.2848163001199926,3.059143485321705,0.9851286284548324,-1.231529418942325
4,0.12125839581824445,0.3038703416415017,7.504813148352615,3.00404136176561
5,0.5610055547790426,0.3987184085861977,0.9937166890321016,1.370828161884638
6,0.3402522210873618,-0.5947586378865279,0.8643142111339359,1.601398010762168
7,0.5846154694663591,0.37259236445645244,0.37203363334564643,0.03272928675638425
8,,,,
