,task 1,task 2,task 3,task 4
0,0.027301587301587306,0.008,0.0,0.004222222222222223
1,0.0,0.0,0.0,0.004
2,0.002222222222222222,0.035722222222222225,0.002222222222222222,0.01844444444444444
3,0.010222222222222221,0.1039047619047619,0.008,0.0
4,0.006222222222222223,0.012,0.002,0.014000000000000002
5,0.008444444444444444,0.002,0.012444444444444447,0.0
6,0.006000000000000001,0.006000000000000001,0.006000000000000001,0.006000000000000001
7,0.012,0.0025,0.0027777777777777775,0.0
8,0.0,,,
