,focus,distr,own,office
0,-0.23947815007132026,-0.2766701451977052,-0.06289793059708361,-0.12505714885852484
1,-0.18221323801433206,-0.15081219124029807,-0.1916950145304088,-0.20554386662771104
2,-0.07407085200598988,-0.2442129818962513,-0.06720023941037806,-0.22589960837022796
3,-0.024194788015718997,0.04309950228255068,-0.0850533996081974,-0.19167493142285533
4,-0.14944903658587927,-0.08046366866135594,-0.6005112097386072,-0.38323661868069453
5,-0.21172414813370885,-0.238666445586691,-0.3904125342791786,-0.4565914596712357
6,-0.007666562857411002,-0.13692245671976294,-0.34755287949532915,-0.5031984332186551
7,-0.15445259580171872,-0.15925357587958536,-0.07307947718405686,-0.22998584420961599
8,,,,
