,task 1,task 2,task 3,task 4
0,0.0,0.002,0.0,0.0
1,0.0,0.0,0.0,0.004
2,0.0,0.0,0.004,0.006
3,0.0,0.0025,0.0,0.0
4,0.0,0.0,0.002,0.002
5,0.0,0.0,0.0,0.002
6,0.002,0.0,0.0,0.0
7,0.005902777777777778,0.0,0.016666666666666666,0.005
8,,,,
