,task 1,task 2,task 3,task 4
0,0.019162112932604735,0.06577777777777778,0.005803278688524592,0.021722222222222226
1,0.019828779599271405,0.042444444444444444,0.026247723132969036,0.03444444444444445
2,0.02449544626593807,0.04488888888888889,0.0560255009107468,0.04444444444444444
3,0.03605100182149362,0.026222222222222223,0.04246994535519126,0.01666666666666667
4,0.04005100182149362,0.036222222222222225,0.01869216757741348,0.04644444444444445
5,0.038273224043715845,0.06288888888888888,0.045358834244080146,0.048888888888888885
6,0.018051001821493627,0.04244444444444444,0.025803278688524584,0.036222222222222225
7,-0.0002823315118397106,0.06,0.0255069823922283,0.0225
8,,,,
