,task 1,task 2,task 3,task 4
0,0.054108769190736386,0.007203703703703687,0.03296296296296296,0.023686442883164176
1,0.024315118397085594,0.013370370370370347,0.03920105820105821,-0.018599271402550105
2,0.07868548876745597,0.0009259259259259061,0.04531481481481481,-0.009432604735883436
3,0.045727816809784015,0.07965608465608463,0.04908994708994707,0.038821363518084816
4,0.031981785063752266,-0.011518518518518539,0.05640740740740742,0.06428961748633878
5,0.0013151183970855906,0.02959259259259257,0.0785185185185185,-0.004694509497788204
6,0.03220400728597449,0.040362433862433836,0.07123280423280423,-0.00030297510625381107
7,0.08998178506375225,0.05175925925925924,0.04833333333333333,-0.020154826958105665
8,,,,
