,task 1,task 2,task 3,task 4
0,-3.1508708102632683,0.030029175224439618,2.965758828686731,-1.8652172182269893
1,-7.595705979532854,-4.267820233409125,-0.8664011670115072,-1.0386796401814968
2,-1.6497406044896046,-4.091016911265046,-0.5311132142119009,0.9272076243226518
3,-8.839601930983337,17.381790732389046,-0.9916555330686607,-1.0745961825796615
4,-2.688397728797247,-1.4198469146427537,1.8793358168934193,-0.22013732151761528
5,-2.5668769197446295,1.8667906575486932,-0.6031244923902326,-0.3286340015784822
6,-1.4349285140188628,3.9698392221123924,-3.6980721659260256,-0.48357343158976845
7,-1.1068902005389012,-0.4779052757551399,-2.80012554631354,-0.7019120933130091
8,,,,
