,focus,distr,own,office
0,-0.014390923213392913,0.3249849143910241,0.6760607556903785,0.3934533702906467
1,-0.04118792565392105,0.3936070011138649,0.7650563375324306,0.3951123032202365
2,0.2222467178537285,-0.03291421768265239,0.3886297964685721,0.4792738493654043
3,0.2836594564426932,0.3448509541478771,0.3913906104391072,0.42083178871341337
4,0.7537628906823295,0.10106439059948807,0.34654239759028743,0.5713886408867305
5,0.1906606310522389,0.08145138220934653,0.3571653552109137,0.30483340021664146
6,0.5652202616381361,0.7477615596549467,0.5613055131715907,0.5177705805028242
7,0.5364513667154394,-0.07496314129942828,0.4833914552989562,0.691690808235814
8,,,0.132053664413432,
