,task 1,task 2,task 3,task 4
0,-18.492515048966634,-0.2708699722210324,0.8168276025530361,3.1288162378160704
1,1.8468200763545688,2.1904274834655473,-0.9897669478490101,-1.4595153813728952
2,-4.439129298111132,-3.1291566315760515,-0.5922724982262499,0.04756411405735106
3,-4.0541151190732965,8.23375723959479,-1.1106984661300199,-1.4266046384425477
4,43.385900681053094,-1.8812145400316134,1.1180852202806748,-0.27224916770911367
5,2.871460723592276,1.0760865555404755,-0.6700499928616421,-0.36331179095258104
6,-2.1332027543290386,0.47155443501171623,-16.314536923379855,-0.5700950033778271
7,-1.567543581414279,-0.7877305073864058,-11.826374819939149,-1.0315410985201736
8,,,,
