,focus,distr,own,office
0,0.576121581789673,1.4294031664284543,1.965580385592731,1.2926391193209255
1,0.7824458273728134,1.006586591219552,0.4554536899694696,1.583220217850838
2,0.9419248616094098,1.1539551749524002,0.7151269677541812,1.0434290716902186
3,-5.980475151616934,1.011866815997868,10.436014544039601,0.9706823037219146
4,0.16518626339503412,1.0591742599677854,1.0083091143395035,1.053910272873501
5,-1.1212011731218914,0.39908326017116025,1.887956315944472,1.4653622610201995
6,-0.6858015387233907,0.9754514628982657,-2.5407235893852373,0.9981011743739959
7,0.19649651033532475,1.6862039214887725,0.7927892496047801,0.7301323016887633
8,,,,
