,focus,distr,own,office
0,0.8515744409382968,0.07774943464869649,0.21877732323411,-0.39438157515745653
1,-0.08899984062647102,10.498068851263088,-7.075421214602258,-0.7538022985842718
2,-0.34338595348418116,-1.5376114703423982,0.9089873304468894,-1.4173413257885816
3,-0.04429859977054274,-1.3624841304912967,-0.8751626916209588,-0.4986278037780848
4,-0.8621146799369906,-1.0144961884190475,0.3919767475976389,-1.1257166340494478
5,-0.14072420639311578,17.271498984059924,-0.1873540322128065,-0.5723601870053716
6,-0.616365025582967,-2.950755924068591,-0.06244284220150913,-0.8574346206723984
7,-1.0991180660271669,-0.2828315226900304,3.740862321703573,-0.9443473829007558
8,,,,
