,task 1,task 2,task 3,task 4
0,0.040999999999999995,0.03377777777777778,0.03822222222222223,0.016444444444444446
1,0.042666666666666665,0.03422222222222222,0.016444444444444446,0.028000000000000004
2,0.04244444444444444,0.008,0.026666666666666672,0.016
3,0.06733333333333333,0.045111111111111116,0.030222222222222227,0.026222222222222223
4,0.04466666666666667,0.012222222222222223,0.03444444444444444,0.018444444444444447
5,0.03422222222222222,0.04000000000000001,0.02022222222222222,0.0
6,0.018222222222222226,0.03822222222222223,0.03200000000000001,0.012222222222222223
7,0.015000000000000003,0.04148148148148149,0.04000000000000001,0.015
8,,,,
