,task 1,task 2,task 3,task 4
0,0.07155555555555555,-0.042895264116575585,0.3792501517911354,-0.0523752565993003
1,0.07422222222222222,-0.06206193078324227,0.31266020470118827,-0.2540983606557377
2,0.043333333333333335,-0.061728597449908926,0.32449882903981264,-0.0040983606557377095
3,0.07466666666666667,0.15159283112151964,0.45125897013328703,0.49872571341833644
4,0.11727777777777781,0.3891682279469164,0.45743533697632055,0.31514767109029407
5,0.06888888888888889,0.3776741803278688,0.2081020036429873,0.2009175123601353
6,0.08568253968253968,0.4476047358834244,0.3059908925318761,0.1318937028363258
7,0.13555555555555554,0.37075288403157247,0.313879781420765,0.512568306010929
8,,,,
