,focus,distr,own,office
0,-0.8272634279735233,0.3777737506210996,0.26007539256131873,0.30169114487564375
1,0.1328887861850262,2.0740041228499475,0.4172107401802386,0.36195712454365286
2,-1.0742174584736701,0.4679855990739017,0.22839793572705344,0.3758759051322971
3,0.050818801472452026,0.5978244390048031,0.32696919151065473,0.432888602568058
4,0.22313108371938356,0.5495222087327942,0.45936516065058475,0.45753150312871355
5,1.3181500400492658,0.7425744694029657,0.37925380505321965,0.5670267722640284
6,-1.29172672193614,0.5779731999629438,0.4612317239540976,0.482491478445759
7,0.2126698206231705,0.6336919076709119,0.4557145734658767,0.5852992031975622
8,,,,
