,focus,distr,own,office
0,-0.22298347125939114,-0.26665096678118044,-0.07314244780799609,-0.24825321151493784
1,-0.178987648452058,-0.16493545104865123,-0.6384719747267431,-0.14041360163182737
2,-0.1728242728374682,-0.17293382313793026,-0.11890286038482037,-0.3416889658000502
3,-0.10470338618598156,-0.05411863264759768,-0.23192482383872406,-0.2925384106594983
4,-0.1914304938399703,-0.1039304840921502,-0.8450464019272669,-0.5920377422565639
5,-0.3372891540037423,-0.27531743336739567,-0.8904654111061474,-0.5342837356104072
6,-1.7688858216668162,-0.17994172970549474,-3.194480790425397,-0.42578343764320625
7,-0.8466832285270217,-0.10280543593765894,-0.2764044629165942,-0.2803299719790439
8,,,,
