,task 1,task 2,task 3,task 4
0,0.044444444444444446,0.006000000000000001,0.0,0.0455
1,0.03222222222222222,0.03266666666666666,0.008222222222222223,0.05222222222222221
2,0.03244444444444445,0.016444444444444446,0.030222222222222223,0.024444444444444446
3,0.020222222222222218,0.020222222222222225,0.008,0.06511111111111112
4,0.006,0.004,0.02688888888888889,0.008666666666666666
5,0.04711111111111112,0.004222222222222222,0.03444444444444444,0.028666666666666674
6,0.04644444444444444,0.030888888888888893,0.04488888888888889,0.008
7,0.04283950617283951,0.009523809523809523,0.0,0.01611111111111111
8,,,,
