,focus,distr,own,office
0,0.261953078532145,0.09166561767622391,0.42569196398381404,0.5175726744530884
1,-0.9675680356464543,0.02209828907492541,0.37206467000278853,0.23887522597516814
2,-1.4389087420640863,0.13598088506560466,0.5978809524410612,0.2443675084836729
3,-0.30258972511312376,-0.17580951831234173,0.8243444404192702,0.22666368529718178
4,-2.5134437209462055,-0.05084341540560906,-1.479701299056325,0.03553444610065928
5,-0.1975767335031653,0.8531471246381072,0.7874301519178112,0.2072822040674122
6,0.0162640995382199,-0.1815562201309733,0.9973616486036121,0.29339910447341344
7,0.7391709841700775,0.08566327018244536,0.3558547307071983,0.1455447855835384
8,,,,
