,task 1,task 2,task 3,task 4
0,1.594887934447429,2.01530590365317,23.787248371392998,0.6492657506568931
1,10.700664234659905,-15.230173813892824,-70.05955665858473,-0.4834415244892384
2,0.49326667782858546,2.3759486084762846,3.827221416821902,-0.9569014885884057
3,0.022095143403178374,1.19619343706654,-3.5544873413021394,3.286406451441755
4,1.0078466031570719,1.092156392193613,0.7623594649786094,0.5612567090462607
5,0.4344857745539857,0.7947546127971693,3.769708156101116,-1.43157421913417
6,1.412401112005106,1.1790511279577083,1.9221102708089686,-1.4127586425437708
7,6.012831639010755,1.274028937424377,1.4506257329306038,0.6946193731667135
8,,,,
