,focus,distr,own,office
0,0.5174360832145464,0.5999042270876086,0.6791813144509926,0.836881808134757
1,0.5025867424673571,0.5146607506582587,0.6393184928117795,1.2117238803445374
2,0.5555934279440445,0.6447219898992506,0.5543338819152585,2.371408793041034
3,0.5257170600095533,0.5281541034624626,0.46861431277187443,1.236583950235183
4,0.5020399080799941,0.6290866915280016,0.6597374718616064,1.326026208000367
5,0.576517777774044,0.8931159658763972,0.5577627778781594,0.9057060699551887
6,0.6742452824738565,1.0529329316586684,0.6451134778119649,1.3650211881348866
7,0.6802985758323293,1.66693960535719,0.6291719882308932,0.788759020006045
8,,,,
