,focus,distr,own,office
0,-0.762040677819319,0.3389449331642489,0.23010535967344828,0.222362865616532
1,0.08530322395714234,1.5751336156005826,0.9683918410616881,0.3440548373751624
2,-2.268304054535754,0.46200504473163456,0.2535737341647907,0.40398713836802147
3,0.09397841414428484,0.5942682928911563,0.43071055354962684,0.5576632174854421
4,0.2606135697267942,0.523274167593125,0.470569585111825,0.5219673187950555
5,10.59578573965937,0.798052704366216,0.33295621779323137,-0.38301315500853705
6,-0.972729634792189,0.5736746982691765,0.4938897076136123,0.48129269324345103
7,0.26711458418649403,0.7221660712774298,0.46362224404864305,0.5945263428012304
8,,,,
