,focus,distr,own,office
0,0.22682903903568144,0.2761369749278687,0.25574298642802146,0.4898006243632996
1,0.584945736447447,0.4030723593670657,0.3162649974277041,0.34851797684537755
2,0.3920936967500019,0.4981481770168543,0.4204392939439777,0.6028813171482366
3,0.33017365244411023,0.5981521132922241,0.5774576801771528,0.6052948707410225
4,0.22322590376518248,0.3417686831001719,0.3673214820251872,1.125167100947856
5,0.34804225639403524,0.6946995037875773,0.42426437032390707,0.6907278261589092
6,0.3155627924601441,0.8208014970105123,0.4712642050562331,0.8046018710919683
7,0.4745493987384958,0.6317113405690855,0.34185106856516223,0.7981935381873841
8,,,,
