,focus,distr,own,office
0,0.7597999260707285,0.6587725151778128,0.5173168204111388,0.4613057780367147
1,0.6520549509141279,0.5655274095013307,0.5427483865354139,0.31231298335783353
2,0.6086637806127679,0.6021785774882621,0.6511908857082521,0.17011609398229435
3,0.5933095100754696,0.4828766039512018,0.7695283555722855,0.392532706525915
4,0.7210975364230826,0.5158340821508547,0.5618820601291054,0.35263741635361073
5,0.6503078948961571,0.4839826312267029,0.6873183062016779,0.2535902073512103
6,0.5632797802963639,0.3630159809066135,0.5762197423193088,0.35097861945752057
7,0.4974187176627751,0.2824398991064359,0.5340235472370929,0.5137606439947504
8,,,,
