,task 1,task 2,task 3,task 4
0,0.7599738746195792,0.7513368771201405,0.5872657255130365,0.6640650296554668
1,0.6928795291397616,0.6500741749494287,0.6033141904789153,0.5661117647092426
2,0.5653010906931604,0.5025343012962442,0.5860682973644399,0.49256071844609545
3,0.7154306100879004,0.37646548947252273,0.5931402386690154,0.43138278193925395
4,0.7286590958326327,0.4998614191757385,0.39946316813843896,0.6280998037189781
5,0.6663461236721759,0.48020740207359836,0.5243924995135064,0.3537123305389939
6,0.7288511271413975,0.4581934989308854,0.4038557180188184,0.40770565592812663
7,0.5393306140746915,0.5664322281332573,0.392830265626273,0.36921382202642417
8,,,,
