,focus,distr,own,office
0,0.002,0.0,0.0,0.0
1,0.0,0.0,0.004,0.0
2,0.0,0.004,0.006,0.0
3,0.0025,0.0,0.0,0.0
4,0.0,0.002,0.002,0.0
5,0.0,0.0,0.002,0.0
6,0.0,0.0,0.0,0.002
7,0.0,0.016666666666666666,0.005,0.005902777777777778
8,,,,
