,focus,distr,own,office
0,-0.003184948468284632,-0.06290628817597818,0.5618663850783596,0.36366280803049444
1,-0.006785807616345596,0.31036808643727604,0.7140512687020875,0.4407193669980754
2,0.25651764321122666,-0.09007810146832639,0.4359729027461451,0.4662326064653201
3,0.3400577739713221,-10.323720081411823,0.4164068479156204,0.4652692652732199
4,0.6996362674813458,0.01622759173499096,0.33451240700907425,0.4606310794534633
5,0.18416056818918106,-0.1172763198721702,0.38364770904773493,0.26068710462344646
6,0.6551544007353867,0.8649254530635593,0.5050079371596253,0.6753887774676186
7,7.701580874916853,-0.0613016469342577,0.4366255422005788,0.662282477263262
8,,,0.16410827381614185,
