,focus,distr,own,office
0,1.3649510780558451,-2.6722917295291735,1.299995804712049,-5.351232963838177
1,1.1871079263327005,-7.2418949177338945,2.1096415477994386,3.705101169283698
2,-4.692951231543293,-9.220075924531422,-7.786167315924286,-2.784137652754575
3,54.77182358219598,6.479647737667904,-6.293573189297405,-3.105836259548721
4,-5.390008557704311,-4.2658988605407755,-1.9130956897693001,-1.7184721624278048
5,-3.65334737400702,-3.8980509359235826,-5.383490963099039,-2.2945814634282837
6,-2.076916888764436,-4.629455611960116,-1.6074160955194639,-2.9398481859227394
7,-1.166554189779512,-0.3028793036872403,0.13330979518501726,-3.214715166106015
8,,,,
