,focus,distr,own,office
0,12.745819979394977,0.5550774439833868,-1.7763418186325741,-0.1560806512757858
1,-0.006966151039322901,-10.336485057741779,-4.6563529082549,-0.6332934842721677
2,-0.19131873578311603,-0.16514375270367182,1.7312911311100994,-0.988146687963112
3,0.015510088537685453,-1.6950239523822082,-0.7053236604786771,-0.4639172239987464
4,-0.5966159390068618,-0.7264649522037384,0.0361165711201195,-1.080819360759653
5,-0.05117597772256144,-5.960700485129879,11.110267198433101,-0.4282361488196854
6,-0.5666843886075721,-0.9715302242988921,-1.8582668800169366,-0.7283204967984565
7,-0.7821832630372517,-0.1638919020929693,1.8467005498299982,-0.9199304429298804
8,,,,
