,focus,distr,own,office
0,0.849888561022324,1.5179744162335624,0.032202328381581435,0.41610385870188366
1,0.25704750398329407,2.166387261249951,-0.23634136515051743,0.18133702927990997
2,0.6751269091119703,4.810323523009638,-0.44131696789451225,0.7653154868810162
3,-3.442609780126491,1.161775118924314,-0.5568936020771533,1.5657045780731529
4,-1.1497619651234943,1.5591839341301221,-2.8821506898953966,0.79063435531881
5,-0.5000632783351487,1.1884310382829255,-0.3792159894087832,0.5514740175208406
6,-0.4714624568931682,1.1437940498912496,0.044524951761692855,0.47143642154881205
7,0.060178586650149836,1.1806946505585874,0.24261984369080702,0.5873525701296114
8,,,,
