,task 1,task 2,task 3,task 4
0,0.6688634910544707,1.9163841014809848,1.5568827349137613,0.9010283016498235
1,2.8622222856533908,-244.71112190712998,1.0429640041500052,1.230059151581566
2,1.3654020248986356,0.6271213969758964,1.2028170558634077,0.8456342796852694
3,-0.5062462847307023,5.121849688078709,1.0569897706987343,0.7703381564509426
4,0.28722490569601405,1.000666631735167,1.1112158256221074,0.8101805179622146
5,1.2857504923068916,1.78227769493316,4.199371258322234,1.1179461192687496
6,-0.36037687363694737,12.86837300125597,1.0136651963675711,0.7316656332427586
7,0.34425352011916094,0.7888053296314099,2.3982364815020767,0.6164105736806782
8,,,,
