,task 1,task 2,task 3,task 4
0,0.7631828170040824,0.7561917065678677,0.8839390241804667,1.2578716950971607
1,0.5308458034547183,0.6498207698098046,1.0250001989261297,0.7268230370486435
2,0.6410500997090642,0.6103231983459632,0.7393605235382219,0.2879803301214988
3,0.7547912812498888,0.7007446585714443,0.8013956125796167,0.037573847673636016
4,0.6864553139149663,0.698859108520856,0.8295143048403713,0.18223315236848808
5,0.6642859912246104,0.5880554504529998,0.6565030952115858,0.36913994196310085
6,0.7300115938037582,0.6683517980430718,0.6139603187198844,0.21643363521632555
7,0.5941677452446412,0.8234765961818554,0.2176304051997085,0.2888360393413175
8,,,,
