,focus,distr,own,office
0,-3.9315780548175914,-0.5231499412026308,0.9687031271432845,0.9602017425476893
1,1.5627166232087855,1.2724223385286584,0.802367433937027,0.8128972366936228
2,0.8083820907573923,0.8733065615876365,0.8343524934059154,0.739077598277498
3,0.7391513806796686,-0.953292592121322,0.8155664612736796,0.7048250479255416
4,0.5813800576247958,1.540337809635183,1.5761962130167653,0.6563256683075778
5,-0.0008524197694975034,0.2738420481176606,0.8967514279903932,1.1881742488822626
6,0.7056121286689032,0.26351792261594315,0.8254645440738557,0.7335653658562985
7,-0.03735361899710371,0.37795801559352477,0.8590195933085397,0.540374230215473
8,,,0.6717533134226136,
