,focus,distr,own,office
0,0.09360303577967376,0.009834984654199687,0.2469954472248951,0.5531803507547334
1,-0.023898048924957192,-0.0035809705806319797,0.23609510844479026,0.1959703691996261
2,-0.07399425745338657,-0.12297164100795795,0.1854865693193094,-0.10140586711035088
3,0.1157337862990184,0.14193402462158752,0.20976687746001074,-0.019760744975407026
4,0.10955856127272476,-0.15992436678389158,0.9545890665040254,0.040617034923619316
5,-0.16852439136475006,0.11195317146812186,0.4330887984242995,0.17750458373680195
6,-0.032653645616803936,-0.01909147556707755,0.8395432474634392,-0.08676650572098538
7,0.5929333895030068,-0.006160344787355102,0.29080676862030463,0.14551257659402084
8,,,,
