,task 1,task 2,task 3,task 4
0,0.22615197662117276,0.044380409198834125,0.03939194451816071,0.8032894154133039
1,0.042938875769605776,0.22028399306070381,0.19785719382524877,-0.696388978408686
2,1.5791338237652783,-0.05271637598500469,0.13291363218766397,0.43979372492004
3,-0.13516661251620166,0.18385382449242488,0.14731705764810105,0.4552933769259365
4,10.30825272243693,0.24641256001464784,0.1135634973988892,0.6471716837354327
5,1.150992959882107,0.20051560419856013,0.0522538207942276,-2.1318744239274956
6,0.5216687627866943,1.1883285179011347,0.19481644047336957,0.9720842178209217
7,-2.7288322014270445,0.8109887234207233,-0.4875850836074929,0.36227785018502956
8,,,,
