,focus,distr,own,office
0,0.04834393485489423,1.9093940634855067,2.884398966681173,8.308021170265137
1,-1.3655138668635012,-1.8683358498681997,0.3511463181001816,13.720975454887471
2,0.7665504329377457,24.260991553233342,3.080790038870328,1.2335793028226998
3,0.6355224848700516,-3.179399607975055,1.2899112960979877,0.8913394175990259
4,-0.7872744120522019,-3.926728081468572,-0.02346665335618072,1.7605293441197358
5,-4.603599704192251,3.419093774885982,1.041260622007415,0.7920733113879498
6,-9.395764394922969,4.589091212093389,1.6379246820190105,35.18024116315903
7,0.356234237641246,2.4741160777853186,1.48150252778826,6.186530477653246
8,,,,
