,task 1,task 2,task 3,task 4
0,0.04212507589556769,0.0637037037037037,0.038025500910746815,0.055333333333333325
1,0.053384335154826955,0.03866666666666667,0.04269216757741347,0.06644444444444444
2,0.059162112932604725,0.05711111111111111,0.06402550091074681,0.06755555555555556
3,0.04227322404371584,0.044666666666666674,0.06935883424408014,0.06355555555555556
4,0.07071766848816029,0.05266666666666666,0.05313661202185792,0.08755555555555555
5,0.07116211293260473,0.08477777777777779,0.06491438979963568,0.06044444444444445
6,0.0669398907103825,0.03866666666666667,0.09069216757741348,0.05511111111111111
7,0.07216622815894218,0.09629629629629628,0.11782179720704307,0.06444444444444444
8,,,,
