,task 1,task 2,task 3,task 4
0,0.4427173039215754,0.49285644675970214,0.046390648506253976,0.10261429908231774
1,0.09265659623475708,1.1274704952947967,-0.216650004176294,-0.642019332661649
2,0.20972581271691465,1.224286726212579,-0.2825671548909396,1.8963144216248426
3,0.05091484650613565,37.246656474586736,-0.4336577887189657,-0.6191665067402263
4,0.14570006117465034,0.2417763124785301,-0.1474904421427538,0.6676688290117514
5,0.5587118234102835,1.2973645670215894,0.45257232150462234,-0.5845714509029324
6,0.2571325270777755,2.1907245468499714,-0.5015819700199672,-11.43016822032814
7,0.0013925286799289505,0.38377473273735807,0.0680809465589736,0.7004264213107578
8,,,,
