,task 1,task 2,task 3,task 4
0,-0.03165755919854284,0.045923497267759565,-0.03226593806921677,-0.00013570127504553692
1,-0.030990892531876167,0.02259016393442623,-0.011821493624772325,0.012586520947176683
2,-0.0263242258652095,0.025034608378870678,0.01795628415300545,0.02258652094717668
3,-0.014768670309653942,0.0063679417122040035,0.004400728597449895,-0.005191256830601093
4,-0.010768670309653939,0.016367941712204005,-0.01937704918032788,0.024586520947176685
5,-0.01254644808743172,0.04303460837887067,0.007289617486338785,0.027030965391621132
6,-0.03276867030965394,0.022590163934426224,-0.012265938069216767,0.014364298724954466
7,-0.05110200364298728,0.04014571948998179,-0.012562234365513065,0.0006420765027322435
8,,,,
