,focus,distr,own,office
0,0.5273773998520525,1.3591272333486424,0.10804370866264257,0.3973891747213364
1,-0.13281845972183698,2.239386500671867,-0.22906282441037354,-0.30499359377070584
2,1.1712741417544874,-20.57521437482946,-0.4665163770872077,0.7223583539503311
3,2.1410428463059814,0.8888340568072588,-0.7390775360513632,1.5664654881906614
4,-0.5330758108208253,1.355004733417419,12.930842119814173,0.7347979768547422
5,-0.20374335931094553,0.967014895828046,-0.5118310158194759,0.49742320905969306
6,-0.19958765474973056,0.9610594215200201,0.11333688614640444,0.4190945827736082
7,0.2572950244025551,1.1041095788864572,0.33386759910860475,0.5584502194513233
8,,,,
