,focus,distr,own,office
0,-2.346111255425467,11.394659872705326,1.4708218468129286,0.855828058956039
1,0.26927396992599734,8.304186941326375,-0.43665813702615675,1.2832947064555467
2,-0.08403283733688194,-0.9616361738366539,-0.06374798304758672,8.90842195543785
3,-0.6983335968263875,0.25502899827906,1.6613374719235257,-0.2917105526980288
4,-0.8253373924250864,1.0269217945042262,0.4961927934118465,2.9495205642907427
5,-0.8122114007040825,0.4437857767655059,0.7762772857907623,1.8276869894280812
6,-9.957966381947228,-0.6146512848835355,0.5664737278283252,0.39881327807634614
7,0.7339772083566374,0.34920123942060954,-0.37433823941317923,-2.0961401913588644
8,,,,
