,focus,distr,own,office
0,0.28139310559384445,1.44780794180465,1.939446966239783,1.6885323732232684
1,-2.941309491884193,1.0499950805847118,5.995872702577705,2.477596874103535
2,1.0923738089955202,1.1305434935868255,1.0508069192221101,1.071938899604127
3,0.38151397083880434,0.9997606752269939,-1.3776632673207532,1.0663251999667638
4,-0.010719371306551807,1.2680441719551916,1.0932630949707787,1.269961489430191
5,-4.359643113534845,1.2557068148952468,-14.173787573262478,2.5533016801129884
6,-0.33556855042785155,0.9602064205405949,0.33489178382170104,1.5468272962980645
7,-0.3031501345165409,1.2439324790213426,0.9142653875962674,0.7769785418981233
8,,,,
