,focus,distr,own,office
0,-1.7843445618133118,-2.8984395870094035,-2.0901193034452947,-1.4160031966632236
1,-4.298958160703118,-3.735812691499569,-0.7629947526138836,-1.4802977151378884
2,-1.8709421364236944,-2.9758866786210905,-12.291212149445643,-3.4357142582355236
3,-1.4962468297651033,5.8349746887157785,-1.9920526157267968,-4.737038995980544
4,-4.710151602996689,-12.772726845233894,-1.4781748308881402,-2.521959950565896
5,-4.078567743356345,-2.9266789017548014,-1.995051905229284,-1.92182725129498
6,-2.1443662960302072,-4.018308175300476,-0.6060391506585305,-1.7904603687585496
7,-1.2540617672144327,-2.5775386489044236,-0.007995784549420477,-3.862056013869948
8,,,,
