,task 1,task 2,task 3,task 4
0,1.060019122224746,2.1827845507755623,0.8345532315773709,0.9893488783243235
1,0.8891008452265107,0.9181450373018217,0.3570775144298571,0.33504775199300874
2,0.9055283381135928,-7.3624294758146025,0.682225225049532,-9.639990338619286
3,0.8405825416046389,1.7175187789812398,0.6758467539720433,-0.5255828297144873
4,0.7887882673667408,0.9441687829519004,0.6743533459436388,1.9230838589098869
5,1.429857147978804,1.0878670072931442,0.4807097530860256,1.2339844472166304
6,0.8181459937737416,0.8509497168335475,0.6075155741233298,0.6492382917614157
7,0.6822110205163543,0.8138579693736206,0.6341721421113087,1.041490421909519
8,,,,
