,focus,distr,own,office
0,-0.027313992899794037,0.05680687283011991,-2.357839805630806,-2.312646887518282
1,-1.4011106534473405,-0.7815620330058235,-2.1487442145875866,-1.3824489391665935
2,-15.504263229920193,-0.5103682186290557,0.4645882295831445,-2.644085804629566
3,11.115060643389196,-1.1494945783753971,-1.246931333138385,-4.166837471898724
4,-1.558363214473307,1.933363789565865,-1.5083465705088586,-0.25221989606493667
5,5.022777811573205,-0.6268167565418148,-0.6132595681826392,5.767857654913758
6,-1.9917850439642841,-3.291774710348284,-0.8800550090290905,-1.6059320306506826
7,-0.44447386369058905,-1.5197366310021956,0.31607368659567736,-1.363621944710244
8,,,,
