,focus,distr,own,office
0,1.490544092940302,-0.43058259629353124,0.9899120927587317,0.7124304358889919
1,1.0857270639144236,1.4392565144911722,0.8049328023124029,0.6441978142694185
2,0.8625911335851573,1.42309259560314,0.9056263470592611,0.7211579661320625
3,0.5807560007436076,-5.294884461302724,0.8012683132177962,0.75013777229389
4,0.5767054808661632,0.06273121896060409,1.2087749582554483,0.6773439067209299
5,-0.005540964540362836,0.5383788700722976,0.779240723298467,0.826620642531559
6,0.5420773741284463,0.6172487431194948,0.7651757773558139,0.6049601510449116
7,-0.2095790553736221,0.4415537951577216,0.8240836756301027,0.50664687222193
8,,,0.5429996451580864,
