,focus,distr,own,office
0,0.8603939448558086,-10.08275036094805,2.290639955124431,-24.552502504993225
1,-0.24679011864826492,-0.9149999947002968,-0.8380021498221157,-2.4969084592114394
2,-0.45369696541330595,12.829985903893336,2.883446435353459,0.5900675158489893
3,18.074717108549272,-14.778547673625884,0.98539685780745,-3.734565481071089
4,0.8876511464642995,-0.670163766420264,0.9917149011431681,2.8314269243718506
5,-0.9877568985373004,4.337394539369315,0.6338110216587679,0.6838834995561511
6,-0.4836338953864524,10.857697578368246,1.023514089943507,-0.9841072290686848
7,0.6021263566758264,1.661058648654626,1.2091581138336185,-1.8002668581702674
8,,,,
