,task 1,task 2,task 3,task 4
0,0.33263198562295937,-0.06916981233499583,0.28962629592558264,-0.6894963762202554
1,3.824793970386735,-0.030601066710174662,-0.3930433744670237,-0.6359973460877051
2,-0.5435267102292385,-1.2753207926444874,3.528324049359405,3.277747519483919
3,0.01835812980088249,-0.36737905945941973,-0.39228942397084965,-0.6674001862827273
4,-0.9340517336627719,-1.1517612568641973,-0.09438351213540208,1.05842231108277
5,2.9577770424230514,3.3309214373416025,0.09328437256446828,-0.4886688287699174
6,0.5874219815000303,-0.27190660830449725,0.9022564886926983,-0.16712917195447213
7,-4.409353911020103,-2.281963119097771,0.32849336969357457,0.026289329707825937
8,,,,
