,focus,distr,own,office
0,-0.38695856474184653,-0.0753992384041286,-0.6828248185076491,-1.4047970779127357
1,1.0834433927540523,-0.9111184528998256,-0.7887293626618745,-1.0982951453992702
2,-1.9368846543608127,-0.414202094674968,-0.5929605550348486,-1.8112924216341901
3,8.551128976129174,-1.0402234194136708,-0.8196284856614676,-1.6104076988771516
4,-1.6816579968809249,-0.4650206675721278,-0.27586330197074593,-0.5859379051709479
5,1.3276110605234541,-0.6535299886977629,-0.7073203605424986,-1.0193896040205663
6,-0.8455504550078659,-1.6950945815966647,-0.5786224877079351,-1.9232271445163425
7,-0.7623345863007758,-2.086960256743441,0.205993730365009,-1.5594018312694455
8,,,,
