,focus,distr,own,office
0,-2.805293782188365,-0.05173575999573323,-0.3020703190763532,-0.5477869122527865
1,-0.09074577808247418,-0.71716111758487,-0.5350163675073417,-0.6046554373636149
2,-0.2292708611188861,-0.8165780006091039,-0.4344310010525373,-0.5118352801872211
3,-0.07895243036326843,-0.9536591835853402,-1.374007792734786,-0.21000820185170951
4,-0.6159936036778607,-0.3493157580193096,-0.005882610618656042,-1.0191741853038045
5,0.14114084068020988,-2.049535694949868,-1.7299189223526288,-0.9341751764497552
6,-0.8338450497099901,-0.5182967176096768,-0.3273867348726683,-0.5139369881440646
7,-1.2432408884570818,-0.18125153265874006,4.014647773815509,-0.6578529926072996
8,,,,
