,focus,distr,own,office
0,0.13481872195806438,0.043500025451572624,0.030056788188975135,0.4058897537966004
1,0.09511071273987973,0.19154071511833887,0.15734086657910393,0.48909768638788415
2,1.2542300787423701,0.13116584068643516,0.04683648626055424,0.33157679453699673
3,-0.6965446235673253,0.1443871371543554,0.16751707158636536,0.34333935632357315
4,-0.3721197737133977,0.11233958914820194,0.2324233321263763,0.4069797392978208
5,-0.9536176683961823,0.06516005211862093,0.18676325479022873,0.7810244626894784
6,0.6735989890615531,0.18887275484212868,1.3129390321459544,0.5115027433600856
7,-1.2603193993085469,-0.8882926952094944,0.7815377181797895,0.31475469433361175
8,,,,
