,focus,distr,own,office
0,0.8494463322970663,0.712577128329112,0.7823156067441622,0.6276776739974402
1,0.7818508562337907,0.6207972154209858,0.6890498050750948,0.6411674271084772
2,0.6424215167504757,0.5400962165609162,0.5653458483896928,0.62021650181034
3,0.7674281732888922,0.48478474792083687,0.45216705112220223,0.6237586424191152
4,0.7803605355928035,0.6665830839767506,0.5467250273722899,0.44131044559630556
5,0.7375795734898307,0.40337948131946344,0.529518544988262,0.5566902940670367
6,0.7775709272057332,0.4439562508884907,0.5115974738313691,0.4449460039432319
7,0.6250073758004165,0.4078385914022179,0.5995624669630867,0.4305036903472373
8,,,,
