,focus,distr,own,office
0,0.25883703863500307,1.4126745018655573,2.108454690131447,0.40590977395803796
1,-1.6380504903889208,0.5439551458795615,1.1179171762877478,-1.4043370655094385
2,0.595458758221976,3.236458426764353,0.29786350754413204,0.29250711560311227
3,0.6339786618626179,0.845677505644417,-1.4195899813575183,0.9600767536554029
4,0.4057624102253092,-11.851796210528942,-53.55612054585892,-0.16515699343356538
5,1.1296520683580005,0.2826226119750864,-1.4355925897670645,1.2006454798668025
6,1.2056195747982859,0.3919442505652542,-9.455685415929475,-0.9770292930234636
7,2.7938688552680424,1.9596221019343218,2.8498125246302357,0.8239907127476859
8,,,,
