,focus,distr,own,office
0,0.012833312123715973,0.5259256212930502,0.22826353633976296,0.18292650138219735
1,0.07066430382249035,0.7294801452398925,0.2187834418341574,0.3105330159269434
2,0.11149289471821733,0.30273833077959056,0.29996937349631475,0.4217480359464136
3,0.2453189591585057,0.4978012778247384,0.3583687789922605,0.4950205829151094
4,0.2056443630833943,0.5690502596643311,0.3973171722718057,0.4457661925179791
5,0.2827753370607131,0.7318263207356657,0.2612419830827745,0.32817822974258604
6,0.2246654694305068,0.536026908323065,0.488194517634127,0.4180659648395208
7,0.2464245188853313,0.6937084660802475,0.4349080585297642,0.5853800057221079
8,,,,
