,focus,distr,own,office
0,3.7171875606214,-2.747797229213126,0.4787376235449634,-11.024365479062123
1,7.741380506538642,-10.79176414240032,0.4658865910445794,-2.268939608492088
2,-0.29855591998565023,-34.29494987555272,-10.649660006795793,-4.100299832823044
3,54.47989505051994,-17.898919175057355,-8.590462566882213,-4.853925069776707
4,-4.627750388961266,-7.892773284173268,-1.974017210910078,-2.256639309172681
5,-3.172288326346493,-4.230932974714853,-10.079805594530754,-3.653568613020245
6,-1.836882991596935,-6.54641622180125,-1.7880845980501079,-6.8999013666390265
7,-1.0706953828611734,-4.507461038222866,0.15184096435893404,-4.62833565096504
8,,,,
