,focus,distr,own,office
0,0.10261429908231774,0.046390648506253976,0.49285644675970214,0.4427173039215754
1,-0.642019332661649,-0.216650004176294,1.1274704952947967,0.09265659623475708
2,1.8963144216248426,-0.2825671548909396,1.224286726212579,0.20972581271691465
3,-0.6191665067402263,-0.4336577887189657,37.246656474586736,0.05091484650613565
4,0.6676688290117514,-0.1474904421427538,0.2417763124785301,0.14570006117465034
5,-0.5845714509029324,0.45257232150462234,1.2973645670215894,0.5587118234102835
6,-11.43016822032814,-0.5015819700199672,2.1907245468499714,0.2571325270777755
7,0.7004264213107578,0.0680809465589736,0.38377473273735807,0.0013925286799289505
8,,,,
