,focus,distr,own,office
0,-0.6894963762202554,-0.06916981233499583,0.33263198562295937,0.28962629592558264
1,-0.6359973460877051,-0.030601066710174662,3.824793970386735,-0.3930433744670237
2,3.277747519483919,-1.2753207926444874,-0.5435267102292385,3.528324049359405
3,-0.6674001862827273,-0.36737905945941973,0.01835812980088249,-0.39228942397084965
4,1.05842231108277,-1.1517612568641973,-0.9340517336627719,-0.09438351213540208
5,-0.4886688287699174,3.3309214373416025,2.9577770424230514,0.09328437256446828
6,-0.16712917195447213,-0.27190660830449725,0.5874219815000303,0.9022564886926983
7,0.026289329707825937,-2.281963119097771,-4.409353911020103,0.32849336969357457
8,,,,
