,task 1,task 2,task 3,task 4
0,-1.6231581445774783,0.30533567399149364,6.199819987932363,0.774610097491142
1,0.6208688898749989,-2.0032232106387413,2.068523288329791,0.08982351879440481
2,1.876349297858254,0.32084385612103966,0.2984545936574807,0.13538738699331543
3,2.0627996776522948,0.4463385391705598,-0.6978900198460126,0.5283943687339722
4,-1.0635516402951684,-0.12701683998170463,3.1667989329690287,-0.6678131702596917
5,0.6041252232363141,0.8014204934615872,-6.739965689675475,1.9020733833489207
6,0.3898937782744701,-3.4303309066614434,-0.28818278110444606,6.732466077222752
7,0.9292033875520733,2.5635113567136636,2.3962354766591876,0.9696316238189712
8,,,,
