,task 1,task 2,task 3,task 4
0,0.8906057365200505,0.8471842963576348,0.9901753642555413,-0.921704785996792
1,0.7100890103137087,0.7813089964121973,1.152215753194497,0.5745350844138726
2,0.7776975634504261,0.7319897300025929,0.8807293404676357,0.2643298940361637
3,0.8827076249258944,0.7967326616418502,0.9193628129197247,0.08095875853151112
4,0.8770285445883441,0.8008640565566975,0.9695584691026792,0.18887740104023715
5,0.807154503636298,0.7113535883248258,0.7998778588285965,0.329840525574149
6,0.8704465165980825,0.7734878265515952,0.7227767180163385,0.19677661536707863
7,0.788272249853044,0.8766648075173911,0.6518189721224895,0.2710987391083895
8,,,,
