,focus,distr,own,office
0,0.4439374323418919,0.509928713617503,0.595546031122532,0.780706753026492
1,0.4579987043263017,0.4875301960230077,0.5881920324089472,1.1267165818143237
2,0.6027778306750202,0.4528243315518446,0.5113634447477311,2.5704068182782054
3,0.5169299764619618,0.5513142047721937,0.4547549741657768,1.0437472549112532
4,0.4150798094651161,0.732314268651878,0.6018202946018336,1.014257432826582
5,0.5836849355211827,0.8397486591533063,0.5061399457527129,1.1808665332923325
6,0.6679224796377321,1.0646741324720033,0.6189364668512995,1.1901104228678965
7,0.520400761364492,1.014300891398931,0.5877942083928338,0.7974721083771527
8,,,,
