,task 2-task 1,task 3-task 1,task 4-task 1,task 3-task 2,task 4-task 2,task 4-task 3
0,0.046615664845173044,-0.013358834244080143,0.002560109289617491,-0.05997449908925319,-0.044055555555555556,0.015918943533697633
1,0.02261566484517304,0.006418943533697631,0.014615664845173047,-0.01619672131147541,-0.007999999999999993,0.008196721311475415
2,0.020393442622950817,0.031530054644808736,0.01994899817850637,0.011136612021857915,-0.0004444444444444487,-0.011581056466302364
3,-0.0098287795992714,0.006418943533697638,-0.019384335154826952,0.016247723132969037,-0.009555555555555553,-0.02580327868852459
4,-0.003828779599271394,-0.021358834244080138,0.006393442622950829,-0.017530054644808744,0.010222222222222223,0.027752276867030967
5,0.024615664845173038,0.007085610200364301,0.01061566484517304,-0.017530054644808737,-0.013999999999999999,0.003530054644808739
6,0.02439344262295081,0.007752276867030956,0.018171220400728598,-0.016641165755919854,-0.006222222222222212,0.010418943533697642
7,0.06028233151183971,0.02578931390406801,0.02278233151183971,-0.034493017607771695,-0.0375,-0.0030069823922283002
8,,,,,,
