,task 2-task 1,task 3-task 1,task 4-task 1,task 3-task 2,task 4-task 2,task 4-task 3
0,0.00323968000237429,-0.5418730462732959,-0.7963218747883603,-0.5451127262756702,-0.7995615547907347,-0.25444882851506445
1,-0.0021731844750521034,-0.6492813411412484,-0.4057552944272674,-0.6471081566661963,-0.4035821099522153,0.24352604671398104
2,0.11646527441408516,-0.11474283287733245,-0.3213040838215364,-0.2312081072914176,-0.4377693582356216,-0.20656125094420397
3,0.057412769758953375,0.06640432721589679,4.328476406772177,0.008991557456943411,4.271063637013223,4.26207207955628
4,0.18458861703288792,0.3130239274371069,-0.15869901675760575,0.12843531040421896,-0.34328763379049365,-0.4717229441947126
5,0.06970767006098433,-2.474250655920657,-0.5217795047964945,-2.543958325981641,-0.5914871748574788,1.9524711511241624
6,0.2899894665765663,0.35097625108759056,0.2653475116066668,0.06098678451102424,-0.024641954969899516,-0.08562873948092375
7,0.2810311787672554,6.150103285339754,-0.4397005838468086,5.8690721065724984,-0.720731762614064,-6.589803869186563
8,,,,,,
