,task 2 minus task 1,task 3 minus task 1,task 4 minus task 1,task 3 minus task 2,task 4 minus task 2,task 4 minus task 3
0,1.251083524686,0.4193336911894099,0.2893454660586938,-0.8317498334965899,-0.961738058627306,-0.12998822513071606
1,2.468449325082241,0.09624436468853656,-0.0759307693603323,-2.372204960393704,-2.544380094442573,-0.17217513404886886
2,-20.108697997742254,1.6377905188416952,1.1888747310375387,21.74648851658395,21.29757272877979,-0.4489157878041563
3,1.6279115928586219,2.8801203823573447,2.3055430242420245,1.2522087894987226,0.6776314313834026,-0.57457735811532
4,-11.575837386396755,-13.463917930634999,-12.196044142959432,-1.8880805442382442,-0.6202067565626767,1.2678737876755677
5,1.4788459116475219,0.3080876565085303,1.009254224879169,-1.1707582551389915,-0.46959168676835294,0.7011665683706386
6,0.8477225353736156,-0.312924540896135,0.30575769662720376,-1.1606470762697507,-0.5419648387464119,0.6186822375233387
7,0.7702419797778525,-0.07657257470604967,0.2245826203427186,-0.8468145544839021,-0.5456593594351339,0.30115519504876825
8,,,,,,
