,task 2 minus task 1,task 3 minus task 1,task 4 minus task 1,task 3 minus task 2,task 4 minus task 2,task 4 minus task 3
0,4.071835284924831,-5.4034823622369395,-4.38075203793651,-9.47531764716177,-8.45258732286134,1.0227303243004293
1,16.395438258406664,13.088220415520672,12.624581484035236,-3.3072178428859917,-3.7708567743714285,-0.46363893148543645
2,0.500811420864546,2.378697839274317,1.8436208318808882,1.8778864184097712,1.3428094110163422,-0.535077007393429
3,3798.120588408752,3782.884930995186,3783.71751045298,-15.23565741356597,-14.403077955771915,0.8325794577940555
4,4.302314287451173,5.696053982687883,3.3793961958813172,1.39373969523671,-0.9229180915698556,-2.316657786806566
5,-0.2983897645470663,0.9926325022770569,-1.4280116054737007,1.2910222668241231,-1.1296218409266345,-2.420644107750758
6,-1.696224263905221,9.369782019905076,-7.693546313324327,11.066006283810296,-5.997322049419106,-17.063328333229403
7,2.629553578003155,-18.66003029902716,2.611992715423183,-21.289583877030314,-0.01756086257997258,21.27202301445034
8,,,,,,
