,task 2-task 1,task 3-task 1,task 4-task 1,task 3-task 2,task 4-task 2,task 4-task 3
0,-0.006991110436214698,0.12075620717638424,0.49468887809307827,0.12774731761259894,0.501679988529293,0.373932670916694
1,0.11897496635508631,0.4941543954714114,0.19597723359392516,0.37517942911632507,0.07700226723883885,-0.2981771618774862
2,-0.030726901363101078,0.09831042382915767,-0.3530697695875654,0.12903732519225874,-0.32234286822446434,-0.4513801934167231
3,-0.05404662267844451,0.046604331329727855,-0.7172174335762528,0.10065095400817237,-0.6631708108978083,-0.7638217649059806
4,0.012403794605889695,0.14305899092540497,-0.5042221615464781,0.13065519631951528,-0.5166259561523678,-0.6472811524718831
5,-0.07623054077161062,-0.0077828960130246205,-0.29514604926150956,0.068447644758586,-0.21891550848989894,-0.28736315324848494
6,-0.061659795760686475,-0.1160512750838738,-0.5135779585874327,-0.05439147932318733,-0.45191816282674624,-0.3975266835035589
7,0.2293088509372142,-0.3765373400449327,-0.3053317059033237,-0.6058461909821469,-0.5346405568405379,0.07120563414160902
8,,,,,,
