,task 2-task 1,task 3-task 1,task 4-task 1,task 3-task 2,task 4-task 2,task 4-task 3
0,0.30265082988002245,0.06350688406350702,-0.08863235146726811,-0.23914394581651544,-0.39128318134729057,-0.15213923553077513
1,0.10512996397399488,0.07486316058033027,-0.2051788502173879,-0.03026680339366461,-0.3103088141913828,-0.2800420107977182
2,0.030663845236006293,0.007043543503121641,-0.3707264336908716,-0.023620301732884652,-0.4013902789268779,-0.37776997719399324
3,-0.0723395032838624,-0.08052227233094345,-0.28382152146641826,-0.00818276904708104,-0.21148201818255585,-0.2032992491354748
4,0.19052723973826613,0.015821328087886832,-0.15785590700207852,-0.1747059116503793,-0.34838314674034465,-0.17367723508996535
5,-0.018366860549872355,-0.23745445592990388,-0.3411379613560614,-0.21908759538003153,-0.32277110080618904,-0.10368350542615751
6,-0.0486707387874834,-0.26956481235186863,-0.21858916579765958,-0.22089407356438523,-0.16991842701017618,0.05097564655420905
7,0.004191501300933043,-0.2684683428481775,-0.06202523263187132,-0.27265984414911054,-0.06621673393280436,0.20644311021630618
8,,,,,,
