,task 2 minus task 1,task 3 minus task 1,task 4 minus task 1,task 3 minus task 2,task 4 minus task 2,task 4 minus task 3
0,-0.0026903460837887083,-0.005023679417122041,-0.006524590163934425,-0.002333333333333333,-0.003834244080145717,-0.001500910746812384
1,-0.0020236794171220353,0.0034207650273224074,-0.009857923497267754,0.005444444444444443,-0.007834244080145719,-0.013278688524590162
2,0.0017540983606557327,0.013642987249544623,-0.003857923497267763,0.01188888888888889,-0.005612021857923496,-0.017500910746812384
3,0.0077540983606557475,-0.0008014571948998118,-0.001857923497267754,-0.00855555555555556,-0.009612021857923501,-0.0010564663023679421
4,0.001976320582877965,-0.00013479052823315088,-0.015635701275045533,-0.0021111111111111157,-0.017612021857923498,-0.015500910746812382
5,-0.028357012750455362,-0.0306903460837887,-0.03774681238615664,-0.0023333333333333366,-0.009389799635701279,-0.007056466302367942
6,0.01642076502732241,0.003420765027322404,0.004364298724954464,-0.013000000000000005,-0.012056466302367945,0.0009435336976320596
7,-0.0026533090467516646,-0.027097753491196114,-0.014820886460230723,-0.02444444444444445,-0.012167577413479059,0.01227686703096539
8,,,,,,
