,task 2-task 1,task 3-task 1,task 4-task 1,task 3-task 2,task 4-task 2,task 4-task 3
0,0.08701772889538506,-0.5212180773854874,-1.3083302541283168,-0.6082358062808725,-1.395347983023702,-0.7871121767428295
1,0.061343957698075435,-0.7063193883323416,-0.44148425639888833,-0.7676633460304171,-0.5028282140969638,0.26483513193345337
2,0.16437296201566876,-0.08209714362499543,-0.5188986014342639,-0.24647010564066418,-0.6832715634499327,-0.4368014578092685
3,0.0842709910927702,0.1057303938807248,0.482736821902941,0.021459402787954607,0.3984658308101708,0.3770064280222162
4,0.25376427126872747,0.367094199747118,-0.20011796577102797,0.11332992847839052,-0.45388223703975544,-0.567212165518146
5,0.14076452704980946,-1.0368414280499865,-0.3479013574366746,-1.177605955099796,-0.48866588448648407,0.6889400706133118
6,0.45151956357940604,0.40153785951890486,1.0692785957673157,-0.049981704060501175,0.6177590321879095,0.6677407362484107
7,0.4012273247340986,-312.8774793151785,-0.42291750092225666,-313.27870663991257,-0.8241448256563553,312.45456181425624
8,,,,,,
