,task 2-task 1,task 3-task 1,task 4-task 1,task 3-task 2,task 4-task 2,task 4-task 3
0,0.01995767195767196,0.019859410430839004,0.019920634920634925,-9.826152683295453e-05,-3.7037037037033343e-05,6.122448979592118e-05
1,3.469446951953614e-18,3.469446951953614e-18,0.05006701940035273,0.0,0.05006701940035273,0.05006701940035273
2,0.008158730158730157,0.006944444444444444,0.039259259259259265,-0.0012142857142857129,0.031100529100529108,0.03231481481481482
3,-0.024611111111111104,-0.021753968253968248,-0.022611111111111103,0.0028571428571428584,0.0020000000000000018,-0.0008571428571428567
4,-0.0015802469135802431,-0.009802469135802464,0.012024691358024694,-0.008222222222222221,0.013604938271604937,0.021827160493827158
5,-0.006714285714285707,-0.01371428571428571,-0.01571428571428571,-0.007000000000000003,-0.009000000000000003,-0.002
6,-0.002,0.002,0.007999999999999998,0.004,0.009999999999999998,0.005999999999999998
7,-0.010000000000000002,0.05416666666666666,0.03138888888888888,0.06416666666666666,0.041388888888888885,-0.02277777777777778
8,,,,,,
