,task 2-task 1,task 3-task 1,task 4-task 1,task 3-task 2,task 4-task 2,task 4-task 3
0,0.32588394853014135,0.07240559322763385,-0.058178480037784475,-0.2534783553025075,-0.38406242856792583,-0.13058407326541832
1,0.11926173255818695,0.09503798362838434,-0.17961588987029858,-0.024223748929802613,-0.29887762242848553,-0.2746538734986829
2,0.05748244461850793,0.04354492794206655,-0.3405474466979377,-0.013937516676441386,-0.3980298913164456,-0.38409237464000423
3,-0.05656985849880958,-0.06074307841442983,-0.26916286933693945,-0.004173219915620252,-0.21259301083812987,-0.20841979092250962
4,0.22086389866820344,0.05282101863665889,-0.14966228732503611,-0.16804288003154455,-0.37052618599323955,-0.202483305961695
5,-0.008256667950603314,-0.21470589863939915,-0.33749372031564584,-0.20644923068879584,-0.3292370523650425,-0.12278782167624669
6,-0.02218305743397664,-0.23493437941161632,-0.20655623378536925,-0.21275132197763968,-0.1843731763513926,0.028378145626247075
7,0.03106361158374077,-0.23659318344557562,-0.03802087802134507,-0.2676567950293164,-0.06908448960508584,0.19857230542423054
8,,,,,,
