,task 2-task 1,task 3-task 1,task 4-task 1,task 3-task 2,task 4-task 2,task 4-task 3
0,-0.11445081967213114,0.3076945962355799,-0.12393081215485585,0.422145415907711,-0.009479992482724714,-0.4316254083904357
1,-0.13628415300546448,0.23843798247896605,-0.32832058287795995,0.37472213548443056,-0.19203642987249545,-0.566758565356926
2,-0.10506193078324226,0.2811654957064793,-0.047431693989071044,0.3862274264897216,0.057630236794171216,-0.32859718969555035
3,0.07692616445485297,0.37659230346662037,0.4240590467516698,0.2996661390117674,0.3471328822968168,0.047466743285049406
4,0.2718904501691386,0.34015755919854274,0.19786989331251625,0.06826710902940414,-0.07402055685662234,-0.14228766588602648
5,0.3087852914389799,0.13921311475409842,0.13202862347124641,-0.1695721766848815,-0.1767566679677335,-0.007184491282852007
6,0.3619221962008847,0.22030835284933642,0.04621116315378611,-0.1416138433515483,-0.31571103304709863,-0.17409718969555033
7,0.23519732847601693,0.17832422586520946,0.3770127504553734,-0.05687310261080747,0.14181542197935648,0.19868852459016395
8,,,,,,
