,task 2-task 1,task 3-task 1,task 4-task 1,task 3-task 2,task 4-task 2,task 4-task 3
0,1.389458803803058,0.8532815846387813,0.7165175375312525,-0.5361772191642766,-0.6729412662718055,-0.13676404710752887
1,-0.3269921374033438,0.22414076384673853,0.8007743904780247,0.5511329012500823,1.1277665278813684,0.5766336266312861
2,-0.22679789385522864,0.21203031334299038,0.10150421008080879,0.438828207198219,0.3283021039360374,-0.1105261032621816
3,16.416489695656537,6.992341967614802,6.951157455338849,-9.424147728041733,-9.465332240317686,-0.041184512275953544
4,0.8431228509444695,0.8939879965727513,0.888724009478467,0.050865145628281816,0.04560115853399749,-0.005263987094284328
5,3.0091574890663635,1.5202844332930516,2.586563434142091,-1.4888730557733119,-0.4225940549242726,1.0662790008490393
6,-1.8549220506618467,1.6612530016216565,1.6839027130973867,3.516175052283503,3.538824763759233,0.02264971147573025
7,0.5962927392694554,1.4897074111534478,0.5336357913534385,0.8934146718839924,-0.06265694791601684,-0.9560716198000092
8,,,,,,
