,task 2-task 1,task 3-task 1,task 4-task 1,task 3-task 2,task 4-task 2,task 4-task 3
0,0.008666666666666656,0.007555555555555565,0.00538271604938273,-0.0011111111111110905,-0.003283950617283926,-0.0021728395061728356
1,-0.054166666666666655,-0.04594444444444444,-0.061055555555555543,0.008222222222222214,-0.006888888888888889,-0.015111111111111103
2,-0.01777777777777778,-0.038,-0.03600000000000001,-0.020222222222222218,-0.01822222222222223,0.001999999999999988
3,0.006888888888888889,-0.03244444444444445,-0.05044444444444446,-0.03933333333333334,-0.05733333333333335,-0.01800000000000001
4,-0.014444444444444468,-0.036222222222222225,-0.041999999999999996,-0.021777777777777757,-0.027555555555555528,-0.005777777777777771
5,0.016222222222222235,-0.019555555555555534,-0.024666666666666656,-0.03577777777777777,-0.04088888888888889,-0.005111111111111122
6,-0.031555555555555545,-0.023555555555555538,-0.03733333333333333,0.008000000000000007,-0.0057777777777777845,-0.013777777777777792
7,0.026666666666666672,-0.04175925925925926,-0.03481481481481481,-0.06842592592592593,-0.061481481481481484,0.0069444444444444475
8,,,,,,
