,task 2-task 1,task 3-task 1,task 4-task 1,task 3-task 2,task 4-task 2,task 4-task 3
0,0.1363930661313827,0.3367738299401448,-0.3198801477136956,0.20038076380876213,-0.4562732138450783,-0.6566539776538405
1,0.09774208396584486,-0.35173944983377753,1.2248150593450995,-0.4494815337996224,1.1270729753792545,1.576554509178877
2,0.1271557066603501,-1.754677812670387,-0.9175479738308449,-1.881833519330737,-1.0447036804911949,0.8371298388395421
3,2.78295962565094,2.7451790868750945,2.477007123119871,-0.037780538775845196,-0.30595250253106887,-0.2681719637552237
4,0.7384524509567747,0.4045057679805057,7.9075608168852725,-0.333946682976269,7.169108365928498,7.503055048904767
5,-2.042607714308909,-0.5803386973198538,-0.5963374800605512,1.4622690169890558,1.4462702342483582,-0.01599878274069745
6,-0.1452521195914525,-1.2900384299316343,0.7637754873456817,-1.1447863103401819,0.9090276069371342,2.053813917277316
7,-0.00062718439788223,1.3963294337159993,2.2256543312581814,1.3969566181138815,2.2262815156560634,0.8293248975421819
8,,,,,,
