,task 2-task 1,task 3-task 1,task 4-task 1,task 3-task 2,task 4-task 2,task 4-task 3
0,-0.32027011927416904,0.21214430666273,-1.1435690184842693,0.532414425936899,-0.8232988992101002,-1.3557133251469993
1,-0.1628389321946856,0.2615150514667157,2.4992185685638235,0.4243539836614013,2.662057500758509,2.2377035170971076
2,-0.20114652887775475,-0.020210083718009142,2.027580550353844,0.1809364451597456,2.228727079231599,2.0477906340718537
3,-0.05321244804336345,-0.19113961051459472,-1.3344955863273618,-0.13792716247123127,-1.2812831382839982,-1.1433559758127672
4,-0.5619480015513085,-0.59615764036473,-0.40957503991469824,-0.03420963881342143,0.1523729616366103,0.18658260045003172
5,0.027652635023405647,-0.7019949484196384,0.4353664896900753,-0.729647583443044,0.40771385466666965,1.1373614381097137
6,-0.17758694284846488,-0.1709884197380388,0.07435695328318237,0.00659852311042608,0.25194389613164725,0.24534537302122117
7,-0.33920306061158406,-1.1214202287964041,-0.2707195060047308,-0.7822171681848201,0.06848355460685324,0.8507007227916734
8,,,,,,
