,task 2 minus task 1,task 3 minus task 1,task 4 minus task 1,task 3 minus task 2,task 4 minus task 2,task 4 minus task 3
0,-0.21792572122873877,0.01778622606075453,0.219921119911757,0.2357119472894933,0.43784684114049577,0.20213489385100247
1,-0.14153717887219508,-0.11363011977130011,0.7342490684317101,0.02790705910089497,0.8757862473039052,0.8478791882030102
2,-0.04443435700308651,0.010540708319366487,2.0729145169042598,0.054975065322453,2.1173488739073463,2.0623738085848933
3,0.015763234298802997,0.03133676057035262,2.3402612980356956,0.01557352627154962,2.3244980637368924,2.3089245374653427
4,-0.21175015143120612,-0.0386110567870811,1.3165638791512504,0.17313909464412502,1.5283140305824565,1.3551749359383314
5,0.012627902214089048,0.3603047414935514,0.4468991644743069,0.34767683927946236,0.43427126226021784,0.08659442298075548
6,-0.050077711130588676,0.3706220163468815,1.3771133059190315,0.4206997274774702,1.4271910170496203,1.00649128957215
7,-0.013775378297379959,1.0430256146244,0.2908660696634474,1.0568009929217799,0.30464144796082737,-0.7521595449609524
8,,,,,,
