,task 2 minus task 1,task 3 minus task 1,task 4 minus task 1,task 3 minus task 2,task 4 minus task 2,task 4 minus task 3
0,12.901900630670763,0.7111580952591725,-1.6202611673567884,-12.19074253541159,-14.52216179802755,-2.331419262615961
1,0.6263273332328448,-9.703191573469612,-4.023059423982732,-10.329518906702456,-4.649386757215577,5.680132149486879
2,0.7968279521799959,0.8230029352594401,2.719437819073211,0.026174983079444214,1.9226098668932154,1.8964348838137712
3,0.47942731253643184,-1.2311067283834618,-0.2414064364799307,-1.7105340409198937,-0.7208337490163625,0.989700291903531
4,0.4842034217527912,0.3543544085559146,1.1169359318797725,-0.12984901319687658,0.6327325101269813,0.7625815233238579
5,0.377060171097124,-5.532464336310193,11.538503347252787,-5.909524507407317,11.161443176155663,17.07096768356298
6,0.16163610819088436,-0.24320972750043568,-1.1299463832184802,-0.40484583569132004,-1.2915824914093645,-0.8867366557180445
7,0.13774717989262864,0.756038540836911,2.7666309927598784,0.6182913609442824,2.62888381286725,2.0105924519229674
8,,,,,,
