,task 2 minus task 1,task 3 minus task 1,task 4 minus task 1,task 3 minus task 2,task 4 minus task 2,task 4 minus task 3
0,0.05013914283812676,-0.3963266554153214,-0.34010300483925765,-0.4464657982534482,-0.3902421476773844,0.056223650576063766
1,1.0348138990600395,-0.30930660041105107,-0.7346759288964061,-1.3441204994710907,-1.7694898279564457,-0.425369328485355
2,1.0145609134956644,-0.49229296760785424,1.686588608907928,-1.5068538811035186,0.6720276954122637,2.1788815765157823
3,37.1957416280806,-0.48457263522510136,-0.670081353246362,-37.6803142633057,-37.865822981326964,-0.18550871802126062
4,0.09607625130387976,-0.29319050331740415,0.521968767837101,-0.3892667546212839,0.4258925165332213,0.8151592711545053
5,0.738652743611306,-0.10613950190566113,-1.143283274313216,-0.8447922455169671,-1.881936017924522,-1.0371437724075547
6,1.9335920197721959,-0.7587144970977426,-11.687300747405915,-2.6923065168699387,-13.62089276717811,-10.928586250308173
7,0.3823822040574291,0.06668841787904466,0.6990338926308288,-0.31569378617838445,0.31665168857339976,0.6323454747517843
8,,,,,,
