,task 2-task 1,task 3-task 1,task 4-task 1,task 3-task 2,task 4-task 2,task 4-task 3
0,-0.007222222222222213,-0.002777777777777768,-0.02455555555555555,0.004444444444444445,-0.017333333333333336,-0.02177777777777778
1,-0.008444444444444442,-0.02622222222222222,-0.014666666666666661,-0.017777777777777778,-0.006222222222222219,0.011555555555555558
2,-0.03444444444444444,-0.015777777777777766,-0.026444444444444437,0.01866666666666667,0.008,-0.010666666666666672
3,-0.022222222222222213,-0.0371111111111111,-0.041111111111111105,-0.014888888888888889,-0.018888888888888893,-0.0040000000000000036
4,-0.03244444444444444,-0.01022222222222223,-0.02622222222222222,0.022222222222222213,0.0062222222222222245,-0.01599999999999999
5,0.0057777777777777845,-0.014000000000000002,-0.03422222222222222,-0.019777777777777786,-0.04000000000000001,-0.02022222222222222
6,0.02,0.013777777777777781,-0.006000000000000004,-0.006222222222222219,-0.026000000000000002,-0.019777777777777783
7,0.026481481481481484,0.025000000000000005,-3.469446951953614e-18,-0.0014814814814814795,-0.026481481481481488,-0.02500000000000001
8,,,,,,
