,task 2 minus task 1,task 3 minus task 1,task 4 minus task 1,task 3 minus task 2,task 4 minus task 2,task 4 minus task 3
0,1.247520610426514,0.8880192438592905,0.23216481059535277,-0.35950136656722353,-1.0153557998311613,-0.6558544332639378
1,-247.57334419278337,-1.8192582815033855,-1.6321631340718248,245.75408591128,245.94118105871155,0.18709514743156075
2,-0.7382806279227392,-0.1625849690352279,-0.5197677452133662,0.5756956588875113,0.21851288270937297,-0.3571827761781383
3,5.628095972809411,1.5632360554294367,1.276584441181645,-4.064859917379975,-4.351511531627766,-0.28665161424779173
4,0.7134417260391528,0.8239909199260933,0.5229556122662005,0.11054919388694051,-0.19048611377295233,-0.30103530765989284
5,0.49652720262626837,2.9136207660153426,-0.167804373038142,2.417093563389074,-0.6643315756644104,-3.0814251390534846
6,13.228749874892918,1.3740420700045184,1.092042506879706,-11.854707804888399,-12.13670736801321,-0.28199956312481256
7,0.444551809512249,2.053982961382916,0.27215705356151726,1.6094311518706668,-0.17239475595073173,-1.7818259078213985
8,,,,,,
