,task 2 minus task 1,task 3 minus task 1,task 4 minus task 1,task 3 minus task 2,task 4 minus task 2,task 4 minus task 3
0,1.1227654285508164,-0.225465890647375,-0.07067024390042242,-1.3482313191981914,-1.1934356724512387,0.15479564674695256
1,0.02904419207531106,-0.5320233307966535,-0.5540530932335019,-0.5610675228719646,-0.583097285308813,-0.022029762436848344
2,-8.267957813928195,-0.2233031130640608,-10.545518676732879,8.044654700864134,-2.277560862804684,-10.322215563668818
3,0.876936237376601,-0.16473578763259555,-1.3661653713191262,-1.0416720250091966,-2.243101608695727,-1.2014295836865307
4,0.15538051558515964,-0.11443492142310197,1.134295591543146,-0.2698154370082616,0.9789150759579864,1.248730512966248
5,-0.3419901406856598,-0.9491473948927784,-0.19587270076217367,-0.6071572542071186,0.14611743992348614,0.7532746941306048
6,0.032803723059805834,-0.21063041965041185,-0.16890770201232597,-0.24343414271021768,-0.2017114250721318,0.04172271763808588
7,0.13164694885726635,-0.048038878405045615,0.3592794013931646,-0.17968582726231197,0.22763245253589826,0.4073182797982102
8,,,,,,
