,task 2-task 1,task 3-task 1,task 4-task 1,task 3-task 2,task 4-task 2,task 4-task 3
0,-0.10476193376908924,-0.09131869650649176,0.27107103183853604,0.01344323726259749,0.3758329656076253,0.3623897283450278
1,0.0622301538392242,0.09643000237845914,0.3939869736480044,0.03419984853923494,0.33175681980878025,0.2975569712695453
2,-1.207393592481816,-1.123064238055935,-0.9226532842053734,0.08432935442588092,0.2847403082764425,0.20041095385056157
3,0.8640616951536906,0.8409317607216806,1.0398839798908983,-0.023129934432009974,0.1758222847372078,0.19895221916921776
4,0.604543105839774,0.48445936286159963,0.7790995130112185,-0.12008374297817437,0.17455640717144447,0.29464015014961886
5,1.140380923186411,1.0187777205148032,1.7346421310856608,-0.1216032026716078,0.5942612078992497,0.7158644105708575
6,0.6393400430844013,-0.48472623421942446,-0.16209624570146752,-1.1240662773038257,-0.8014362887858688,0.32262998851795693
7,2.041857117488336,0.3720267040990525,1.5750740936421586,-1.6698304133892838,-0.4667830238461777,1.2030473895431062
8,,,,,,
