,task 2 minus task 1,task 3 minus task 1,task 4 minus task 1,task 3 minus task 2,task 4 minus task 2,task 4 minus task 3
0,0.24013906165562054,0.6477429331636014,-0.48929686750255097,0.40760387150798094,-0.7294359291581716,-1.1370398006661524
1,-0.1269089980903373,0.7320759011742599,0.3799890157081821,0.8589848992645972,0.5068980137985194,-0.3520868854660778
2,4.15590690881251,4.0867606885362875,-1.603791935386671,-0.06914622027622264,-5.759698844199181,-5.690552623922958
3,7.067589104714745,4.905821504141984,2.938016007461411,-2.1617676005727615,-4.129573097253335,-1.967805496680573
4,-42.607835320673786,-43.341758383509465,-39.297533351538036,-0.733923062835679,3.3103019691357543,4.0442250319714335
5,0.7848220452036723,9.361179821440267,1.4296194510811246,8.576357776236595,0.6447974058774524,-7.931560370359143
6,-1.300244857911922,-2.350804380609151,-1.1565786732780414,-1.050559522697229,0.14366618463388037,1.1942257073311093
7,-0.5159638006901588,-13.131759343115972,0.1987675363513638,-12.615795542425813,0.7147313370415225,13.330526879467335
8,,,,,,
