,task 2-task 1,task 3-task 1,task 4-task 1,task 3-task 2,task 4-task 2,task 4-task 3
0,32.32047157493299,32.41203707103068,31.35710593320319,0.09156549609769349,-0.9633656417298009,-1.0549311378274944
1,1.9739295402457258,1.7462710465838194,2.2755256688644327,-0.22765849366190657,0.3015961286187069,0.5292546222806135
2,-1.7097541883160918,-12.023437148248565,-0.30702020229689797,-10.313682959932473,1.4027339860191939,11.716416945951668
3,-0.07547036191746959,-1.2922826940681271,1.2506716169706864,-1.2168123321506574,1.326141978888156,2.5429543110388133
4,1.1967967969600464,1.676787905042533,0.5011015136096487,0.4799911080824866,-0.6956952833503977,-1.1756863914328841
5,0.6340732331276625,-1.5130482841624826,0.2587720604168316,-2.147121517290145,-0.37530117271083097,1.7718203445793144
6,-0.7962274509855872,-4.209899314715617,-1.021261872813825,-3.4136718637300305,-0.22503442182823769,3.188637441901793
7,-0.3758610861541916,-2.332362146392977,0.22232306906194332,-1.9565010602387853,0.5981841552161349,2.55468521545492
8,,,,,,
