,task 2-task 1,task 3-task 1,task 4-task 1,task 3-task 2,task 4-task 2,task 4-task 3
0,3.180899985487708,6.116629638949999,1.285653592036279,2.935729653462291,-1.895246393451429,-4.830976046913721
1,3.3278857461237283,6.729304812521346,6.557026339351356,3.4014190663976183,3.2291405932276285,-0.17227847316998968
2,-2.4412763067754417,1.1186273902777035,2.5769482288122565,3.5599036970531452,5.018224535587698,1.4583208385345527
3,26.221392663372384,7.847946397914676,7.765005748403675,-18.373446265457705,-18.456386914968707,-0.08294064951100077
4,1.2685508141544934,4.5677335456906665,2.4682604072796317,3.299182731536173,1.1997095931251385,-2.099473138411035
5,4.433667577293322,1.963752427354397,2.238242918166147,-2.4699151499389256,-2.1954246591271755,0.27449049081175037
6,5.404767736131255,-2.263143651907163,0.9513550824290944,-7.6679113880384175,-4.453412653702161,3.214498734336257
7,0.6289849247837613,-1.693235345774639,0.4049781072258921,-2.3222202705584003,-0.22400681755786916,2.098213453000531
8,,,,,,
