,task 2 minus task 1,task 3 minus task 1,task 4 minus task 1,task 3 minus task 2,task 4 minus task 2,task 4 minus task 3
0,0.0775810564663024,-0.0006083788706739354,0.0315218579234973,-0.07818943533697634,-0.0460591985428051,0.032130236794171235
1,0.0535810564663024,0.01916939890710384,0.04357741347905285,-0.034411657559198554,-0.010003642987249548,0.024408014571949008
2,0.05135883424408018,0.04428051001821495,0.04891074681238618,-0.007078324225865226,-0.002448087431693998,0.004630236794171228
3,0.021136612021857945,0.019169398907103837,0.00957741347905285,-0.0019672131147541088,-0.011559198542805096,-0.009591985428050988
4,0.027136612021857943,-0.008608378870673943,0.03535519125683062,-0.035744990892531886,0.00821857923497268,0.04396357012750457
5,0.05558105646630239,0.019836065573770503,0.03957741347905285,-0.035744990892531886,-0.01600364298724954,0.01974134790528235
6,0.05535883424408017,0.020502732240437173,0.04713296903460841,-0.03485610200364299,-0.008225865209471758,0.02663023679417123
7,0.09124772313296907,0.03853976927747422,0.051744080145719525,-0.05270795385549485,-0.039503642987249545,0.013204310868245308
8,,,,,,
