,task 2 minus task 1,task 3 minus task 1,task 4 minus task 1,task 3 minus task 2,task 4 minus task 2,task 4 minus task 3
0,0.03152966947020851,0.02797057005630816,0.0298532881708764,-0.0035590994139003476,-0.0016763812993321088,0.0018827181145682388
1,0.011571997512536548,0.008111159625469152,0.059999672650594214,-0.0034608378870673966,0.048427675138057666,0.051888513025125066
2,0.019730727671266712,0.0150556040699136,0.04919191250950073,-0.00467512360135311,0.029461184838234022,0.034136308439587135
3,-0.013039113598574566,-0.013642808628499106,-0.012678457860869647,-0.0006036950299245403,0.0003606557377049185,0.0009643507676294588
4,0.009991750598956302,-0.0016913095103333147,0.021957344608266163,-0.011683060109289616,0.011965594009309861,0.023648654118599476
5,0.0048577117982508446,-0.005603126088816561,-0.005781632464044245,-0.010460837887067406,-0.01063934426229509,-0.00017850637522768414
6,0.00957199751253655,0.010111159625469154,0.017932653250241473,0.0005391621129326018,0.008360655737704921,0.00782149362477232
7,0.0015719975125365526,0.06227782629213582,0.04132154213913036,0.060705828779599263,0.03974954462659381,-0.020956284153005454
8,,,,,,
