,task 2-task 1,task 3-task 1,task 4-task 1,task 3-task 2,task 4-task 2,task 4-task 3
0,-0.221161534771942,-0.3408696771878278,0.0668824904192703,-0.11970814241588582,0.2880440251912123,0.4077521676070981
1,-0.5134784262872041,-0.7537656545123397,0.011669259694621958,-0.24028722822513568,0.525147685981826,0.7654349142069616
2,0.07854771375862013,-0.055201438299752825,0.20159374378113082,-0.13374915205837296,0.12304603002251069,0.25679518208088364
3,-0.026559853115511012,-0.1404903758802516,0.33827035674882144,-0.11393052276474058,0.36483020986433246,0.47876073262907304
4,-0.371638057173946,-0.4262939812973681,0.3421038229308053,-0.05465592412342213,0.7137418801047513,0.7683978042281734
5,0.0532771166229119,-0.13175637893137765,0.4843309549097594,-0.18503349555428955,0.4310538382868475,0.616087333841137
6,-0.02326655949679257,-0.01020013417783483,-2.9639204559010213,0.013066425318957742,-2.9406538964042284,-2.9537203217231864
7,-1.23074659033689,-1.4359732024098195,-0.6277716433224929,-0.20522661207292955,0.602974947014397,0.8082015590873265
8,,,,,,
