,task 2 minus task 1,task 3 minus task 1,task 4 minus task 1,task 3 minus task 2,task 4 minus task 2,task 4 minus task 3
0,26.843142460117654,14.469752144045174,25.412896449849033,-12.373390316072483,-1.4302460102686227,10.943144305803859
1,1.6589063093893237,1.5819084645111428,2.2501183405631746,-0.07699784487818107,0.5912120311738508,0.6682098760520319
2,2.2933789195044696,12.239918388044346,-1.0437644812622953,9.946539468539877,-3.337143400766765,-13.283682869306642
3,4.719962338878539,-11.043982192554795,21.809282589620363,-15.763944531433333,17.08932025074182,32.85326478217516
4,-1.8397120232286825,-3.5015906907921144,-1.943775777907551,-1.661878667563432,-0.10406375467886853,1.5578149128845635
5,-0.05007247789738323,3.6535110398131643,-1.6716403980934516,3.7035835177105474,-1.6215679201960684,-5.325151437906616
6,2.0076213190121917,11.84180480743693,0.5004733336822323,9.834183488424738,-1.5071479853299592,-11.341331473754698
7,3.009424972003886,3.4613255068248936,2.402393214846094,0.45190053482100745,-0.6070317571577921,-1.0589322919787996
8,,,,,,
