,task 2-task 1,task 3-task 1,task 4-task 1,task 3-task 2,task 4-task 2,task 4-task 3
0,-0.019301587301587306,-0.027301587301587306,-0.02307936507936508,-0.008,-0.0037777777777777775,0.004222222222222223
1,0.0,0.0,0.004,0.0,0.004,0.004
2,0.0335,0.0,0.016222222222222218,-0.0335,-0.017277777777777784,0.016222222222222218
3,0.09368253968253969,-0.002222222222222221,-0.010222222222222221,-0.09590476190476191,-0.1039047619047619,-0.008
4,0.0057777777777777775,-0.004222222222222223,0.007777777777777779,-0.01,0.0020000000000000018,0.012000000000000002
5,-0.006444444444444444,0.0040000000000000036,-0.008444444444444444,0.010444444444444447,-0.002,-0.012444444444444447
6,0.0,0.0,0.0,0.0,0.0,0.0
7,-0.0095,-0.009222222222222222,-0.012,0.0002777777777777774,-0.0025,-0.0027777777777777775
8,,,,,,
