,task 2-task 1,task 3-task 1,task 4-task 1,task 3-task 2,task 4-task 2,task 4-task 3
0,-0.2364884101055622,-0.011560646121464901,-0.20354253870652939,0.2249277639840973,0.03294587139903282,-0.19198189258506448
1,-0.7080552945398921,-0.48065347185082063,-0.4453502143512972,0.22740182268907144,0.2627050801885949,0.035303257499523455
2,0.027606111351158757,0.022743388555460542,0.01923474274377468,-0.0048627227956982155,-0.008371368607384078,-0.003508645811685862
3,0.7321584406048879,0.28089579164808753,0.46023434150156073,-0.45126264895680035,-0.27192409910332715,0.1793385498534732
4,0.2898177062206099,0.71157710511689,0.2500554665784505,0.42175939889628,-0.039762239642159414,-0.4615216385384394
5,0.17816116525436043,0.21896541587400553,0.5259598238175767,0.0408042506196451,0.34779865856321623,0.30699440794357113
6,0.2933868098629095,0.6125842540375093,0.4146751636180415,0.31919744417459983,0.12128835375513203,-0.1979090904194678
7,-0.15595635242821304,0.24404152443326776,0.04693024254278655,0.3999978768614808,0.2028865949709996,-0.19711128189048122
8,,,,,,
