,task 2-task 1,task 3-task 1,task 4-task 1,task 3-task 2,task 4-task 2,task 4-task 3
0,-0.04366749552178931,0.14984102345139505,-0.025269740255546708,0.19350851897318436,0.0183977552662426,-0.17511076370694176
1,0.014052197403406769,-0.4594843262746851,0.038574046820230634,-0.47353652367809185,0.024521849416823865,0.49805837309491574
2,-0.00010955030046205794,0.05392141245264784,-0.168864692962582,0.054030962753109896,-0.16875514266211994,-0.22278610541522983
3,0.05058475353838388,-0.12722143765274252,-0.18783502447351674,-0.1778061911911264,-0.23841977801190065,-0.06061358682077425
4,0.0875000097478201,-0.6536159080872965,-0.4006072484165936,-0.7411159178351167,-0.4881072581644137,0.25300865967070296
5,0.06197172063634665,-0.553176257102405,-0.1969945816066649,-0.6151479777387517,-0.25896630224301154,0.3561816754957402
6,1.5889440919613214,-1.425594968758581,1.3431023840236098,-3.0145390607199025,-0.2458417079377115,2.768697352782191
7,0.7438777925893628,0.5702787656104276,0.5663532565479779,-0.17359902697893526,-0.17752453604138496,-0.003925509062449706
8,,,,,,
