,task 2-task 1,task 3-task 1,task 4-task 1,task 3-task 2,task 4-task 2,task 4-task 3
0,0.002,0.0,0.0,-0.002,-0.002,0.0
1,0.0,0.0,0.004,0.0,0.004,0.004
2,0.0,0.004,0.006,0.004,0.006,0.002
3,0.0025,0.0,0.0,-0.0025,-0.0025,0.0
4,0.0,0.002,0.002,0.002,0.002,0.0
5,0.0,0.0,0.002,0.0,0.002,0.002
6,-0.002,-0.002,-0.002,0.0,0.0,0.0
7,-0.005902777777777778,0.010763888888888889,-0.0009027777777777775,0.016666666666666666,0.005,-0.011666666666666665
8,,,,,,
