,distr-focus,own-focus,office-focus,own-distr,office-distr,office-own
0,0.5459506581450557,0.3550601389211495,0.410772007766368,-0.19089051922390626,-0.13517865037868776,0.055711868845218504
1,0.3903393970178388,0.790142543591685,-0.17929114126182374,0.3998031465738462,-0.5696305382796625,-0.9694336848535088
2,-0.22833703469419064,-1.1010202967476017,0.6880931206462091,-0.8726832620534112,0.9164301553403997,1.789113417393811
3,2.3160637565779214,6.651774112706652,3.0657969538563488,4.33571035612873,0.7497331972784272,-3.585977158850303
4,-0.5487813640086024,-1.1358006131493066,-0.8691868265201467,-0.5870192491407042,-0.3204054625115442,0.26661378662916
5,1.155446269611174,1.6794638866110791,2.6726646803295884,0.524017616999905,1.5172184107184141,0.9932007937185092
6,4.457126177379511,1.9511164401517678,4.198556279269174,-2.5060097372277426,-0.2585698981103365,2.247439839117406
7,2.017104966525447,6.845877139416171,0.5491153392252847,4.828772172890724,-1.4679896273001622,-6.296761800190886
8,1.5447239561858779,-1.0365941848360447,-12.425476301153882,-2.5813181410219226,-13.970200257339759,-11.388882116317836
9,2.253227486318037,1.7231914787832083,2.095640336050028,-0.5300360075348285,-0.15758715026800862,0.37244885726681987
10,3.8722455541441883,4.531694169270694,2.252830300647958,0.6594486151265059,-1.61941525349623,-2.278863868622736
11,0.9469782265375963,3.1384417720301285,2.2830016263636725,2.191463545492532,1.3360233998260764,-0.855440145666456
12,3.7536838414150973,4.057708179974118,4.655412067728728,0.3040243385590212,0.9017282263136308,0.5977038877546096
13,,,,,,
