,distr-focus,own-focus,office-focus,own-distr,office-distr,office-own
0,-1.5248495951662115,0.157262271806826,0.033186932230023614,1.6821118669730375,1.558036527396235,-0.12407533957680239
1,0.49141890406341315,0.837335384352985,0.39156013499993725,0.3459164802895719,-0.0998587690634759,-0.4457752493530478
2,0.4347949267677859,0.8062442631863517,0.5446423506675883,0.37144933641856576,0.10984742389980234,-0.2616019125187634
3,0.23181151231122604,0.5522512789691211,0.49126921215279934,0.32043976665789503,0.2594576998415733,-0.060982066816321734
4,-0.3769517586996058,0.023586103160428362,0.1352363083484509,0.40053786186003415,0.5121880670480566,0.11165020518802254
5,0.032549650579641876,0.1744981946581312,0.08115628086801407,0.14194854407848934,0.0486066302883722,-0.09334191379011714
6,-1.435011068137292,0.012227951464521936,0.2595245201667419,1.447239019601814,1.6945355883040338,0.24729656870221994
7,-0.19332750625327755,-0.019655485815621543,0.17114545774557016,0.173672020437656,0.3644729639988477,0.1908009435611917
8,-1.4719996578978363,-1.4124545618329127,-1.5103651849369413,0.05954509606492342,-0.03836552703910506,-0.09791062310402848
9,0.8594876279727095,1.3264498998047258,1.1738036291172165,0.46696227183201633,0.3143160011445069,-0.1526462706875094
10,0.3562305548712632,0.01957180034793915,0.39012065490376535,-0.33665875452332406,0.033890100032502146,0.3705488545558262
11,-0.9663208283985656,-0.31003995244063787,-0.43803851431031554,0.6562808759579277,0.52828231408825,-0.12799856186967767
12,0.27895977910436376,0.7361198735912874,0.9224467720878317,0.45716009448692363,0.6434869929834679,0.18632689849654427
13,,,,,,
