,distr-focus,own-focus,office-focus,own-distr,office-distr,office-own
0,32.91767286660421,1.3987719513318344,0.863565985840824,-31.518900915272372,-32.054106880763385,-0.5352059654910104
1,4.9915068408588965,-21.028072097485225,1.758740548501505,-26.01957893834412,-3.232766292357392,22.78681264598673
2,-116.81726735541741,-3.3571931465565683,16.949264996669793,113.46007420886085,133.7665323520872,20.30645814322636
3,7.5097502283262125,3.8312451032477037,2.3740967828070882,-3.6785051250785084,-5.135653445519124,-1.457148320440616
4,1.9749880730462932,2.408844790557894,0.6874918684419032,0.4338567175116006,-1.2874962046043898,-1.7213529221159907
5,2.701576315366551,-0.2809790644288954,-1.4120841411955407,-2.9825553797954463,-4.113660456562092,-1.1311050767666453
6,-12.906005775420565,-1.8199287613221762,-3.3913544442611325,11.08607701409839,9.514651331159433,-1.5714256829389566
7,-0.6623304169511002,0.43309405417835023,1.2278997796923996,1.0954244711294505,1.8902301966434998,0.7948057255140494
8,1.2168027324711166,0.2962410974044507,-0.7055162977428572,-0.9205616350666658,-1.9223190302139737,-1.0017573951473078
9,7.252442708573566,2.4832651753407315,2.694952736441114,-4.769177533232835,-4.557489972132452,0.21168756110038267
10,6.061009396521312,5.260410637704296,6.419857013530011,-0.800598758817016,0.35884761700869916,1.1594463758257152
11,-1.0695722673760784,-0.8371615128195689,1.5205745787923275,0.2324107545565095,2.590146846168406,2.3577360916118963
12,2.3169196022582534,0.8481206063685394,0.9409285274654504,-1.4687989958897143,-1.375991074792803,0.09280792109691105
13,,,,,,
