,distr-focus,own-focus,office-focus,own-distr,office-distr,office-own
0,-0.2290292902139745,1.195186885482401,-0.15028978028287054,1.4242161756963756,0.07873950993110397,-1.3454766657652717
1,0.7439571414841315,0.9731085346365973,0.8496537905620116,0.22915139315246572,0.1056966490778801,-0.12345474407458562
2,11.384811590366208,10.838860707859267,10.972894722427291,-0.5459508825069418,-0.41191686793891746,0.13403401456802433
3,-1.9282175077406505,-1.4336028382844705,-2.7513634153713653,0.4946146694561801,-0.8231459076307145,-1.3177605770868945
4,1.9234558905539214,1.9679924533076922,1.3881675869480816,0.044536562753770825,-0.5352883036058398,-0.5798248663596106
5,0.37817213860883525,0.49045088105219636,-0.0663320051423738,0.11227874244336108,-0.44450414375120906,-0.5567828861945702
6,0.12784765146029892,-1.1512799110859673,0.44037303411222384,-1.2791275625462664,0.3125253826519249,1.5916529451981911
7,1.053343951504312,-0.11901409517730213,-0.08255064282486654,-1.1723580466816141,-1.1358945943291785,0.03646345235243559
8,0.24526205202391982,-0.49701641759668175,-0.8746091238074043,-0.7422784696206015,-1.119871175831324,-0.3775927062107225
9,-0.25410719781474234,1.0592937596529528,0.5359791509444823,1.313400957467695,0.7900863487592247,-0.5233146087084705
10,1.4728275739005525,2.3894491201269954,1.820041387151167,0.916621546226443,0.3472138132506144,-0.5694077329758286
11,0.2521581971551847,-1.4796656681858085,-0.3110463218454011,-1.7318238653409932,-0.5632045190005859,1.1686193463404073
12,0.3109108094078859,-37.335267818899005,-2.616372669871057,-37.64617862830689,-2.927283479278943,34.718895149027944
13,,,,,,
