,distr-focus,own-focus,office-focus,own-distr,office-distr,office-own
0,-1.7127587355423963,0.2903252448191618,0.5068597016839024,2.0030839803615583,2.219618437226299,0.2165344568647406
1,0.3319717759362505,0.8208488926458442,0.5432033112121175,0.4888771167095937,0.21123153527586708,-0.27764558143372664
2,0.35988419072180156,0.6696448746212816,0.9894346301188536,0.30976068389948014,0.6295504393970521,0.31978975549757194
3,-0.3795996819548522,0.4793174747995727,0.5604777348649816,0.8589171567544249,0.9400774168198338,0.08116026006540888
4,-0.19796172019187808,-0.07741213798115276,0.10397338537340117,0.12054958221072531,0.30193510556527925,0.18138552335455393
5,0.859976167852857,-0.05666302135023771,-0.12147837641788906,-0.9166391892030947,-0.9814545442707461,-0.06481535506765135
6,-0.4044284549324717,-0.2513736725756314,-0.03496875012451528,0.15305478235684025,0.3694597048079564,0.21640492245111614
7,-0.4455109565743704,-0.20259522083787956,0.07000384560835221,0.24291573573649083,0.5155148021827226,0.2725990664462318
8,-2.7956490757682966,-2.6715888065799303,-2.583120987542519,0.12406026918836638,0.21252808822577796,0.08846781903741158
9,3.6168362079512524,4.122248778713919,4.407591974865657,0.5054125707626667,0.7907557669144036,0.28534319615173703
10,1.6409217096441218,-0.29933040487938334,0.4738864731572018,-1.940252114523505,-1.1670352364869199,0.7732168780365851
11,-1.0792266835373527,-0.7298166478673814,-0.5783714554738498,0.34941003566997136,0.500855228063503,0.1514451923935316
12,417.1572886199822,417.4824890480816,417.89273000896753,0.3252004280994796,0.7354413889853746,0.41024096088589507
13,,,,,,
