,distr-focus,own-focus,office-focus,own-distr,office-distr,office-own
0,2.1152182904437415,-0.2338074266245524,-1.0305256314028972,-2.3490257170682938,-3.1457439218466385,-0.7967182047783448
1,-0.9717249087717561,-0.29586625376580256,-0.7113365806574237,0.6758586550059535,0.26038832811433243,-0.4154703268916211
2,1.7245196742750581,2.1923142743756303,2.184345986910874,0.4677946001005724,0.45982631263581575,-0.00796828746475664
3,1.6922761893236866,1.1700431905656874,-2.4658935396653403,-0.5222329987579992,-4.1581697289890265,-3.6359367302310277
4,0.9707496352080022,1.085959154736836,0.27344101676518884,0.11520951952883374,-0.6973086184428133,-0.8125181379716471
5,-9.591352395542845,-9.370757461790642,-9.238178741277041,0.22059493375220318,0.35317365426580316,0.13257872051359998
6,0.5025701005326129,1.0589949421301164,0.07125029800377325,0.5564248415975034,-0.4313198025288396,-0.987744644126343
7,6.9424879738270455,2.453946264821371,6.7759958675216305,-4.488541709005675,-0.166492106305415,4.322049602700259
8,0.04323919491686701,-0.058919537306405645,-0.29303002886081864,-0.10215873222327265,-0.33626922377768564,-0.234110491554413
9,-1.981141049221217,-1.7824598391781186,-2.362684408131102,0.1986812100430984,-0.381543358909885,-0.5802245689529835
10,0.3755623790471069,0.21442220494286146,-1.130182451865546,-0.16114017410424541,-1.5057448309126529,-1.3446046568084074
11,-0.6350907060032145,0.7922259080870159,-0.051847468689868004,1.4273166140902305,0.5832432373133465,-0.8440733767768839
12,-6.827879807457334,1.4484256411889544,-1.238292105303071,8.276305448646289,5.5895877021542635,-2.6867177464920253
13,,,,,,
