,distr-focus,own-focus,office-focus,own-distr,office-distr,office-own
0,0.8471775232446019,0.993909588291584,0.5599052532441509,0.1467320650469821,-0.2872722700004511,-0.4340043350474332
1,1.7333379442626442,2.5035422891514645,2.109116266758449,0.7702043448888201,0.37577832249580445,-0.3944260223930156
2,-0.8770847096230763,11.85247234231006,-0.28992925267650027,12.729557051933135,0.587155456946576,-12.14240159498656
3,1.1531013213657866,-13.551484706321514,0.8791531410085212,-14.7045860276873,-0.2739481803572654,14.430637847330035
4,-0.7074443095357725,-0.4056582258574508,-0.560251844851144,0.3017860836783217,0.14719246468462854,-0.15459361899369317
5,0.931987895860562,1.6358103053575253,0.7700983511412491,0.7038224094969633,-0.16188954471931283,-0.8657119542162761
6,11.074266315082244,26.093013113757802,11.136710101487976,15.018746798675558,0.06244378640573123,-14.956303012269826
7,0.79907202769371,0.7287719555559551,0.7176690529144105,-0.07030007213775491,-0.08140297477929948,-0.011102902641544565
8,3.4174528346227873,3.3234374300236733,4.494229647950584,-0.09401540459911395,1.0767768133277964,1.1707922179269104
9,-0.5450884107916282,2.0002505880839934,0.25870101143812585,2.5453389988756214,0.803789422229754,-1.7415495766458675
10,0.8675212635349641,-3.5144279582111095,0.7983692056888658,-4.381949221746074,-0.06915205784609824,4.312797163899975
11,2.0639188668789403,0.6981545279720566,2.2805806884642124,-1.3657643389068836,0.21666182158527214,1.582426160492156
12,1.9905334251634559,0.4044913585615218,0.2876313083492616,-1.5860420666019341,-1.7029021168141942,-0.1168600502122602
13,,,,,,
