,distr-focus,own-focus,office-focus,own-distr,office-distr,office-own
0,2.5529675329464867,10.201729643846136,1.04039122427739,7.648762110899649,-1.5125763086690969,-9.161338419568747
1,-5.432014938825844,-1.1257471291020393,-5.1208400512760335,4.3062678097238045,0.3111748875498104,-3.9950929221739946
2,23.131871210498133,-1.3959110910953387,-1.5290855339822573,-24.527782301593472,-24.66095674448039,-0.1331744428869186
3,0.27043164945560044,-1.6040915803903055,-0.30501704035087585,-1.8745232298459058,-0.5754486898064763,1.2990745400394297
4,-7.717911706147609,2.215292314920325,-1.6817890885562279,9.933204021067935,6.036122617591381,-3.8970814034765526
5,-2.5727900861803565,-1.0269266258775673,-0.9759783920772905,1.545863460302789,1.596811694103066,0.0509482338002768
6,-0.6687652894681972,0.08613895696640556,-0.8998693082919298,0.7549042464346027,-0.23110401882373255,-0.9860082652583353
7,-0.4167078250675508,0.43703713139005385,-1.0173551140789254,0.8537449564576046,-0.6006472890113747,-1.4543922454689793
8,47.982986070592794,7.536585024533793,-0.09577574783952592,-40.446401046058995,-48.07876181843232,-7.632360772373319
9,3.470874536850604,6.865171929594058,-0.331491974780409,3.3942973927434537,-3.8023665116310132,-7.196663904374467
10,-0.7290726713234899,-9.996143306324253,0.39750558629389465,-9.267070635000763,1.1265782576173846,10.393648892618147
11,0.9954518341738867,1.682651670973414,-0.04088591565289068,0.6871998367995275,-1.0363377498267774,-1.7235375866263047
12,0.10118625365738126,-0.29984790913212306,-1.224769978087475,-0.4010341627895043,-1.3259562317448563,-0.9249220689553519
13,,,,,,
