,focus,distr,own,office
0,0.6078337979937686,1.4242354253361904,1.0833072508838788,0.051569666340670395
1,-5.275434994004824,13.197060288758523,-1.4556772657114612,-6.905805843070872
2,-0.3137676534133798,2.5769010167604307,-18.47709507583503,0.9521744243083164
3,0.17788423085393712,-2.3492029121174025,0.33301788848638414,-1.0060008313417037
4,-0.38123929819746594,-1.8993265918116589,-3.4806938445577553,1.6833146912930186
5,-1.1579703672727695,5.986660339663458,1.4141453414657092,-3.5421226504194614
6,3.240084936897699,17.071358340149974,-6308.989745540315,1.7904006897069238
7,-3.3178891596874336,1.2727480629958492,-0.23574952855652528,2.426828774466775
8,0.37100624843717295,0.03060460676829853,-4.731423655844462,1.898948262735934
9,-1.9165933668395096,0.283296755738253,0.3132532691392156,1.1524539429837686
10,-12.017193867630368,-1.3195890199603346,0.31710386541099705,14.925863885841054
11,0.4577235086880753,-0.7777359562295216,-0.7463080433479866,-19.7082101555099
12,-0.31009143895070584,1.3252043850474624,-0.4571438461913439,0.6217352440071849
13,,,,
