,focus,distr,own,office
0,0.24125228908870713,0.01758649558431046,0.06924938678800609,0.5475380632475709
1,-0.04711844907442179,0.12296157992197178,0.05967156232992716,-0.8856683686912118
2,0.2234249023934092,0.19592206548777757,0.3082318050584082,0.39759836439536506
3,1.4381621314436448,0.11524004026142226,-0.33213586145208507,0.5256524000209774
4,1.2246535864087555,0.16522776962964034,0.24822981773329908,0.32603647756839504
5,-0.16351131271508615,0.14748357081531047,0.18083427172988176,0.4057302819799323
6,16.957687646249582,0.12457514317754713,0.1815767003739005,0.5270296399143186
7,-0.23298663538935602,0.10190085766657969,0.2353653766120969,0.7929522890561008
8,1.5489220281259943,0.2657056997406255,0.3130320459375835,0.5966401193438667
9,0.7633533900669258,-0.11777464499803303,0.14049491985592544,-4.038034602404429
10,0.47946053829742913,0.18359134101551985,1.8500521792494364,1.4077082655950557
11,0.6278620708834902,0.19573059651988123,0.30139432072656797,0.2836359169331916
12,-4.45006030894521,-0.813319430530917,1.1092805364191067,0.5109442418899258
13,,,,
