,focus,distr,own,office
0,0.19127549875242936,0.3455678670107924,1.1650749833535987,-0.7522320391128909
1,0.2223756562861571,0.16374671768713256,-53.086050162517985,-0.11538599864804289
2,0.2716316725476913,0.14427691968221076,-0.923165456222781,0.764696842528822
3,1.3428306313148637,0.1822305766059438,0.026657868004750302,2.040660882425284
4,-18.25958087669426,0.34900376371527925,-0.3054362660205978,0.4820269456883531
5,-0.21943397176948665,0.7040937865213505,1.4362028588803788,3.0838986324409405
6,3.553218641825584,0.7066544247724219,-2.5643122359069834,0.5769509137738789
7,-1.2804566328594065,1.4744734294185944,2.6926680944612698,1.4735735725106982
8,-0.8675689228427155,0.5644294048019617,-0.9806163154039398,-2.0158500971469473
9,-1.7872636940293019,0.7554156104075384,0.6954581402740762,1.5117361723881757
10,-3.8198731528072813,0.5833643767624781,1.0226526571177104,-0.7094835318175412
11,-0.4609793500167141,0.3205543116491684,1.3589456894244945,1.4187660323350721
12,-3.453641692589053,0.2099685090236326,0.5097889618682776,0.8650732739970608
13,,,,
