,focus,distr,own,office
0,0.46115399578694677,1.2622510492737673,1.0505031151254889,2.537440932809692
1,-4.065872869690657,29.975178924032097,1.3224940382645398,-1.2736445994163985
2,-0.054838146435327646,2.623407376814124,-1.0961671765963488,2.1692207056071893
3,0.29986731804448075,-1.4676934409904725,0.9759379269580721,-0.3391258548584711
4,-0.24176050243269642,-1.1644595088044387,-0.6354083591864436,15.318683350607051
5,-1.2015400406318282,6.511366537857978,1.0959600181057618,-2.1878231476114713
6,1.65439280185584,-6.240320723433048,1.8504396460263786,2.3104115287283373
7,-3.077761116644366,1.7729564486981115,1.2464270546409277,3.4892958848186697
8,0.45275925834980235,0.20966117167966178,0.015780928152564783,2.4652584013731387
9,-1.7209882195220423,0.6225641811119493,0.6810716049512585,1.398685667725984
10,-16.883898708110557,-0.7971190445672433,0.6843745412328904,-1.698767964067925
11,0.7483494394196953,-0.2796556456993236,-0.020026467737471004,-0.24027425437965041
12,0.08477031304971225,0.8554701252232424,0.09064793982900904,0.7613862358239321
13,,,,
