,focus,distr,own,office
0,0.0,0.0,0.0,0.0
1,0.0033333333333333335,0.0,0.0,0.0
2,0.0,0.0,0.006666666666666667,0.0
3,0.0,0.0033333333333333335,0.0,0.0
4,0.0,0.0033333333333333335,0.01,0.0
5,0.0,0.0,0.0,0.0
6,0.0033333333333333335,0.0,0.0,0.0
7,0.0,0.0033333333333333335,0.0033333333333333335,0.0
8,0.0,0.0,0.0,0.0
9,0.0,0.0,0.0033333333333333335,0.0
10,0.0,0.0,0.0,0.0
11,0.0,0.0,0.0033333333333333335,0.0033333333333333335
12,0.0,0.025,0.0,0.00787037037037037
13,,,,
