,distr-focus,own-focus,office-focus,own-distr,office-distr,office-own
0,3.6222953721843334,4.016050493010308,2.164629327270902,0.3937551208259744,-1.4576660449134313,-1.8514211657394057
1,2.045978927713185,-48.346585681634565,1.5288130848822323,-50.39256460934775,-0.5171658428309527,49.8753987665168
2,37.933089945907774,32.13984076263545,38.10817927929646,-5.793249183272322,0.1750893333886847,5.968338516661007
3,-0.24037761940159197,-1.35021781088984,-0.7910427805601735,-1.109840191488248,-0.5506651611585816,0.5591750303296665
4,-7.920173938890147,-0.5965289270748452,0.07401564160419763,7.323645011815302,7.994189580494345,0.6705445686790428
5,4.235324876033116,-1.5887715598814636,0.01390740787767647,-5.82409643591458,-4.2214174681554395,1.60267896775914
6,-11.418740472118028,3.3684144009206887,-0.3435997942932585,14.787154873038716,11.07514067782477,-3.712014195213947
7,-1.0459852213347485,-0.9358380295090833,-3.4854047664383345,0.11014719182566513,-2.4394195451035863,-2.5495667369292514
8,-1.5393188781109464,-0.9395919205041754,0.17394349540174103,0.599726957606771,1.7132623735126873,1.1135354159059163
9,-0.7595829875163951,-0.7705679042493372,-0.16706874578408965,-0.010984916732942107,0.5925142417323055,0.6034991584652476
10,0.14823521897078168,1.2889337456878984,-2.9165111937638852,1.1406985267171168,-3.064746412734667,-4.205444939451784
11,-1.8814982562398803,-14.368469866356937,0.3119626102126155,-12.486971610117056,2.193460866452496,14.680432476569553
12,-4.659682673795875,-0.05965476767180489,0.3358847719153304,4.600027906124071,4.995567445711206,0.3955395395871353
13,-2.08938253723388,-3.9139630198438904,-0.4446821625898487,-1.8245804826100103,1.6447003746440316,3.469280857254042
14,3.9374059072049956,1.162074588118097,-0.534048408832473,-2.7753313190868987,-4.471454316037469,-1.69612299695057
15,1.0715944893879668,1.4460863213106936,0.7975975144240033,0.3744918319227267,-0.2739969749639636,-0.6484888068866903
16,-2.1996502872742103,-3.476988819743081,-0.30489715875468393,-1.2773385324688706,1.8947531285195263,3.172091660988397
17,1.1829141538938448,5.655455067525717,-10.434437989735212,4.472540913631873,-11.617352143629057,-16.08989305726093
18,1.033824236858355,2.6259032770126494,1.1179548578286125,1.5920790401542941,0.08413062097025753,-1.5079484191840367
19,,,-2.8690950180252797,,,
20,,,,,,
