,distr-focus,own-focus,office-focus,own-distr,office-distr,office-own
0,-0.49365550976030437,1.0039405339933045,-0.19806055224298125,1.4975960437536089,0.2955949575173231,-1.2020010862362858
1,-1.684688880113929,-0.8172508819910171,-1.0681407912888736,0.8674379981229119,0.6165480888250554,-0.2508899092978565
2,1.6477399727184272,3.2070453287498655,1.8493281607327294,1.559305356031438,0.20158818801430223,-1.3577171680171358
3,-0.17305784015359815,0.6738952887300991,0.2843496901234075,0.8469531288836972,0.45740753027700565,-0.3895455986066916
4,-1.0312369705962423,-0.3873964010657951,-0.31618764730552695,0.6438405695304471,0.7150493232907152,0.07120875376026814
5,-1.4737758566822565,-0.45182200119196914,-0.9743929292717992,1.0219538554902874,0.49938292741045737,-0.5225709280798301
6,1.9871163463053143,-0.4480791673246043,1.9723853830120535,-2.4351955136299184,-0.014730963293260846,2.420464550336658
7,-2.3507114083804117,-2.57813090423387,-2.6346733121538293,-0.22741949585345844,-0.2839619037734177,-0.05654240791995924
8,-1.9691527056052573,-1.2588510374105293,-2.40904947520695,0.7103016681947281,-0.43989676960169233,-1.1501984377964205
9,0.32133063258240063,1.383582555300928,0.21594398147091748,1.0622519227185274,-0.10538665111148315,-1.1676385738300106
10,-0.4670201404334091,-0.3195098583014303,-0.5246257911547133,0.1475102821319788,-0.05760565072130419,-0.205115932853283
11,-0.5761515021380571,-0.12215543251720362,-0.5168744562402403,0.4539960696208535,0.059277045897816794,-0.3947190237230367
12,0.013951666657054496,0.20337538337602257,0.130784938039482,0.18942371671896807,0.1168332713824275,-0.07259044533654058
13,-1.8250715520124037,-1.1275767848446558,-1.160306296162777,0.6974947671677479,0.6647652558496268,-0.032729511318121185
14,-0.22259853145926256,0.29917221485782675,-3.324437591056252,0.5217707463170893,-3.1018390595969896,-3.6236098059140787
15,-0.7775953496053745,-0.800318517932262,-0.6893427772469524,-0.02272316832688759,0.0882525723584221,0.11097574068530969
16,-0.06283156912701937,0.278518668737205,0.17381876205760705,0.34135023786422436,0.23665033118462642,-0.10469990667959794
17,0.3967196469800653,0.5455736708875896,0.7590954438977715,0.14885402390752434,0.36237579691770627,0.21352177301018194
18,-0.22801335607452466,-0.11150828297675874,0.21741667164419243,0.11650507309776592,0.4454300277187171,0.32892495462095117
19,,,,,,
20,,,,,,
