,distr-focus,own-focus,office-focus,own-distr,office-distr,office-own
0,-0.3448540623607668,-0.2742801454399415,-0.017015209177562718,0.0705739169208253,0.3278388531832041,0.2572649362623788
1,0.17380909257396146,0.1331154427923402,0.4364922326383803,-0.04069364978162125,0.26268314006441884,0.30337678984604005
2,0.2477692529378209,0.15510703839015,1.0747559158833448,-0.0926622145476709,0.826986662945524,0.9196488774931949
3,-0.07699251345919733,0.003665413802596773,-0.028166746864704773,0.0806579272617941,0.04882576659449256,-0.031832160667301546
4,0.013046494988100232,-0.12393719936980815,0.19657882123689374,-0.1369836943579084,0.1835323262487935,0.3205160206067019
5,1.0123056553761385,0.6953211455360163,1.3628462063765359,-0.31698450984012205,0.3505405510003975,0.6675250608405195
6,-3.9508911781466356,-3.8503438159902967,-3.9002991962715505,0.10054736215633886,0.05059198187508529,-0.04995538028125357
7,1.3198665321732985,1.226564198902909,1.442475763110596,-0.09330233327038945,0.12260923093729742,0.21591156420768687
8,0.7381278358356121,0.8748951271899144,0.9753561696778505,0.13676729135430213,0.23722833384223838,0.10046104248793625
9,0.17525996142594985,0.195233601041143,0.4126977963203796,0.019973639615193134,0.23743783489442974,0.2174641952792366
10,2.5140962020437057,2.660357318502433,2.7227972645221405,0.1462611164587277,0.2087010624784349,0.062439946019707204
11,-0.29336119013888184,-0.22270948042207567,0.1845068092411698,0.07065170971680618,0.47786799938005164,0.40721628966324547
12,3.9312280242555815,3.9932773399709593,4.018573333560693,0.062049315715377834,0.08734530930511172,0.02529599358973389
13,-1.2118000651503777,-1.0365714201636904,-0.2480877639061161,0.17522864498668722,0.9637123012442617,0.7884836562575743
14,-1.1820702625690203,-1.0320436853221635,-0.39343553317568924,0.15002657724685653,0.7886347293933309,0.6386081521464744
15,-0.2144880092909306,0.02561125786358781,0.24771085528341286,0.2400992671545184,0.46219886457434345,0.22209959741982505
16,-0.04005280869911612,2.5930295052714563,0.27756709128193047,2.633082313970572,0.31761989998104656,-2.315462413989526
17,-1.2776237052345343,-1.1746743171592886,-1.235668103853409,0.10294938807524556,0.04195560138112525,-0.06099378669412031
18,0.8783889938245981,3.3651068013450334,2.7330725162509757,2.486717807520435,1.8546835224263778,-0.6320342850940575
19,,,,,,
20,,,,,,
