,distr-focus,own-focus,office-focus,own-distr,office-distr,office-own
0,0.4739543544579249,0.5390988787513035,0.297254332593735,0.06514452429337864,-0.17670002186418984,-0.24184454615756848
1,-0.09475836489287526,0.09748753088403093,0.05722101702102332,0.1922458957769062,0.1519793819138986,-0.040266513863007614
2,-0.20644395460483167,175.862193467904,-0.09280043328354837,176.06863742250883,0.1136435213212833,-175.95499390118755
3,0.36642254469324,-0.5675248910740605,0.19973104128067376,-0.9339474357673004,-0.16669150341256625,0.7672559323547341
4,-0.22074964557666132,-0.005976548161213985,-0.07184741315988001,0.2147730974154473,0.1489022324167813,-0.06587086499866603
5,-0.2598611556970402,0.07237356738885917,-0.4031719046039404,0.33223472308589935,-0.1433107489069002,-0.47554547199279956
6,-0.08784765354995847,0.04144988016229425,-0.12327204958143895,0.12929753371225272,-0.03542439603148048,-0.16472192974373318
7,0.03627707993930801,0.05027497107908041,0.07722281007434606,0.0139978911397724,0.04094573013503805,0.02694783899526565
8,0.0315372880802461,0.005414664344313095,-0.2012861131179854,-0.026122623735933,-0.23282340119823147,-0.20670077746229848
9,0.3270166538533544,-0.0726015795273261,0.1725408760989864,-0.3996182333806805,-0.15447577775436797,0.2451424556263125
10,-0.06031719447560677,-0.41044382297506293,-0.1403904492221248,-0.3501266284994562,-0.08007325474651802,0.27005337375293814
11,0.24117181702855023,-0.1610383479708053,-0.4094367018997838,-0.4022101649993555,-0.650608518928334,-0.24839835392897852
12,0.003943436960751501,-6.261371414332333,-0.22929522404309433,-6.265314851293085,-0.23323866100384583,6.0320761902892395
13,-0.2098438899185503,-1.0215512970743936,-0.7068252624528695,-0.8117074071558434,-0.4969813725343191,0.31472603462152426
14,1.078347187463169,1.0794990835501341,1.1296240305033005,0.001151896086965254,0.05127684304013172,0.050124946953166466
15,14.327315334194704,12.62215267363663,14.060863147640083,-1.7051626605580745,-0.26645218655462327,1.438710474003451
16,-0.4118393364217866,1.3449727384642853,-0.7412147728891085,1.756812074886072,-0.3293754364673219,-2.086187511353394
17,-0.5790275186057283,-1.3768510980775273,-0.6115750642426587,-0.7978235794717989,-0.03254754563693049,0.7652760338348685
18,1.5290212031139099,3.6447176910274464,1.46428595755189,2.1156964879135365,-0.0647352455620196,-2.1804317334755563
19,,,,,,
20,,,,,,
