,distr-focus,own-focus,office-focus,own-distr,office-distr,office-own
0,-1.0528823659303854,-2.086805959824176,-1.1920767634418712,-1.0339235938937905,-0.13919439751148577,0.8947291963823047
1,0.5709645089862244,-0.4332923270887614,-0.47040486910099416,-1.004256836074986,-1.0413693780872186,-0.03711254201223274
2,1.7455362653042528,-0.6734190011911367,-0.216264992754287,-2.4189552664953897,-1.9618012580585398,0.4571540084368497
3,0.5605237979737439,-2.042133553564259,-0.2573489322591931,-2.602657351538003,-0.8178727302329369,1.7847846213050662
4,1.5893486993448078,-0.7467939472333983,-0.46526359461636646,-2.3361426465782063,-2.054612293961174,0.28153035261703185
5,4.6187760420810395,-1.4826927574809976,-0.16434408800624384,-6.101468799562038,-4.783120130087283,1.318348669474754
6,10.611028502781505,-1.5826187601231234,1.410634730312869,-12.193647262904628,-9.200393772468637,2.9932534904359924
7,2.267797534419767,-0.12746144001311976,1.0225512757710022,-2.395258974432887,-1.2452462586487647,1.150012715784122
8,3.1145154849519203,1.6429404868676043,3.680634837671326,-1.471574998084316,0.5661193527194057,2.0376943508037217
9,1.9418303846673681,0.41307446792447666,2.4893729399205657,-1.5287559167428917,0.5475425552531977,2.0762984719960893
10,1.2572884979329924,-0.04115025208469944,1.261458465840814,-1.2984387500176917,0.004169967907821537,1.3026087179255132
11,2.4328373421222533,11.710239936136936,1.7137835631557707,9.277402594014683,-0.7190537789664824,-9.996456372981164
12,5.31335031619946,28.52786761985102,4.092352259379074,23.21451730365156,-1.2209980568203862,-24.435515360471946
13,1.5335046523953015,-0.4635792507140836,0.23924310357214162,-1.9970839031093852,-1.29426154882316,0.7028223542862253
14,0.8852257946235275,0.5651157933328229,1.0100758928012576,-0.32011000129070455,0.12485009817773018,0.44496009946843473
15,1.3969176620718144,0.5353185608702337,1.3532257126535292,-0.8615991012015807,-0.04369194941828525,0.8179071517832954
16,1.3328997639943767,0.03757342694566984,0.0982750829022745,-1.295326337048707,-1.2346246810921022,0.060701655956604664
17,1.3817580108617382,0.03263106223492937,0.3382545117393394,-1.3491269486268087,-1.0435034991223988,0.30562344950441
18,2.8832473824696367,0.403422224277883,0.7894530342372003,-2.479825158191754,-2.0937943482324366,0.3860308099593173
19,,,,,,
20,,,,,,
