,distr-focus,own-focus,office-focus,own-distr,office-distr,office-own
0,-0.14435895100076052,4.52097342536576,-0.30995292557918547,4.665332376366521,-0.16559397457842495,-4.830926350944946
1,0.5280978695009095,-1.3089076938723887,1.5142109841473852,-1.8370055633732982,0.9861131146464758,2.8231186780197737
2,0.9864037312762317,20.48698448177332,5.994638360976863,19.500580750497086,5.008234629700631,-14.492346120796457
3,0.1618921029710974,1.0324854607504113,,0.8705933577793138,,
4,0.206960952114443,0.18404135825640322,,-0.022919593858039766,,
5,0.6919664423002194,-0.09021502949649746,,-0.7821814717967168,,
6,3.103848210953606,-0.21484197041973704,-0.6673291179520899,-3.3186901813733427,-3.7711773289056953,-0.45248714753235286
7,0.3165648231358925,0.25509681398907486,0.3682414450614252,-0.06146800914681766,0.051676621925532684,0.11314463107235034
8,3.5560016800926038,-0.1847774046683746,-0.034449335232210665,-3.740779084760978,-3.590451015324814,0.15032806943616395
9,0.2615352940650526,-2.681806963104794,0.05531646326634543,-2.9433422571698467,-0.20621883079870718,2.7371234263711397
10,0.23914764323724935,8.147953782102975,3.0609294585381646,7.908806138865726,2.8217818153009153,-5.087024323564811
11,-2.525372311867692,-1.0716388265742118,-0.2624360310275978,1.4537334852934802,2.262936280840094,0.809202795546614
12,-0.13484026764546386,2.344992146544552,-3.4429353442781347,2.4798324141900157,-3.3080950766326707,-5.787927490822687
13,-0.31483987552046,-4.299209255194551,2.5020935574857357,-3.9843693796740913,2.816933433006196,6.801302812680287
14,-0.18045266218185052,-15.822806169975962,0.005329278810957572,-15.642353507794112,0.1857819409928081,15.82813544878692
15,-5.066018740657549,-7.340723033668189,4.064382566844962,-2.2747042930106396,9.130401307502511,11.405105600513151
16,15.284931629488485,14.86392088681896,20.45099758236383,-0.42101074266952404,5.1660659528753445,5.587076695544869
17,-1.0849594315023379,0.6126338684955546,0.013794993820734458,1.6975932999978924,1.0987544253230723,-0.5988388746748201
18,-2.4353994283008102,-0.8954745756166194,,1.5399248526841909,,
19,,,,,,
20,,,,,,
