,distr-focus,own-focus,office-focus,own-distr,office-distr,office-own
0,3.3310755019701985,15.339571395860544,1.4769595827669866,12.008495893890345,-1.854115919203212,-13.862611813093556
1,0.876393505425387,-0.3806058110821233,0.22808126166418186,-1.2569993165075104,-0.6483122437612051,0.6086870727463052
2,-8.52604011621462,-1.3449918126622746,-7.825714084929134,7.1810483035523465,0.7003260312854871,-6.48072227226686
3,-0.3090281042811176,-1.5100375909791561,-2.128261338835113,-1.2010094866980385,-1.8192332345539954,-0.6182237478559569
4,28.12229803443065,-0.7689464984788887,-0.035709552317776144,-28.89124453290954,-28.158007586748425,0.7332369461611126
5,7.29018435978107,-2.221019917770421,-0.5871829703468103,-9.51120427755149,-7.87736733012788,1.6338369474236107
6,-11.281860197730454,3.283482801620085,-0.3998422089660477,14.56534299935054,10.882017988764407,-3.683325010586133
7,-2.3974055040100737,-0.37070582469628593,-3.5538570984791367,2.0266996793137877,-1.156451594469063,-3.1831512737828507
8,-1.7229100921758136,-1.0963515487840572,0.0009249810705125594,0.6265585433917564,1.7238350732463261,1.0972765298545697
9,-1.032545009231247,-0.8144502906425435,-0.3295746025386655,0.21809471858870344,0.7029704066925815,0.48487568810387804
10,0.27710290919650044,1.466596745305447,-2.27723458158989,1.1894938361089464,-2.5543374907863905,-3.7438313268953367
11,-0.8727675717688755,0.1326176778717857,0.41360422431323507,1.0053852496406612,1.2863717960821106,0.2809865464414494
12,72.75670392011415,17.05211978189174,0.07452305849235452,-55.7045841382224,-72.68218086162179,-16.977596723399383
13,-1.9276187759270456,-0.13033944910983272,-0.5415571337110513,1.797279326817213,1.3860616422159944,-0.41121768460121855
14,6.351705766977992,4.680855098409872,-0.1738675087112056,-1.6708506685681206,-6.525573275689197,-4.854722607121077
15,1.2588208279637887,-0.1500050933915622,0.9065602308299898,-1.408825921355351,-0.35226059713379876,1.056565324221552
16,-2.426858494734778,-16.743295349113918,-0.4805642673179848,-14.316436854379141,1.9462942274167934,16.262731081795934
17,1.5676064110465844,4.423062989479222,0.10893354244950038,2.8554565784326376,-1.458672868597084,-4.314129447029721
18,0.391798040345783,-0.009236122443721295,-0.070351340408071,-0.4010341627895043,-0.46214938075385403,-0.06111521796434971
19,,,-3.533607253446283,,,
20,,,,,,
