,distr-focus,own-focus,office-focus,own-distr,office-distr,office-own
0,-0.04307683088707734,152.30722545916282,0.33579438052652555,152.3503022900499,0.3788712114136029,-151.9714310786363
1,-0.5853485380848817,-0.4865276608946527,-1.052540329394893,0.09882087719022906,-0.4671917913100112,-0.5660126685002402
2,2.759697602775889,1.5740187386585545,22.661785805163664,-1.1856788641173344,19.902088202387773,21.08776706650511
3,6.049621265962838,2.809064029517505,4.691519304027057,-3.240557236445332,-1.35810196193578,1.8824552745095522
4,15.4871349426084,15.210152035919883,15.758654814301858,-0.27698290668851705,0.271519871693459,0.548502778381976
5,-1.2567019080028277,-0.3840516430334865,-6.435390939126133,0.8726502649693413,-5.178689031123305,-6.051339296092647
6,10.611535490584702,10.140884475886514,5.328274242407166,-0.47065101469818704,-5.283261248177535,-4.812610233479348
7,1.5539801764126597,1.880582727719037,1.2119764948584677,0.32660255130637716,-0.34200368155419203,-0.6686062328605692
8,0.239398345768294,0.13222153922125435,-0.3111302394548643,-0.10717680654703965,-0.5505285852231583,-0.44335177867611864
9,0.05628905014007163,-0.3395811494744654,0.32621867599829013,-0.395870199614537,0.2699296258582185,0.6657998254727555
10,0.33456071173207114,0.085523047521111,0.3933876021463777,-0.24903766421096013,0.058826890414306526,0.30786455462526663
11,2.5951283215653103,-0.8659727035531573,0.04414134953818771,-3.4611010251184675,-2.5509869720271223,0.910114053091345
12,-1.4040908467466928,-2.5281934697963897,-2.5504495219748073,-1.1241026230496969,-1.1463586752281145,-0.0222560521784176
13,0.35786727306548344,0.5418565125270141,0.2523152774645361,0.18398923946153062,-0.10555199560094733,-0.289541235062478
14,-0.8792429850548904,23.227830053076126,-0.2885615053019476,24.107073038131016,0.5906814797529428,-23.51639155837807
15,9.23855252667358,8.290763566232805,10.98770303212216,-0.9477889604407743,1.7491505054485805,2.696939465889355
16,-0.42930478637662417,12.447216773491826,0.20139077367408714,12.87652155986845,0.6306955600507113,-12.24582599981774
17,0.2576621040037646,-1.0821789769407972,-0.5654641979169006,-1.339841080944562,-0.8231263019206652,0.5167147790238966
18,0.3109108094078859,-37.335267818899005,-2.616372669871057,-37.64617862830689,-2.927283479278943,34.718895149027944
19,,,,,,
20,,,,,,
