,distr-focus,own-focus,office-focus,own-distr,office-distr,office-own
0,1.820409904281386,2.9995845327140587,2.0320428500642027,1.1791746284326727,0.21163294578281677,-0.967541682649856
1,-3.8085109831739823,-2.6057294488487006,-3.3929179490501147,1.2027815343252817,0.41559303412386805,-0.7871885002014136
2,3.2561192564481543,4.149349080957807,3.5969609584079576,0.8932298245096528,0.3408417019598031,-0.5523881225498497
3,-0.2371296379580532,0.45578018062308345,0.01271127821291096,0.6929098185811366,0.24984091617096416,-0.4430689024101725
4,-1.3628032503727658,-0.5576519510461191,-0.6869887948001456,0.8051512993266468,0.6758144555726202,-0.12933684375402654
5,-9.373722080948593,-8.128517951350307,-8.816792738832302,1.2452041295982847,0.5569293421162902,-0.6882747874819946
6,1.526072159186402,-20.009987607731908,1.5722600407518186,-21.53605976691831,0.046187881565416644,21.582247648483726
7,32.90686754275978,33.27732071072476,32.98046787062834,0.3704531679649845,0.07360032786856507,-0.29685284009641943
8,3.959729038883783,4.432771302567163,3.926238683628948,0.47304226368338,-0.033490355254835125,-0.5065326189382151
9,-0.20983379149299963,1.7300697245413146,0.11703626395320499,1.939903516034314,0.3268700554462046,-1.6130334605881096
10,-1.3010012158895543,-1.2257509681007086,-1.3626663072975096,0.0752502477888457,-0.061665091407955286,-0.136915339196801
11,-1.2237185370689034,-0.7982980534357242,-0.9338514278513342,0.4254204836331793,0.2898671092175693,-0.13555337441561
12,-1.010399393771173,-0.576609102254608,-0.8898794044374485,0.4337902915165649,0.12051998933372443,-0.31327030218284047
13,-0.7587430008945535,-0.12215092919480686,-0.04131963547357986,0.6365920716997466,0.7174233654209736,0.080831293721227
14,-0.7111508701179474,-0.08977223671783374,0.8816595481074416,0.6213786334001137,1.592810418225389,0.9714317848252754
15,-0.5064655881371918,-0.35288885956758365,-0.32000895466754065,0.15357672856960813,0.18645663346965113,0.032879904900043
16,-0.3321794416899321,-0.025088636868510705,-0.03499459605243438,0.30709080482142137,0.2971848456374977,-0.009905959183923674
17,0.5579324064421218,0.8500842851553344,0.5985990485277183,0.2921518787132126,0.04066664208559645,-0.2514852366276161
18,-0.4618249010168458,-0.2820799594836637,-0.36121128834018534,0.1797449415331821,0.10061361267666047,-0.07913132885652163
19,,,,,,
20,,,,,,
