,distr-focus,own-focus,office-focus,own-distr,office-distr,office-own
0,0.5619445271692319,0.602088760179916,0.47365634384433275,0.04014423301068398,-0.08828818332489918,-0.12843241633558317
1,-0.26116052312091187,-2.483238078209817,-1.1558483980000902,-2.222077555088905,-0.8946878748791783,1.3273896802097267
2,0.5483586212516596,1.4972327053562726,0.081259742355763,0.9488740841046129,-0.46709887889589663,-1.4159729630005096
3,-0.7463356083796492,-1.8717046179638497,0.039788923749676464,-1.1253690095842006,0.7861245321293256,1.9114935417135261
4,0.17626384330306666,-1.0455087187799712,-0.3232428813299161,-1.221772562083038,-0.49950672463298273,0.7222658374500551
5,-0.21508367331851969,-131.45445938689875,-1.355978191856833,-131.23937571358024,-1.1408945185383135,130.09848119504193
6,-0.593137248269795,-2.5673232076063526,-0.6003089715429413,-1.9741859593365576,-0.007171723273146302,1.9670142360634113
7,1.542352521603136,-0.0582055065000604,0.8674836414863505,-1.6005580281031966,-0.6748688801167856,0.9256891479864109
8,1.182145513509096,-0.4243167286915097,-0.34865911034879227,-1.6064622422006056,-1.5308046238578883,0.07565761834271745
9,1.8462660687704027,0.6355796480037453,1.7681336987065468,-1.2106864207666574,-0.07813237006385587,1.1325540507028016
10,-9.56014202724362,-6.881593125701159,-9.803801547487064,2.678548901542461,-0.24365952024344428,-2.9222084217859052
11,1.347452282581565,0.5562351693865415,1.4842259718060822,-0.7912171131950232,0.1367736892245175,0.9279908024195407
12,0.8726140435288539,-0.2682181838734897,1.2398815246208938,-1.1408322274023437,0.36726748109203994,1.5080997084943837
13,3.784083179432074,2.1509389714176494,11.215089069640513,-1.6331442080144245,7.431005890208439,9.064150098222864
14,-9.570988279527825,-9.919167895549649,-9.735724538208967,-0.3481796160218247,-0.1647362586811424,0.1834433573406823
15,-8.265629798403769,-3.2254729591372495,-6.176627621915673,5.040156839266519,2.0890021764880964,-2.9511546627784226
16,3.923882798382329,-5.1071547770992405,4.086983959133756,-9.03103757548157,0.16310116075142633,9.194138736232997
17,10.036533998833903,11.073986477152381,11.329771405646143,1.0374524783184773,1.2932374068122403,0.255784928493763
18,4.23800856665041,4.449232721673498,4.744404648782976,0.21122415502308808,0.5063960821325661,0.29517192710947804
19,,,,,,
20,,,,,,
