,distr-focus,own-focus,office-focus,own-distr,office-distr,office-own
0,0.364442722508839,0.00034489376602941935,-2.46020080114417,-0.3640978287428096,-2.824643523653009,-2.4605456949101994
1,26.116719758210223,1.6795700129904503,5.586280077511056,-24.437149745219774,-20.530439680699168,3.906710064520605
2,25.7820607900953,7.286659134184129,4.17669353457862,-18.49540165591117,-21.60536725551668,-3.1099655996055087
3,3.849694656355442,-1.1641401722167024,3.1647276448134383,-5.013834828572144,-0.6849670115420037,4.32886781703014
4,-1.6737076783418776,-0.024931380508300738,0.0723996715186962,1.6487762978335767,1.7461073498605737,0.09733105202699693
5,-0.8099598316918164,0.6411839208538588,-0.8595287976227868,1.4511437525456752,-0.04956896593097049,-1.5007127184766458
6,0.5068140231748245,-0.7788449107531024,23.994946165604183,-1.285658933927927,23.488132142429357,24.773791076357284
7,1.0370068128096193,0.9072800106736688,-1.8226474316252825,-0.12972680213595045,-2.8596542444349016,-2.7299274422989512
8,8.641490522192653,2.7273432030551974,-0.3110576148887443,-5.914147319137456,-8.952548137081397,-3.0384008179439417
9,-9.18595337997109,2.452927583768399,2.4959822707903614,11.638880963739489,11.681935650761453,0.04305468702196302
10,1.7633241008445881,3.44719455286047,5.51380765064849,1.6838704520158818,3.750483549803901,2.0666130977880193
11,2.8566353392068873,0.8802303865548796,2.8248236710644488,-1.9764049526520076,-0.031811668142438077,1.9445932845095695
12,-0.27931010772083364,-0.875740264363437,1.836048975960886,-0.5964301566426033,2.1153590836817195,2.711789240324323
13,2.091795454697982,0.7361050649217116,1.6635669646092281,-1.35569038977627,-0.4282284900887534,0.9274618996875166
14,1.3381961239686284,3.08725744085582,4.1986436048369296,1.7490613168871918,2.8604474808683014,1.1113861639811096
15,-0.6886980024899537,-0.08166546380295459,-3.447506265959567,0.6070325386869991,-2.7588082634696134,-3.365840802156612
16,24.064324895334078,26.47089477430638,26.949885568420143,2.406569878972304,2.885560673086066,0.4789907941137621
17,-0.7874650252076846,-1.1893832972240082,-2.2076187270956504,-0.4019182720163236,-1.4201537018879655,-1.018235429871642
18,0.7706998121735301,0.005877626779296791,0.6766159227742198,-0.7648221853942334,-0.09408388939931034,0.6707382959949231
19,,,,,,
20,,,,,,
