,distr-focus,own-focus,office-focus,own-distr,office-distr,office-own
0,0.22309568210982816,0.27652462159466923,0.5412963421890562,0.053428939484841065,0.3182006600792281,0.26477172059438703
1,0.5229635925811854,0.7282498033785189,1.0404283872016673,0.20528621079733347,0.5174647946204819,0.31217858382314845
2,0.7015252543717149,1.6539040701854986,0.9978127683319811,0.9523788158137837,0.2962875139602662,-0.6560913018535175
3,0.1818940331305733,0.462046904609086,0.2878977444133638,0.2801528714785127,0.10600371128279049,-0.17414916019572219
4,0.0704847968263313,-0.01227333959145599,0.1027700260046159,-0.08275813641778729,0.03228522917828461,0.1150433655960719
5,0.028631834281299756,-0.029150123576820425,-0.3386411514538048,-0.05778195785812018,-0.3672729857351046,-0.30949102787698435
6,-0.5297214083387203,0.01333672016393228,-0.24331127935185498,0.5430581285026526,0.28641012898686535,-0.25664799951578726
7,-0.6328320667206365,-0.3026514822376138,-0.5919010183840896,0.33018058448302273,0.040931048336546934,-0.2892495361464758
8,0.028621216453145026,0.09597776811883063,0.3721274588542013,0.0673565516656856,0.34350624240105626,0.27614969073537066
9,0.11848564990297755,31.42086008495295,0.10337171262646125,31.302374435049973,-0.015113937276516304,-31.31748837232649
10,-0.27762961667146957,3.1672656789334948,-0.3545249355369743,3.4448952956049643,-0.07689531886550471,-3.521790614470469
11,-6.0052407304196445,-5.382894491332766,-5.842641193187144,0.6223462390868781,0.16259953723250029,-0.45974670185437794
12,-1.2563654706430518,-24.646964817772552,-0.01701105849507978,-23.3905993471295,1.2393544121479723,24.62995375927747
13,0.7502457117323418,1.0831550270646382,1.0016915183466044,0.3329093153322963,0.25144580661426275,-0.08146350871803354
14,-0.2505092712569495,0.1079744385200731,-0.23914176775907148,0.3584837097770226,0.011367503497878004,-0.3471162062791446
15,0.13945393427185782,1.6123271481731056,-0.5043947144962982,1.4728732139012477,-0.6438486487681561,-2.1167218626694035
16,-0.06885484717480615,0.4513228852134456,-0.1817989852666799,0.5201777323882517,-0.11294413809187374,-0.6331218704801255
17,-0.3548850428463146,0.20948011576372128,-0.21441411215260175,0.5643651586100359,0.1404709306937129,-0.42389422791632303
18,-0.6733517218806455,-0.30961653340813233,-0.3061132065701671,0.3637351884725132,0.3672385153104784,0.003503326837965226
19,,,,,,
20,,,,,,
