,distr-focus,own-focus,office-focus,own-distr,office-distr,office-own
0,0.14864135227952202,-0.10247771174557152,-0.6830917561641436,-0.25111906402509354,-0.8317331084436657,-0.5806140444185721
1,1.4826614168645311,2.49906676120971,2.1036869964516187,1.0164053443451788,0.6210255795870876,-0.3953797647580912
2,2.239470432116817,2.8495887667004336,2.582937039716424,0.6101183345836172,0.34346660759960734,-0.26665172698400985
3,-1.5924834337226037,-1.6614851707137377,-0.5584328259138234,-0.06900173699113399,1.0340506078087803,1.1030523447999143
4,0.41526610367553424,-0.9285259794515479,0.34813036593311625,-1.3437920831270822,-0.06713573774241799,1.2766563453846642
5,1.5912422476611345,0.04149260414810477,1.094138292478738,-1.5497496435130298,-0.4971039551823966,1.0526456883306332
6,0.9263028005861185,1.1349597369904758,1.1138584233212985,0.20865693640435734,0.18755562273518,-0.021101313669177335
7,-1.3703619165680092,-0.4633186485596794,-1.316713858000169,0.9070432680083298,0.05364805856784027,-0.8533952094404895
8,0.7808744954690754,1.1735870308193157,0.5176251941140284,0.3927125353502403,-0.263249301355047,-0.6559618367052873
9,16.082873075246162,38.58750878110505,16.22274611163525,22.504635705858888,0.13987303638908566,-22.364762669469805
10,1.6011741820059078,1.6757001312291637,1.6669011534076443,0.07452594922325595,0.06572697140173656,-0.008798977821519394
11,0.12596025691186097,-0.0305313083635812,-0.10807853343931373,-0.15649156527544217,-0.2340387903511747,-0.07754722507573253
12,4.63759651847868,4.673599401712913,4.929536667111905,0.03600288323423362,0.2919401486332249,0.2559372653989913
13,-3.0942750416898113,0.23489351582091744,1.916638570507402,3.329168557510729,5.010913612197213,1.6817450546864845
14,2.76522515895787,3.077039109627669,0.28322075146375725,0.3118139506697988,-2.482004407494113,-2.7938183581639118
15,0.7931850519927537,0.9605253642402511,0.8152951402226833,0.16734031224749746,0.02211008822992966,-0.1452302240175678
16,2.957783924925942,-3.58814416605581,2.858274870326881,-6.545928090981752,-0.0995090545990609,6.446419036382691
17,0.646191218702161,-1.5967913435430208,0.944854830680053,-2.2429825622451816,0.29866361197789204,2.541646174223074
18,1.9905334251634559,0.4044913585615218,0.2876313083492616,-1.5860420666019341,-1.7029021168141942,-0.1168600502122602
19,,,,,,
20,,,,,,
