,focus,distr,own,office
0,0.9889040291613889,1.5632537868332999,1.291223145803063,0.8351676301907256
1,0.4623864002803344,1.1849191723007721,2.60200916095962,1.7635756163043421
2,-2.0496403444571847,0.8597895111256388,2.0780737363445874,0.9793590118484916
3,3.9715005101420227,1.3424712225068762,1.2343801532233203,2.533796061797214
4,0.6455746071272602,0.9379550086493391,-1.6512495879839975,0.8221884636097508
5,-5.795624783618542,1.5207349665575227,-0.13820176818955562,0.7560495283397672
6,0.2752541666784534,1.017486344247319,0.9116624512811596,1.6661077882543525
7,3.55220796554648,0.7121645248636337,7.900970903699904,1.019237454926622
8,-0.23355615750040037,1.1315744904817338,1.368437128749576,0.8734629074655905
9,2.223844432887765,1.057569201142924,-0.8771844208123424,1.7636091272775003
10,1.025941691993022,1.2212210121001932,1.0050904597790704,1.4478445077521278
11,0.8899604572615925,1.310465369717737,1.1180642340743114,2.6338980890433197
12,-1.2225232793302763,0.966275725154642,0.8891984199434924,1.3415205096752474
13,3.1496308543041067,0.3438761479080817,0.6074080254128874,3.1313889423890533
14,0.562339372849958,11.54624260865377,2.176766351496646,0.7029050128953386
15,0.31798823126079895,1.2287076723323738,4.7116631249960506,1.6057980943531995
16,-0.1725472337201543,1.0021696137854628,-1.1672421484333482,1.0929402737098664
17,0.07266199330026529,0.5263701407450521,0.15481605205454907,1.389268430503607
18,-1.1212067896605284,1.4593399235387439,0.3707606268324531,0.4881325062265132
19,,,,
20,,,,
