,focus,distr,own,office
0,0.2926341970217603,0.8158105625427714,1.0515262769177736,0.9932101157739458
1,-0.3638656121444906,1.9296917922971462,2.8246917291976787,1.22494381038578
2,1.9794584084081912,-9.614454493827857,-1.6146070590665615,-16.88747684277631
3,-1.2550117679351165,1.9385850054385654,3.6494661199555845,1.809042866775499
4,-8.881512689337411,1.0075495921162403,2.4009708065855246,-2.5454746086283686
5,1.26040228085674,1.527783486566884,-0.3071929506140729,0.33686418790095707
6,-1.2654681842018671,-0.29185264386411885,-7.663853659893116,-0.11818666492804034
7,-1.9435186723984537,11.892727166259716,0.9818765933551752,-0.6266821664930078
8,2.3347154159202144,0.6097478852689597,3.3249489810849866,1.6462895270120619
9,0.7858385362670172,1.8590442985520785,0.39450394585233794,0.5097920530831148
10,-3.9907189568485366,-1.1505706096867634,0.7103190155428137,-0.007131378656043852
11,0.7361539110244475,79.80562698173729,-3.9648427328636875,7.656262069654339
12,0.012065349644790002,-5.292244686456794,0.17029972042422623,-0.3664627088467835
13,-1.3974240917026555,1.5201319023696973,1.2239026552200933,0.7975422504388477
14,-4.52780770849043,1.2778815460158794,1.08922003503691,1.8630076427565347
15,32.21618443459298,1.9305998902035444,0.5911909861648126,3.103729482151329
16,-10.291296720634033,-1.4349157896266356,1.3273596023685978,1.2316006730891504
17,-17.144911737067368,12.398741625083384,1.608719755415263,4.025311299492634
18,0.04328761290078905,4.317595244254118,0.7121093853701744,0.494415675490809
19,,,,
20,,,,
