,focus,distr,own,office
0,0.5813314104578374,0.9457741329666765,0.5816763042238668,-1.8788693906863325
1,0.1642699187266914,26.280989676936915,1.8438399317171417,5.750549996237747
2,-6.152679640040094,19.629381150055206,1.1339794941440346,-1.975986105461474
3,-0.16897936422273302,3.680715292132709,-1.3331195364394355,2.995748280590705
4,0.38396446132962286,-1.2897432170122547,0.3590330808213221,0.45636413284831906
5,0.1525586603068398,-0.6574011713849766,0.7937425811606986,-0.706970137315947
6,-0.4096853935675877,0.09712862960723681,-1.18853030432069,23.585260772036595
7,-0.17700299154040922,0.86000382126921,0.7302770191332596,-1.9996504231656917
8,-1.57826242948879,7.063228092703863,1.1490807735664075,-1.8893200443775342
9,0.05647606888177337,-9.129477311089317,2.509403652650172,2.552458339672135
10,-2.0769673346246886,-0.3136432337801004,1.3702272182357813,3.4368403160238006
11,-0.11456120643987355,2.7420741327670135,0.7656691801150061,2.7102624646245754
12,0.4281796087502461,0.14886950102941243,-0.4475606556131909,2.264228584711132
13,0.2685161735645198,2.3603116282625014,1.0046212384862314,1.932083138173748
14,-2.5990392240731257,-1.2608431001044973,0.4882182167826944,1.5996043807638038
15,0.6390027289432728,-0.04969527354668091,0.5573372651403182,-2.808503537016294
16,-25.765450666259078,-1.701125770925,0.705444108047304,1.184434902161066
17,0.9231240342795151,0.13565900907183048,-0.2662592629444931,-1.2844946928161352
18,0.08477031304971225,0.8554701252232424,0.09064793982900904,0.7613862358239321
19,,,,
20,,,,
