,focus,distr,own,office
0,1.3924135494248773,1.6773177259147956,1.3116756923625816,0.5548164540234061
1,0.26146081184739123,1.7200949082674963,2.475617655778965,1.560316643503417
2,-0.8545114667628605,0.9378602194756434,1.470617910267653,0.5457005954703582
3,7.50726539099748,1.2227802019371687,1.1004925589369936,1.9914964300973386
4,0.5210861562627658,0.9415637920643124,-613.3452483314687,0.6753885099839536
5,0.03865602579072122,1.421249327273018,-0.4080520545849158,0.6366329567414228
6,0.20122701611109353,1.0898373270856307,1.2525485551406836,1.0494320747914925
7,3.162308573140865,0.8957208829446283,1.7478841598668453,0.7676944949017526
8,0.5298114996929784,1.095714853954095,1.432529893171617,0.6001236014167923
9,-1.7841137643158245,1.1469946751479827,10.347517159042283,0.9860479624890699
10,-0.37074549116715233,1.0423599234695287,1.056414991894858,0.8298601190664541
11,1.0630369389221552,1.2914697519004679,1.0553187589018518,0.6863242467061007
12,2.3075271708791263,0.9471551426202145,0.9475993452930731,1.0405068856855988
13,0.4895414946165457,-0.9173257462587672,0.676837902735046,1.9773752544675567
14,0.443078381756589,10.91280863812941,3.221189817845989,0.2862500871517002
15,0.353421343704155,1.1529591298072872,1.2359470737299292,0.7569502985023577
16,-1.292549257430529,0.9768479538590886,33.25892279530519,0.6393555112077528
17,0.13203968632909632,0.7156292520143114,-1.8553051759644168,0.8349087362995314
18,0.4225263234836507,3.2860813774913566,0.6403462794012618,0.428720221555865
19,,,,
20,,,,
