,focus,distr,own,office
0,1.426734019609526,1.575375371889048,1.3242563078639544,0.7436422634453823
1,0.03091124803491674,1.5135726648994479,2.5299780092446267,2.1345982444865355
2,-1.3218979446189605,0.9175724874978561,1.5276908220814733,1.2610390950974635
3,2.7712338582601097,1.178750424537506,1.109748687546372,2.2128010323462863
4,0.48943734162062397,0.9047034452961582,-0.439088637830924,0.8375677075537402
5,-0.24891158446365,1.3423306631974845,-0.20741898031554523,0.8452267080150879
6,0.12963307510962513,1.0559358756957435,1.2645928121001009,1.2434914984309235
7,2.247580007269675,0.877218090701666,1.7842613587099958,0.9308661492695063
8,0.27117609734099,1.0520505928100654,1.4447631281603057,0.7888012914550184
9,-14.995853320275453,1.087019754970711,23.5916554608296,1.2268927913597967
10,-0.6115010700139345,0.9896731119919733,1.0641990612152292,1.0554000833937098
11,1.0963699296624065,1.2223301865742675,1.0658386212988253,0.9882913962230928
12,-3.7215934614095656,0.9160030570691142,0.9520059403033478,1.2079432057023392
13,0.4420628641873253,-2.652212177502486,0.6769563800082428,2.3587014346947273
14,0.40462446325662516,3.169849622214495,3.481663572884294,0.6878452147203824
15,0.296301555314161,1.0894866073069147,1.2568269195544122,1.1115966955368444
16,-2.0071400963239765,0.9506438286019654,-5.595284262379787,0.8511347740029045
17,0.05688710675431504,0.7030783254564761,-1.5399042367887057,1.0017419374343681
18,0.2341923529500109,2.224725778113467,0.6386837115115327,0.5218236612992725
19,,,,
20,,,,
