,distr-focus,own-focus,office-focus,own-distr,office-distr,office-own
0,-0.6235729522794168,-2.5529525261435775,-2.6953643247360675,-1.9293795738641606,-2.0717913724566506,-0.14241179859248998
1,14.241163269708913,12.841510404960532,12.386438226317335,-1.3996528647483806,-1.8547250433915785,-0.45507217864319793
2,-3.5957101985609077,-2.656225999748453,-4.432008657753525,0.9394841988124548,-0.8362984591926177,-1.7757826580050724
3,-2.411226366222375,-5.49663753806686,-6.22866052690409,-3.085411171844485,-3.817434160681715,-0.7320229888372303
4,-5.159886839834769,-4.961979376781052,-0.15398352695981998,0.1979074630537171,5.005903312874949,4.807995849821232
5,-0.38168860148615935,0.9787136397872173,0.1742858051774352,1.3604022412733765,0.5559744066635945,-0.8044278346097821
6,-3.6983975248546868,1.2850833869821754,-0.9310140295250748,4.983480911836862,2.7673834953296117,-2.2160974165072505
