,distr-focus,own-focus,office-focus,own-distr,office-distr,office-own
0,-2.8380876994126996,1.1863201270231998,-5.339470960767077,4.024407826435899,-2.501383261354378,-6.525791087790277
1,-7.503945157515174,-2.7228106693851357,2.069811734109975,4.781134488130038,9.573756891625148,4.792622403495111
2,-41.47774087700009,-36.49619514783348,-33.681486635397626,4.981545729166606,7.796254241602462,2.8147085124358564
3,-0.130863439997718,-12.482182049139489,-10.585164972279118,-12.35131860914177,-10.4543015322814,1.89701707686037
4,-1.7211462043416783,-0.7803532847554533,1.5890318709640523,0.940792919586225,3.3101780753057306,2.3693851557195056
5,-4.3710776115960535,0.5511141814265128,-1.1331770857193841,4.9221917930225665,3.2379005258766695,-1.684291267145897
6,8.02739835593737,1.4702054162796863,-1.6525332408122337,-6.557192939657684,-9.679931596749604,-3.12273865709192
