,distr-focus,own-focus,office-focus,own-distr,office-distr,office-own
0,2.236316494922128,1.2039314564718704,1.826583650621954,-1.032385038450258,-0.40973284430017437,0.6226521941500835
1,1.3371528847729632,-0.7405221223243226,-0.04934608026603193,-2.0776750070972856,-1.3864989650389952,0.6911760420582906
2,-1.684476282541358,-0.46980352466305103,-0.6410100229322016,1.214672757878307,1.0434662596091564,-0.17120649826915046
3,-0.31450521724237757,0.22134311515852706,-0.3025287878192948,0.5358483324009046,0.011976429423082746,-0.5238719029778218
4,-1.8806164795624956,-1.6424519999527805,-0.6700283789815001,0.2381644796097151,1.2105881005809953,0.9724236209712802
5,0.7709952399020529,1.1346741908984233,0.47306103361582297,0.36367895099637026,-0.2979342062862299,-0.6616131572826002
6,0.6469844678112386,2.2390635079655326,0.5549724016117306,1.5920790401542941,-0.09201206619950797,-1.6840911063538022
