,distr-focus,own-focus,office-focus,own-distr,office-distr,office-own
0,0.03480870702865238,0.03174155029346286,0.0747624107323561,-0.0030671567351895183,0.039953703703703713,0.043020860438893235
