,distr-focus,own-focus,office-focus,own-distr,office-distr,office-own
0,-0.245438913131182,0.007709105902216518,-0.1506838376746405,0.2531480190333985,0.0947550754565415,-0.15839294357685701
