,distr-focus,own-focus,office-focus,own-distr,office-distr,office-own
0,-3.7068061962213674,-3.8369872792752866,4.773187543796449,-0.13018108305391918,8.479993740017816,8.610174823071736
