,distr-focus,own-focus,office-focus,own-distr,office-distr,office-own
0,2.5975658633052374,2.215081344819681,2.4665304748933212,-0.3824845184855563,-0.13103538841191606,0.2514491300736403
