,distr-focus,own-focus,office-focus,own-distr,office-distr,office-own
0,-0.02679288225400156,-0.03260644544817605,-0.2661320727289631,-0.00581356319417449,-0.23933919047496158,-0.23352562728078707
1,-0.6752124640439271,-0.8427455451153655,-0.36916813471035576,-0.16753308107143836,0.3060443293335713,0.47357741040500967
2,-0.37421546662435934,-0.3160390921152444,-0.16468775707267108,0.058176374509115,0.20952770955168828,0.15135133504257328
3,-8.24911250500805,-8.153879466937115,-7.7023595409449035,0.09523303807093526,0.5467529640631462,0.451519925992211
4,-1.082172181725164,-0.9293742261997057,-2.8768349506267414,0.15279795552545825,-1.7946627689015775,-1.9474607244270357
5,-0.36400033582275926,0.5220619453975422,0.29201078667366387,0.8860622812203015,0.6560111224964231,-0.23005115872387838
6,3.6367408784142934,5.559340845364317,4.961004550835137,1.9225999669500238,1.3242636724208428,-0.5983362945291809
