,distr-focus,own-focus,office-focus,own-distr,office-distr,office-own
0,-1.1545182610481035,-0.5496226419351017,-0.6920208416133615,0.6048956191130017,0.4624974194347418,-0.1423981996782599
1,0.7197363331548177,1.8209382708445956,1.0295608537130143,1.101201937689778,0.3098245205581966,-0.7913774171315813
2,-1.1174747024936944,0.34600922416134605,-0.6197314273873246,1.4634839266550403,0.49774327510636984,-0.9657406515486706
3,-0.47982538114169354,30.588130300256616,-0.17541392543246354,31.06795568139831,0.30441145570923,-30.76354422568908
4,0.8635464454185227,1.8025204824557295,1.0239271611786454,0.9389740370372068,0.16038071576012275,-0.778593321277084
5,9.05176492570761,11.324200564089244,9.607626277404746,2.272435638381634,0.555861351697136,-1.7165742866844982
6,-0.8836624931402015,-0.47404292579170615,-0.607321712660556,0.4096195673484953,0.27634078047964544,-0.13327878686884986
