,distr-focus,own-focus,office-focus,own-distr,office-distr,office-own
0,-13.366866481307582,-0.7981824172039532,-2.4608668111139202,12.568684064103628,10.905999670193662,-1.6626843939099671
