,distr-focus,own-focus,office-focus,own-distr,office-distr,office-own
0,0.1655708036039064,0.01853948652107118,0.043044975425993615,-0.14703131708283523,-0.1225258281779128,0.024505488904922434
