,distr-focus,own-focus,office-focus,own-distr,office-distr,office-own
0,0.04270537649797346,0.12937785862787007,0.07793330644031088,0.08667248212989662,0.03522792994233742,-0.051444552187559195
1,-0.03369200365313099,-0.08159833330135385,-0.07616840355737775,-0.04790632964822286,-0.04247639990424676,0.005429929743976103
2,-0.004099660990478093,0.007126340690599697,-0.13382238056841808,0.01122600168107779,-0.12972271957794,-0.14094872125901778
3,0.14438850947633128,-0.17910215273838068,-0.13675437346133365,-0.32349066221471195,-0.28114288293766493,0.042347779277047026
4,0.11437112260570345,-1.214542079244097,-0.11938180239039531,-1.3289132018498007,-0.23375292499609876,1.0951602768537019
5,1.0057220925227945,12.308897179072254,0.810071633386058,11.30317508654946,-0.19565045913673648,-11.498825545686197
6,1.667514074142167,2.905543338114449,1.502109260561186,1.238029263972282,-0.16540481358098078,-1.403434077553263
