,distr-focus,own-focus,office-focus,own-distr,office-distr,office-own
0,-4.047741312432291,-6.933528766062235,-4.401897466433345,-2.885787453629944,-0.35415615400105427,2.5316312996288897
1,-20.605262695461576,1.5343348380945931,-4.349710912505522,22.13959753355617,16.255551782956054,-5.884045750600115
