,distr-focus,own-focus,office-focus,own-distr,office-distr,office-own
0,0.04882757393265574,-0.028361037693146574,0.1381143800742285,-0.07718861162580232,0.08928680614157275,0.16647541776737507
1,-0.09586373206985699,-0.1693488080346373,-0.07614860473923402,-0.07348507596478032,0.019715127330622972,0.0932002032954033
2,0.28440834928686526,0.18816045732953796,0.19379888341384316,-0.0962478919573273,-0.0906094658730221,0.005638426084305204
3,0.16783191904757416,0.3588846941287872,0.5364843282104825,0.19105277508121304,0.36865240916290837,0.17759963408169532
4,0.46754626371605257,0.21231069855161666,0.24047654251816875,-0.2552355651644359,-0.22706972119788382,0.028165843966552084
5,0.360327096550655,0.2023947405788381,0.5155810027737243,-0.15793235597181687,0.15525390622306934,0.3131862621948862
6,-0.05147779449888368,-0.07785094855552155,0.034621917742373665,-0.02637315405663787,0.08609971224125734,0.11247286629789521
