,distr-focus,own-focus,office-focus,own-distr,office-distr,office-own
0,0.3151903848514678,0.18631794718354722,0.42463850340304826,-0.12887243766792056,0.10944811855158047,0.23832055621950102
1,-0.7619144225965535,3.1637010404694395,0.10834078871798924,3.925615463065993,0.8702552113145428,-3.05536025175145
2,-2.0894270967851964,-1.663754446304829,0.790068433318557,0.42567265048036756,2.8794955301037537,2.453822879623386
3,-1.089097166009275,-0.1376575760381677,0.3204216838728231,0.9514395899711072,1.409518849882098,0.4580792599109908
4,2.4436502639747606,1.6192060273029556,-0.6627099809206702,-0.824444236671805,-3.1063602448954306,-2.2819160082236256
5,-1.1100459546613894,0.09950627159021261,0.4926990119716985,1.209552226251602,1.6027449666330882,0.39319274038148594
6,1.5198836486070177,-5.695568343724622,2.6787936370417054,-7.21545199233164,1.1589099884346874,8.374361980766327
