,distr-focus,own-focus,office-focus,own-distr,office-distr,office-own
0,0.025574761050338506,0.00464744524751623,0.4980776464480541,-0.020927315802822276,0.47250288539771557,0.4934302012005378
1,0.31611987896834715,0.19168311998960172,0.5104194269162416,-0.12443675897874543,0.1942995479478945,0.3187363069266399
2,-0.6309656033792416,-0.582961496632491,-0.4941557544943679,0.04800410674675057,0.13680984888487369,0.08880574213812312
3,0.7986649911102578,0.8776271463738334,1.1066672900278967,0.07896215526357565,0.30800229891763875,0.22904014365406308
4,0.5124525655120612,0.6415540781617017,1.1256833454929627,0.12910151264964048,0.6132307799809015,0.48412926733126094
5,-0.5107215077415269,0.48132214865858514,-0.2367967190960218,0.992043656400112,0.2739247886455052,-0.7181188677546069
6,0.8783889938245981,3.3651068013450334,2.7330725162509757,2.486717807520435,1.8546835224263778,-0.6320342850940575
