,distr-focus,own-focus,office-focus,own-distr,office-distr,office-own
0,1.862940872059545,0.07165463073290212,0.4505633000362411,-1.791286241326643,-1.412377572023304,0.378908669303339
1,-0.21274589229826235,1.0017675909864774,-0.335943873403106,1.2145134832847397,-0.12319798110484365,-1.3377114643895833
2,2.267020021134809,0.9311619705014429,-2.040313118298291,-1.3358580506333662,-4.3073331394331,-2.9714750887997337
3,0.12359310604131668,-0.17946047288391692,1.8470390859060744,-0.3030535789252336,1.7234459798647577,2.0264995587899914
4,0.010162399815206169,0.7011546412795129,0.5959104944970037,0.6909922414643066,0.5857480946817974,-0.10524414678250915
5,-0.7684088395628565,0.041797310498893014,1.306110896826154,0.8102061500617496,2.0745197363890107,1.2643135863272612
6,0.17776061013200986,0.5826721072979452,-0.3843192056680026,0.4049114971659353,-0.5620798158000124,-0.9669913129659478
