,distr-focus,own-focus,office-focus,own-distr,office-distr,office-own
0,-1.5359157825587313,-0.37791002930476514,-0.6039048305840212,1.158005753253966,0.93201095197471,-0.22599480127925609
1,0.12134352909907631,-0.3256612521104688,-0.45367038571335183,-0.4470047812095451,-0.5750139148124281,-0.12800913360288302
2,0.13613152422591068,0.1809073172859994,0.027239049180287078,0.04477579306008872,-0.1088924750456236,-0.15366826810571232
3,-4.900996851419974,0.5310042165555554,0.06580302808181537,5.432001067975529,4.96679987950179,-0.46520118847374003
4,0.46877869233844127,0.7408034387343597,0.748787914308238,0.27202474639591845,0.2800092219697967,0.007984475573878269
5,0.1717099157828303,0.2819317463434327,0.05131966042442565,0.11022183056060242,-0.12039025535840464,-0.23061208591900706
6,0.6500429174612119,1.1321218742142145,0.9571332108059936,0.4820789567530026,0.30709029334478155,-0.17498866340822106
