,distracting minus focus increasing,own choice minus focus increasing,background noise minus focus increasing,own choice minus distracting,background noise minus distracting,background noise minus own choice
0,-0.163369664747401,-0.06238536605861955,-0.1818882692317646,0.10098429868878145,-0.0185186044843636,-0.11950290317314505
1,-0.012966988861906392,0.007938302447886292,0.013954233904665658,0.020905291309792684,0.02692122276657205,0.0060159314567793665
2,-0.2457411912069924,-0.19837999362854802,-0.08499016802930193,0.04736119757844437,0.16075102317769047,0.1133898255992461
3,-0.10516653781563257,-0.2926328591173163,-0.3054841622168177,-0.18746632130168372,-0.2003176244011851,-0.012851303099501388
4,-0.29997052989905065,-0.17796563360801682,-0.13738013806666305,0.12200489629103384,0.1625903918323876,0.04058549554135377
5,-0.32187222374275826,-0.23484041192975996,-0.31409394363462706,0.0870318118129983,0.007778280108131197,-0.0792535317048671
6,-0.06498057762179255,0.05970457872767748,-0.08366706061742296,0.12468515634947003,-0.018686482995630416,-0.14337163934510044
