,distr-focus,own-focus,office-focus,own-distr,office-distr,office-own
0,0.047831714829669275,-26.16731316710149,-0.6406345963997602,-26.21514488193116,-0.6884663112294294,25.52667857070173
1,-0.6439774037872004,-1.2554849460402928,0.5954477105457754,-0.6115075422530925,1.2394251143329758,1.8509326565860682
2,9.766056199350189,9.804890720661765,11.02247021329652,0.03883452131157572,1.256414013946332,1.2175794926347563
3,-0.045817077387580785,-1.0722030752059457,-0.11111876134080045,-1.026385997818365,-0.06530168395321967,0.9610843138651453
4,1.9873388160407588,1.1848372208710771,1.0753593460566229,-0.8025015951696817,-0.9119794699841359,-0.10947787481445415
5,2.5923855956178214,3.3312254246831,2.4950675016707633,0.7388398290652791,-0.09731809394705782,-0.8361579230123368
6,3.6636102016126855,3.963430654457331,4.318714966586114,0.299820452844645,0.6551047649734282,0.3552843121287832
