,distracting minus focus increasing,own choice minus focus increasing,background noise minus focus increasing,own choice minus distracting,background noise minus distracting,background noise minus own choice
0,-9.305718223610402,0.11134362753843374,-20.24343062727515,9.417061851148835,-10.937712403664747,-20.354774254813584
1,-3.0261576435794355,1.8625831789104366,-2.1055714291957397,4.888740822489872,0.9205862143836963,-3.9681546081061763
2,1.0192783932243212,1.0501132899983976,-4.4321023343237504,0.03083489677407636,-5.451380727548072,-5.482215624322148
3,-15.860793244452879,-13.102704634316773,-11.295484982165448,2.7580886101361073,4.565308262287433,1.8072196521513249
4,4.328724410333104,0.7557385411983817,0.7323254373190257,-3.5729858691347225,-3.5963989730140784,-0.023413103879356023
5,9.26694645967914,1.3472930271584644,-1.3813892528966287,-7.919653432520676,-10.648335712575768,-2.728682280055093
6,2.3734980386702644,0.6660452780145938,0.9811824192764234,-1.7074527606556704,-1.3923156193938409,0.31513714126182957
