,distr-focus,own-focus,office-focus,own-distr,office-distr,office-own
0,0.009932653250241471,-9.466915413011614e-05,-0.0002221737078641796,-0.010027322404371587,-0.01015482695810565,-0.00012750455373406345
1,0.03159931991690814,-0.018428002487463443,-0.0018888403745308362,-0.050027322404371584,-0.03348816029143897,0.016539162112932607
