,distr-focus,own-focus,office-focus,own-distr,office-distr,office-own
0,-0.12824019212184873,-0.15439857751557917,0.030928700889172434,-0.026158385393730443,0.15916889301102116,0.1853272784047516
1,-0.1104755001559089,-0.17170289303569725,-0.14268387698634027,-0.061227392879788345,-0.03220837683043137,0.02901901604935697
2,-0.02014053302157548,-0.050210909845354035,-0.7376559331345247,-0.030070376823778555,-0.7175154001129492,-0.6874450232891707
3,0.028942312878343923,-0.06298072691051443,-0.01213212055297147,-0.09192303978885835,-0.041074433431315394,0.05084860635754296
4,0.10583834399274855,0.14436831248318738,0.3134322526623439,0.038529968490438826,0.20759390866959537,0.16906394017915655
5,-0.026744273413085384,0.05206854039185843,0.2448799969553207,0.07881281380494382,0.2716242703684061,0.19281145656346227
6,-0.24153677204616775,-0.03620882928375041,0.17354027857786614,0.20532794276241734,0.4150770506240339,0.20974910786161655
