,distracting minus focus increasing,own choice minus focus increasing,background noise minus focus increasing,own choice minus distracting,background noise minus distracting,background noise minus own choice
0,-5.152144038901978,-1.6396532468766802,-13.536064139858556,3.5124907920252983,-8.383920100956578,-11.896410892981876
1,-18.963466343525663,-14.17500555832594,-10.560075693370418,4.788460785199723,8.403390650155245,3.614929864955523
2,-121.46031234422912,-81.56308574269521,-78.93712353689905,39.89722660153392,42.52318880733008,2.625962205796159
3,36.13125167772515,29.04743017537176,31.480714839092485,-7.083821502353396,-4.650536838632666,2.433284663720729
4,-3.636166587316889,-5.1606769999038065,-0.1121234645756699,-1.5245104125869178,3.5240431227412192,5.048553535328137
5,-7.358821474413859,0.2963878009714549,-4.944133797952664,7.655209275385314,2.4146876764611953,-5.2405215989241185
6,5.147482864688249,1.0666371017828644,-2.8001618911330572,-4.080845762905384,-7.947644755821306,-3.8667989929159217
