,distr-focus,own-focus,office-focus,own-distr,office-distr,office-own
0,-0.007222222222222225,0.002777777777777775,-0.004074074074074079,0.01,0.0031481481481481464,-0.006851851851851854
1,0.0,-0.013333333333333332,-0.013518518518518517,-0.013333333333333332,-0.013518518518518517,-0.00018518518518518493
2,0.00925925925925926,0.011296296296296299,0.0009259259259259255,0.0020370370370370386,-0.008333333333333335,-0.010370370370370374
3,-0.011481481481481488,-0.005000000000000001,-0.016296296296296302,0.006481481481481487,-0.004814814814814815,-0.011296296296296303
4,-0.02509259259259259,-0.02361111111111111,-0.03175925925925926,0.0014814814814814795,-0.006666666666666668,-0.008148148148148147
5,-0.0035185185185185198,0.01740740740740741,0.005185185185185185,0.02092592592592593,0.008703703703703705,-0.012222222222222225
6,-0.036111111111111115,-0.036111111111111115,-0.036111111111111115,0.0,0.0,0.0
