,distr-focus,own-focus,office-focus,own-distr,office-distr,office-own
0,-0.212497904218794,-0.2991920950652587,-0.37723121291892686,-0.08669419084646468,-0.16473330870013286,-0.07803911785366818
1,-0.007382935286970538,-0.05221604637973554,-0.35347925128071106,-0.044833111092765,-0.3460963159937405,-0.3012632049009755
2,-0.04299691846581444,-0.009019499728278202,-0.24617879457156905,0.033977418737536236,-0.2031818761057546,-0.23715929484329085
3,-0.09243836278525541,-0.16139685303646167,-0.39845875389633234,-0.06895849025120626,-0.30602039111107693,-0.23706190085987067
4,-0.2032713388637587,-0.027063420728287824,-0.28575714692351795,0.17620791813547088,-0.08248580805975925,-0.2586937261952301
5,-0.245438913131182,0.007709105902216518,-0.1506838376746405,0.2531480190333985,0.0947550754565415,-0.15839294357685701
6,-0.19704675809452765,-0.014265091497318971,-0.14646055413329234,0.18278166659720868,0.05058620396123531,-0.13219546263597337
