,distr-focus,own-focus,office-focus,own-distr,office-distr,office-own
0,18.95458985373155,-9.814650073076695,1.3111532671711645,-28.769239926808247,-17.643436586560387,11.125803340247861
1,-54.6537585635456,0.2370259783455677,9.661680889738442,54.89078454189117,64.31543945328404,9.424654911392874
2,2.3382821942064216,1.0639328630644993,-0.3622961363768188,-1.2743493311419225,-2.7005783305832405,-1.426228999441318
3,-6.784168096185833,-0.6934173535719131,-1.0817273322843666,6.09075074261392,5.702440763901467,-0.38830997871245354
4,4.234622720522342,1.389753136372591,0.9947182193491286,-2.844869584149751,-3.2399045011732133,-0.39503491702346244
5,2.495718564572617,2.2116245624423634,3.970215796161169,-0.2840940021302534,1.474497231588552,1.7585912337188054
6,2.3169196022582534,0.8481206063685394,0.9409285274654504,-1.4687989958897143,-1.375991074792803,0.09280792109691105
