,distr-focus,own-focus,office-focus,own-distr,office-distr,office-own
0,0.1938580948918921,0.4164005624637345,0.5188689049964647,0.22254246757184243,0.3250108101045725,0.10246834253273007
1,0.23573834191215542,0.001702787650459614,-0.6821887602751798,-0.2340355542616958,-0.9179271021873352,-0.6838915479256394
2,-0.3670737139576865,0.12943977506626458,0.1691245766757637,0.4965134890239511,0.5361982906334501,0.03968480160949914
3,0.37660667872339076,0.5934889527647844,0.44875318052378527,0.21688227404139368,0.0721465018003945,-0.14473577224099918
4,0.08220208777316335,0.752786460444036,0.09347048803548169,0.6705843726708727,0.011268400262318352,-0.6593159724085542
5,-0.07649451520578657,0.6819355487055094,-0.09379824241944712,0.758430063911296,-0.017303727213660552,-0.7757337911249566
6,-0.6229010483493728,-0.3666026255004379,-0.4035729405005158,0.2562984228489349,0.21932810784885698,-0.036970315000077913
