,distr-focus,own-focus,office-focus,own-distr,office-distr,office-own
0,-0.8961757396172118,3.056566996351377,7.337530707537951,3.952742735968589,8.233706447155162,4.280963711186574
1,2.2663921346330773,2.7334590037859066,11.534948769259548,0.46706686915282924,9.26855663462647,8.801489765473642
2,16.114843342534915,-0.13090866376168148,0.3577759363058852,-16.2457520062966,-15.75706740622903,0.4886846000675667
3,-2.5881563034211723,1.4730576389784464,3.2730147982074405,4.061213942399618,5.861171101628612,1.7999571592289938
4,6.703919051485615,4.476168123684424,4.173804064961911,-2.227750927801191,-2.530114986523704,-0.30236405872251326
5,11.508857316982148,9.44396798959518,38.923158154331006,-2.064889327386968,27.41430083734886,29.47919016473583
6,3.7250920860723107,0.7551740274328522,1.0016713444479612,-2.9699180586394585,-2.7234207416243494,0.24649731701510913
