,distr-focus,own-focus,office-focus,own-distr,office-distr,office-own
0,0.01720916665943173,-0.04187329378496252,-0.37931726061993015,-0.05908246044439425,-0.3965264272793619,-0.33744396683496763
1,0.03923152870669799,-0.2918715083388965,-0.3878682930896932,-0.3311030370455945,-0.42709982179639117,-0.09599678475079665
