,distr-focus,own-focus,office-focus,own-distr,office-distr,office-own
0,-0.08172484330717858,0.5109754046604273,0.14981955192908059,0.5927002479676059,0.23154439523625917,-0.36115585273134676
1,0.4138263572769003,0.6154525186535799,0.5179557814101938,0.2016261613766796,0.10412942413329351,-0.09749673724338609
2,-0.3189241758798812,0.06184078116124536,0.07900580200153495,0.38076495704112656,0.39792997788141615,0.01716502084028959
3,-0.27614828358030774,-0.003713767175549776,0.25199251113579124,0.27243451640475796,0.528140794716099,0.255706278311341
4,-0.36112112543046415,-0.15103677306105567,-0.24434585155692556,0.21008435236940848,0.11677527387353859,-0.09330907849586989
5,-0.02619808450354366,-0.1602744225650442,-0.0685717435300458,-0.13407633806150054,-0.04237365902650214,0.0917026790349984
6,0.27895977910436376,0.7361198735912874,0.9224467720878317,0.45716009448692363,0.6434869929834679,0.18632689849654427
