,distr-focus,own-focus,office-focus,own-distr,office-distr,office-own
0,0.5729239635076457,-0.6849735578909486,0.30262829588973517,-1.2578975213985943,-0.2702956676179106,0.9876018537806838
1,-0.08763395845501926,-0.0577706058381649,-0.059502718033118185,0.029863352616854355,0.02813124042190107,-0.0017321121949532836
