,distr-focus,own-focus,office-focus,own-distr,office-distr,office-own
0,1.1370545961703467,0.9939019073714317,0.8238607588983905,-0.14315268879891485,-0.3131938372719561,-0.17004114847304125
1,0.2613286825120064,0.06827799306880938,0.42113557066141083,-0.19305068944319703,0.1598068881494044,0.35285757759260145
