,distr-focus,own-focus,office-focus,own-distr,office-distr,office-own
0,-0.09379124372254921,-0.24198119817695174,-0.33824429565457764,-0.14818995445440253,-0.24445305193202843,-0.0962630974776259
1,-0.0560249541563147,-0.016487573742899775,-0.3450383572458541,0.039537380413414924,-0.2890134030895394,-0.3285507835029543
2,-0.10499310016382035,0.1339505582041306,-0.1978800321131412,0.23894365836795095,-0.09288693194932085,-0.3318305903172718
3,-0.1790239494997854,-0.14591626494465948,-0.38267758281336084,0.033107684555125916,-0.20365363331357544,-0.23676131786870136
4,-0.180290040914159,-0.0003479383476816533,-0.255614996238762,0.17994210256647736,-0.07532495532460298,-0.25526705789108034
5,-0.1967110994092326,0.0248933673519105,-0.09192524464378049,0.2216044667611431,0.1047858547654521,-0.11681861199569099
6,-0.18013420293069882,-0.017482082409513766,-0.06687792087150701,0.16265212052118505,0.1132562820591918,-0.04939583846199325
