,distr-focus,own-focus,office-focus,own-distr,office-distr,office-own
0,-0.04484457501612249,-0.14535464729304437,-0.49262634767114283,-0.10051007227692188,-0.44778177265502034,-0.34727170037809846
