,distracting minus focus increasing,own choice minus focus increasing,background noise minus focus increasing,own choice minus distracting,background noise minus distracting,background noise minus own choice
0,0.1671900119990426,0.22557560206999505,0.615559465330079,0.05838559007095245,0.4483694533310364,0.38998386326008394
1,0.019509636326793034,0.04293716633105671,1.3958192808403145,0.023427530004263675,1.3763096445135217,1.3528821145092578
2,0.0948882180758478,0.0476904502550477,1.1108041174678767,-0.047197767820800096,1.0159158993920288,1.063113667212829
3,0.11428673305737425,0.12580550557428183,2.955374509524697,0.011518772516907583,2.841087776467323,2.8295690039504153
4,0.3166116771309241,0.04737150245489696,0.35416372594645973,-0.2692401746760271,0.037552048815535644,0.30679222349156277
5,0.7297651071066371,0.03974135996637884,1.1550223610590875,-0.6900237471402583,0.4252572539524504,1.1152810010927086
6,0.4476554867564345,0.026633265373405268,0.7244188370645807,-0.42102222138302925,0.27676335030814614,0.6977855716911754
