,distr-focus,own-focus,office-focus,own-distr,office-distr,office-own
0,1.0998563374420238,0.3183010999645647,0.5263370730456405,-0.7815552374774591,-0.5735192643963833,0.2080359730810758
1,0.14925100265835856,-0.36581095569525257,-0.30489668396859787,-0.5150619583536111,-0.4541476866269564,0.0609142717266547
