,distr-focus,own-focus,office-focus,own-distr,office-distr,office-own
0,1.361874742100561,11.829500084045279,0.8951958519145073,10.467625341944718,-0.4666788901860536,-10.93430423213077
1,0.4348387761333363,0.7495564664713766,0.6163930124153101,0.3147176903380403,0.18155423628197376,-0.13316345405606655
