,distr-focus,own-focus,office-focus,own-distr,office-distr,office-own
0,-0.22391753571274275,-0.310941524166496,-0.3754957724017766,-0.08702398845375325,-0.15157823668903386,-0.06455424823528061
1,-0.022720662578522344,-0.06496353488146145,-0.3613077371670155,-0.042242872302939105,-0.33858707458849313,-0.296344202285554
2,-0.11489357798548994,-0.02957695212147038,-0.29658604700925467,0.08531662586401956,-0.18169246902376474,-0.2670090948877843
3,-0.08655244237950699,-0.11406237859162882,-0.3332575027877192,-0.027509936212121833,-0.24670506040821222,-0.21919512419609039
4,-0.2176200981929211,-0.03481593088892665,-0.22267649080624652,0.18280416730399446,-0.005056392613325411,-0.18786055991731987
5,-0.26497529291897964,0.03135225440573164,-0.11105540259275454,0.2963275473247113,0.1539198903262251,-0.14240765699848618
6,-0.16886427761081257,0.00981221711200364,-0.10606840384336214,0.17867649472281621,0.06279587376745044,-0.11588062095536578
