,distr-focus,own-focus,office-focus,own-distr,office-distr,office-own
0,0.04645732716531392,-0.0008773529515222478,0.17940065064478206,-0.04733468011683617,0.13294332347946813,0.1802780035963043
