,distr-focus,own-focus,office-focus,own-distr,office-distr,office-own
0,-7.358821474413859,0.2963878009714549,-4.944133797952664,7.655209275385314,2.4146876764611953,-5.2405215989241185
