,distr-focus,own-focus,office-focus,own-distr,office-distr,office-own
0,0.019232948795790336,-0.00890204412062335,0.013368751264926128,-0.028134992916413686,-0.005864197530864208,0.022270795385549477
1,-0.0013843351548269503,0.009307832422586516,0.02639344262295082,0.010692167577413467,0.02777777777777777,0.017085610200364303
2,-0.012865816636308418,-0.004581056466302344,-0.007680631451123236,0.008284760170006074,0.005185185185185182,-0.0030995749848208923
3,-0.0171250758955677,-0.00421068609593199,0.029171220400728587,0.01291438979963571,0.04629629629629629,0.03338190649666058
4,0.014448998178506381,0.0028263509411050325,-0.00953248330297509,-0.011622647237401348,-0.02398148148148147,-0.012358834244080123
5,-0.023976927747419545,0.0244930176077717,-0.015828779599271404,0.048469945355191245,0.00814814814814814,-0.040321797207043104
6,0.0374428253390002,0.054384992916413674,0.01855393645011133,0.016942167577413472,-0.018888888888888872,-0.035831056466302344
