,distr-focus,own-focus,office-focus,own-distr,office-distr,office-own
0,5.635894075559173,7.359455308005064,15.44003937648161,1.7235612324458915,9.804145300922437,8.080584068476545
1,-1.6001740988382231,-5.0769330236057275,-64.98526939832668,-3.4767589247675037,-63.385095299488455,-59.90833637472095
