,distr-focus,own-focus,office-focus,own-distr,office-distr,office-own
0,-1.2828014454536039,-0.6953674759363757,-0.9200303681958766,0.5874339695172281,0.3627710772577273,-0.22466289225950087
1,-0.6335715747643597,0.07590099633160285,-0.17608631943335773,0.7094725710959625,0.4574852553310019,-0.2519873157649606
2,-0.9123950185296127,-0.906627718607276,-1.0812185412173978,0.0057672999223367105,-0.1688235226877851,-0.17459082261012182
3,-0.1495953684266471,0.30668602712396065,-0.1480288855473727,0.45628139555060776,0.0015664828792744112,-0.45471491267133335
4,-0.28840110872785185,0.23336963758923746,-0.04130124080013353,0.5217707463170893,0.24709986792771832,-0.274670878389371
5,-0.31398611619157135,-0.16924731484646516,-0.07499276848419478,0.1447388013451062,0.23899334770737657,0.09425454636227037
6,-0.22801335607452466,-0.11150828297675874,0.21741667164419243,0.11650507309776592,0.4454300277187171,0.32892495462095117
