,distr-focus,own-focus,office-focus,own-distr,office-distr,office-own
0,-13.983039736188076,-0.765710548723825,-2.2760312146892425,13.217329187464252,11.707008521498834,-1.5103206659654174
1,3.729257904112382,0.4191526887239977,-1.7414149199797475,-3.3101052153883845,-5.47067282409213,-2.160567608703745
