,distr-focus,own-focus,office-focus,own-distr,office-distr,office-own
0,-0.4474451152713993,-0.47287540962942737,0.920743409227056,-0.02543029435802812,1.3681885244984553,1.3936188188564833
1,0.0825276305256006,-0.9883329030082314,0.2433145896638509,-1.070860533533832,0.1607869591382503,1.2316474926720824
2,0.18679757788521217,0.2359185509283166,0.30143403727993134,0.04912097304310442,0.11463645939471914,0.06551548635161472
3,-0.4413864865594395,-0.4083128343732728,-0.26305564563706924,0.033073652186166716,0.17833084092237028,0.14525718873620358
4,-1.815375219825182,-1.680029881011415,-1.3221140687065414,0.1353453388137671,0.4932611511186406,0.35791581230487357
5,113.73492002277031,113.67462913856471,113.87526663913292,-0.06029088420559685,0.14034661636260246,0.2006375005681993
6,4.2858640215050405,1.9044839809556078,1.322484145045222,-2.381380040549433,-2.9633798764598187,-0.5819998359103857
