,distr-focus,own-focus,office-focus,own-distr,office-distr,office-own
0,-0.1426943947324812,-0.1691116141958144,0.15826167028773375,-0.026417219463333235,0.30095606502021494,0.3273732844835482
1,-0.053754886466887974,0.02415280160348604,0.15078845788443834,0.07790768807037401,0.20454334435132632,0.1266356562809523
2,0.08483224663491408,0.08714248701038778,0.2169856627928165,0.002310240375473699,0.1321534161579024,0.1298431757824287
3,-0.04379010080676385,-0.03669113842262567,0.13097639949134057,0.00709896238413818,0.17476650029810442,0.16766753791396624
4,-0.6037789139797871,-0.5687548358215535,-0.32139858849205205,0.03502407815823361,0.2823803254877351,0.2473562473295015
5,-0.3405096154784727,-0.5480353097857273,-0.20275056193296775,-0.20752569430725465,0.13775905354550497,0.3452847478527596
6,-1.6651836613897673,5.820890175053027,2.926633295212353,7.4860738364427934,4.591816956602121,-2.894256879840673
