,distr-focus,own-focus,office-focus,own-distr,office-distr,office-own
0,0.06872508289760992,0.2382309314980886,0.4870970150633721,0.16950584860047868,0.4183719321657622,0.2488660835652835
1,-0.0862797200247774,-0.004947100226618151,0.8669269470148235,0.08133261979815926,0.9532066670396009,0.8718740472414417
2,0.004186504827749404,-0.09913064421918011,0.7367136356233053,-0.10331714904692951,0.7325271307955559,0.8358442798424854
3,0.17326151728371025,0.0382581281393623,0.6665099555825587,-0.13500338914434795,0.49324843829884835,0.6282518274431963
4,0.1865816110901123,-0.03592972142181694,0.5437955251558709,-0.22251133251192923,0.35721391406575864,0.5797252465776879
5,0.39534779711511825,-0.08252236018668846,0.343183817913588,-0.4778701573018067,-0.052163979201530264,0.42570617810027644
6,0.3602202076614409,0.08867498516201133,0.6009530987043425,-0.2715452224994296,0.24073289104290163,0.5122781135423312
