,distr-focus,own-focus,office-focus,own-distr,office-distr,office-own
0,0.45892481793080986,0.8880772915630141,0.9257694819832472,0.4291524736322042,0.46684466405243724,0.03769219042023303
1,0.784886274607706,1.079915393203721,0.9028778212539861,0.29502911859601505,0.1179915466462801,-0.17703757194973496
2,0.7298959286895889,1.2463191761752923,0.9972370332579252,0.5164232474857035,0.2673411045683364,-0.24908214291736702
3,2.1805240048172756,1.3817607488742132,2.304569464547992,-0.7987632559430623,0.12404545973071633,0.9228087156737786
4,0.8744130251861203,0.9754646888915182,0.39323755155524387,0.10105166370539787,-0.4811754736308764,-0.5822271373362743
5,-0.18791169125797058,0.8157801012050527,0.16351309071134934,1.0036917924630233,0.3514247819693199,-0.6522670104937034
6,-1.1175457089350658,-0.7558253688291137,-0.7826559167652067,0.3617203401059521,0.33488979216985904,-0.026830547936093074
