,distr-focus,own-focus,office-focus,own-distr,office-distr,office-own
0,0.03870123812838516,0.014498724853568012,0.22117486960258875,-0.02420251327481715,0.1824736314742036,0.20667614474902074
1,-0.22019734509343758,-0.2886316838783046,-0.26897230170923037,-0.06843433878486704,-0.048774956615792786,0.019659382169074258
2,0.2387145825089575,0.11574051526428764,0.27650938400899705,-0.12297406724466986,0.037794801500039554,0.16076886874470941
3,0.16227955063321936,0.15931288578084907,0.684539614458698,-0.002966664852370293,0.5222600638254786,0.5252267286778489
4,0.2799565646050717,0.11233434909533802,0.24719629620214778,-0.16762221550973366,-0.0327602684029239,0.13486194710680977
5,0.4713968992608242,0.13523450734968778,0.5267741627986914,-0.3361623919111364,0.055377263537867205,0.3915396554490036
6,0.07989496694436693,-0.12746324506411694,0.08688135948901254,-0.20735821200848387,0.006986392544645614,0.21434460455312948
