,distr-focus,own-focus,office-focus,own-distr,office-distr,office-own
0,0.0032513661202185793,-0.001666666666666667,0.0032513661202185793,-0.004918032786885246,0.0,0.004918032786885246
1,0.006584699453551914,0.0033333333333333344,0.004918032786885246,-0.0032513661202185798,-0.0016666666666666676,0.0015846994535519121
2,0.0065846994535519125,0.005,0.0049180327868852455,-0.0015846994535519128,-0.001666666666666667,-8.19672131147542e-05
3,0.004918032786885246,0.0,0.0032513661202185798,-0.004918032786885246,-0.0016666666666666668,0.0032513661202185798
4,0.004918032786885246,0.001666666666666667,0.004918032786885246,-0.0032513661202185793,0.0,0.0032513661202185793
5,0.004918032786885246,0.001666666666666667,0.006584699453551914,-0.0032513661202185793,0.0016666666666666676,0.004918032786885247
6,0.02991803278688524,-8.673617379884035e-19,0.012788403157255615,-0.02991803278688524,-0.017129629629629627,0.012788403157255617
