,distr-focus,own-focus,office-focus,own-distr,office-distr,office-own
0,0.4632983286100054,0.5339846059048419,-0.4002146424561486,0.07068627729483645,-0.863512971066154,-0.9341992483609904
1,-8.988733917819685,3.3942570663887373,-2.608889785613757,12.382990984208421,6.3798441322059265,-6.003146852002494
2,4.3992268641639285,11.659428290421433,12.402570999974447,7.260201426257504,8.003344135810519,0.7431427095530144
3,-3.3556252702908544,0.13008892645827075,1.0626542695102794,3.485714196749125,4.418279539801134,0.9325653430520087
4,1.3859849643690352,1.9466548597218074,4.466195797749812,0.5606698953527722,3.080210833380776,2.519540938028004
5,-3.7284775634873917,-2.911185589123043,-3.4939021565729327,0.8172919743643491,0.23457540691445944,-0.5827165674498896
6,-2.725307068959101,-2.79906664390473,-3.355840755176352,-0.07375957494562846,-0.6305336862172506,-0.556774111271622
