,distr-focus,own-focus,office-focus,own-distr,office-distr,office-own
0,1.7695117952254251,2.708287760089585,2.0372133732297946,0.93877596486416,0.26770157800436967,-0.6710743868597904
1,-1.2798918755241888,-0.45837484273113116,-0.8641772506314188,0.8215170327930575,0.4157146248927699,-0.40580240790028765
2,-3.416914889202083,-2.140661786514156,-3.377556221056066,1.2762531026879267,0.03935866814601674,-1.23689443454191
3,-0.616988013910522,0.09928012408383058,-0.40529197536530837,0.7162681379943526,0.21169603854521368,-0.5045720994491389
4,-0.5549493359517527,0.01388841722566525,0.3093867018329901,0.5688377531774179,0.8643360377847428,0.29549828460732486
5,0.1919963559755934,0.4741468861070801,0.37745462600490576,0.2821505301314867,0.18545827002931237,-0.09669226010217435
6,-0.32048080131265044,-0.11642534964171902,-0.1779793906818311,0.20405545167093142,0.14250141063081934,-0.061554041040112084
