,distr-focus,own-focus,office-focus,own-distr,office-distr,office-own
0,0.0034578020643594417,0.01568002428658167,0.0036976320582877966,0.012222222222222226,0.00023982999392835498,-0.011982392228293871
1,-0.016357012750455376,0.034198542805100186,0.01147540983606557,0.05055555555555556,0.027832422586520945,-0.022723132969034616
