,distr-focus,own-focus,office-focus,own-distr,office-distr,office-own
0,-0.033812993321190116,0.015294474802671532,-0.0247540983606558,0.049107468123861645,0.009058894960534317,-0.04004857316332733
