,distr-focus,own-focus,office-focus,own-distr,office-distr,office-own
0,0.03863387978142077,-0.025947176684881623,0.01774134790528234,-0.06458105646630238,-0.020892531876138425,0.043688524590163966
1,0.05530054644808745,-0.040947176684881625,0.003296903460837902,-0.09624772313296907,-0.05200364298724955,0.044244080145719525
