,distr-focus,own-focus,office-focus,own-distr,office-distr,office-own
0,-0.2578771444497318,0.5319513127090739,0.44930431429834927,0.7898284571588058,0.7071814587480811,-0.08264699841072465
1,0.1385238269181664,0.5763980917018642,0.6858152948424212,0.4378742647836978,0.5472914679242549,0.10941720314055703
2,3.4826185174143203,-0.03144340185458672,0.0017806993768700874,-3.514061919268907,-3.48083781803745,0.033224101231456804
3,-0.2359792824098257,-0.17897862675980986,0.013086239152079404,0.05700065565001586,0.24906552156190512,0.19206486591188926
4,1.4771609606441078,1.9360056421697336,2.0416471592917493,0.4588446815256258,0.5644861986476416,0.1056415171220158
5,-0.3274025089315509,-0.45149571374690545,-0.15092730436464397,-0.12409320481535457,0.1764752045669069,0.3005684093822615
6,-8.274314706853854,-7.890471333443578,-7.625219507552417,0.383843373410276,0.6490951993014371,0.26525182589116114
