,distr-focus,own-focus,office-focus,own-distr,office-distr,office-own
0,0.18978504549616104,1.103624532962186,-0.48934622608618716,0.9138394874660251,-0.6791312715823482,-1.5929707590483733
1,0.17904884805538224,0.2348571458707529,,0.05580829781537067,,
2,0.12149006581313426,-0.48056435430207356,-0.8844005184401533,-0.6020544201152078,-1.0058905842532877,-0.4038361641380799
3,-0.1907520360849556,-1.846079600964676,0.08226075305415259,-1.6553275648797205,0.2730127891391082,1.9283403540188286
4,-0.379998351630231,2.2727578449025305,-0.03968453376602055,2.6527561965327613,0.34031381786421044,-2.3124423786685506
5,-0.6731830321548726,-1.285501574991107,-0.2782003152931535,-0.6123185428362342,0.3949827168617192,1.0073012596979534
6,-0.39447466723591096,0.013799847115763875,,0.40827451435167483,,
