,distr-focus,own-focus,office-focus,own-distr,office-distr,office-own
0,0.41128343364735304,0.24744500947581433,0.6253279573478676,-0.1638384241715387,0.21404452370051452,0.37788294787205323
