,distr-focus,own-focus,office-focus,own-distr,office-distr,office-own
0,13.462084472402614,14.147270408039333,13.699267722542077,0.6851859356367179,0.23718325013946207,-0.44800268549725586
1,-0.8128277679217164,-0.12029393652415399,-0.4481075470166712,0.6925338313975624,0.3647202209050452,-0.3278136104925172
2,-7.0501746939243235,-5.353355141613923,-7.140897833113106,1.6968195523104002,-0.09072313918878339,-1.7875426914991834
3,-0.6095766270051074,-0.18505663673108264,-0.5891930391160488,0.42451999027402476,0.020383587889058585,-0.4041364023849662
4,-0.6525676054138161,-0.1671211228410432,-1.6877822960607973,0.4854464825727729,-1.0352146906469812,-1.5206611732197541
5,2.052657111861373,2.245218433279385,2.2315136779667575,0.1925613214180122,0.1788565661053847,-0.013704755312627492
6,-0.3706841519414399,-0.22904421834059296,0.009475006617941872,0.14163993360084692,0.38015915855938176,0.23851922495853484
