,distr-focus,own-focus,office-focus,own-distr,office-distr,office-own
0,-0.9582988631182457,-0.1838953632940855,-0.1100676251494086,0.7744034998241602,0.8482312379688371,0.07382773814467691
1,-1.6726787045224185,-1.9424973036445063,-1.8959431012417038,-0.2698185991220876,-0.2232643967192851,0.0465542024028025
2,-0.4915000685579789,-0.08588039527598723,-0.1426107866889118,0.40561967328199167,0.3488892818690671,-0.056730391412924575
3,0.434828010935302,0.21046314131020838,-0.04563320813602412,-0.2243648696250936,-0.4804612190713261,-0.2560963494462325
4,0.5581963165813297,0.5750991370907006,0.9477830222786325,0.016902820509370864,0.3895867056973028,0.37268388518793194
5,-0.064277326324364,0.2924720537786579,0.0004862957733674511,0.35674938010302193,0.06476362209773145,-0.2919857580052905
6,0.5860788451090666,0.9017466573262237,0.5865444484527306,0.3156678122171571,0.0004656033436639673,-0.31520220887349315
