,distr-focus,own-focus,office-focus,own-distr,office-distr,office-own
0,1.8786386128436148,-2.0807958763210372,-3.2614683220748537,-3.959434489164652,-5.140106934918468,-1.1806724457538162
1,6.74048544446176,6.3972473972855415,0.3444018311683186,-0.3432380471762192,-6.396083613293442,-6.052845566117222
2,-3.1467437462575774,-1.9558608325370566,-9.324856386214435,1.1908829137205208,-6.178112639956858,-7.368995553677379
3,-7.223916935319796,-8.9418596869295,-11.222531725040012,-1.7179427516097046,-3.9986147897202162,-2.2806720381105117
4,-2.1199226483482514,-1.834237756334399,-4.023652873528303,0.28568489201385266,-1.9037302251800514,-2.1894151171939042
5,-5.6213598961458064,-3.649639177702204,-4.679141783495134,1.9717207184436016,0.9422181126506717,-1.02950260579293
6,-5.783350774067399,-0.7945281836980023,-0.48830922627350526,4.988822590369397,5.295041547793894,0.306218957424497
