,distr-focus,own-focus,office-focus,own-distr,office-distr,office-own
0,-0.6798861777664174,0.8403763204823296,0.3085751301931561,1.520262498248747,0.9884613079595734,-0.5318011902891735
1,-0.015431685412504947,-0.618173204241681,1.4915223272567575,-0.602741518829176,1.5069540126692624,2.1096955314984385
2,-23.118368749534977,-24.707777648380205,-24.478484841409973,-1.5894088988452282,-1.360116091874997,0.22929280697023113
3,-2.1045945625576903,2.1006419775785883,0.26512917853147,4.205236540136278,2.3697237410891603,-1.8355127990471183
4,1.2944789659231097,3.190415784468712,2.634733221472808,1.8959368185456023,1.3402542555496983,-0.5556825629959039
5,-3.122991387813773,1.2119721297465555,-0.4869286279252316,4.334963517560328,2.6360627598885413,-1.6989007576717872
6,51.62384514895004,1.5189548573698395,-2.180242970432475,-50.1048902915802,-53.80408811938251,-3.6991978278023145
