,distr-focus,own-focus,office-focus,own-distr,office-distr,office-own
0,-0.7720282397374642,-0.8434732931855905,-1.623663349768369,-0.07144505344812632,-0.8516351100309048,-0.7801900565827784
1,-5.509707458166353,-4.3716534040466755,-4.08344366461249,1.1380540541196784,1.4262637935538633,0.28820973943418493
