,distr-focus,own-focus,office-focus,own-distr,office-distr,office-own
0,-0.1434813717295793,-0.10641149094937774,-0.7690573892099313,0.03706988078020157,-0.625576017480352,-0.6626458982605535
1,-0.18093071019668094,-0.15866580627327898,-0.16268310468872282,0.02226490392340197,0.01824760550795812,-0.0040172984154438485
2,-0.0035885910908255436,-0.015339882311545261,-0.8347820549963372,-0.011751291220719717,-0.8311934639055116,-0.8194421726847918
3,-0.007936682029687447,0.02136054219386141,-0.7841060921204356,0.029297224223548857,-0.7761694100907481,-0.805466634314297
4,-0.13466162747525967,-0.3316215883045206,-0.5736731189719579,-0.19695996082926093,-0.43901149149669827,-0.24205153066743734
5,-0.23334348114104575,-0.15095716350805022,-0.6027888577595346,0.08238631763299553,-0.3694453766184888,-0.45183169425148434
6,-0.008037471806928709,-0.03918899152475297,-0.5990032665734433,-0.03115151971782426,-0.5909657947665146,-0.5598142750486903
