,distr-focus,own-focus,office-focus,own-distr,office-distr,office-own
0,0.023981481481481486,0.014964726631393298,0.0182161753590325,-0.009016754850088186,-0.005765306122448983,0.003251448727639203
1,0.0397119341563786,0.00828042328042328,0.0057870370370370385,-0.03143151087595532,-0.03392489711934156,-0.002493386243386242
2,0.013271604938271613,-0.012222222222222218,-0.01169312169312169,-0.02549382716049383,-0.024964726631393302,0.0005291005291005292
3,0.003585390946502058,-0.009418724279835389,-0.017937242798353906,-0.013004115226337447,-0.021522633744855964,-0.008518518518518519
4,-0.011428571428571425,-0.005595238095238091,-0.009761904761904758,0.0058333333333333345,0.001666666666666667,-0.0041666666666666675
5,0.010277777777777776,-0.006666666666666666,0.0,-0.016944444444444443,-0.010277777777777776,0.006666666666666666
6,0.031111111111111114,0.0,0.10833333333333334,-0.031111111111111114,0.07722222222222222,0.10833333333333334
