,distracting minus focus increasing,own choice minus focus increasing,background noise minus focus increasing,own choice minus distracting,background noise minus distracting,background noise minus own choice
0,1.8520728119054928,0.5292352626314202,3.0133781428988096,-1.3228375492740725,1.1613053309933168,2.4841428802673895
1,-1.0104015635874006,-0.7900855236128969,,0.22031603997450372,,
2,-2.0695719004154967,-2.475258089424001,4.625236883440058,-0.4056861890085041,6.694808783855556,7.10049497286406
3,-0.8248256700230232,-1.369828042137751,-0.5962147671977331,-0.5450023721147277,0.22861090282529,0.7736132749400176
4,-1.962014082068471,-2.1938076315490407,-1.8777341752945724,-0.23179354948056957,0.08427990677389874,0.3160734562544683
5,0.5400482562198662,-0.5893273190796747,0.25929439494028517,-1.129375575299541,-0.2807538612795811,0.8486217140199599
6,0.18409492831922475,0.17958941812415136,,-0.004505510195073392,,
