,distracting minus focus increasing,own choice minus focus increasing,background noise minus focus increasing,own choice minus distracting,background noise minus distracting,background noise minus own choice
0,0.4226727258518528,1.5144013882743883,0.7453619531406817,1.0917286624225355,0.3226892272888289,-0.7690394351337067
1,-3.6578849897598036,-2.7434632405911143,-3.1636900851398453,0.9144217491686892,0.49419490461995824,-0.42022684454873105
2,12.797556246943321,5.90003480185334,12.82632219833637,-6.897521445089982,0.02876595139304894,6.926287396483031
3,-0.911517848150486,-0.09799309899837283,-0.7264938237318799,0.8135247491521131,0.1850240244186061,-0.628500724733507
4,-0.8267644215945579,-0.2628440893890829,-0.01651316393452884,0.563920332205475,0.810251257660029,0.24633092545455404
5,-0.09357087446166723,0.15736892957308013,0.08119849926924771,0.25093980403474736,0.17476937373091495,-0.07617043030383241
6,-0.4618249010168458,-0.2820799594836637,-0.36121128834018534,0.1797449415331821,0.10061361267666047,-0.07913132885652163
