,distr-focus,own-focus,office-focus,own-distr,office-distr,office-own
0,0.02142683667273832,0.0316120218579235,0.008278688524590173,0.010185185185185179,-0.013148148148148147,-0.023333333333333324
1,0.023278688524590165,0.02327868852459017,0.023278688524590176,3.469446951953614e-18,1.0408340855860843e-17,6.938893903907228e-18
