,distr-focus,own-focus,office-focus,own-distr,office-distr,office-own
0,0.3690784952124314,0.2810730120337378,0.5541741699347162,-0.08800548317869361,0.18509567472228483,0.27310115790097844
1,0.3943247837939102,0.01773600754033855,0.6890464738996583,-0.3765887762535717,0.2947216901057481,0.6713104663593198
