,distr-focus,own-focus,office-focus,own-distr,office-distr,office-own
0,9.318813947863864,1.3067079563963064,-0.14105414981413306,-8.012105991467557,-9.459868097677997,-1.4477621062104395
1,-1.1049786106986406,0.5480182363009907,-5.7859688489686105,1.6529968469996312,-4.68099023826997,-6.333987085269602
