,distr-focus,own-focus,office-focus,own-distr,office-distr,office-own
0,-0.24074269234105297,-0.1439313904068002,-0.1895325266718709,0.09681130193425277,0.051210165669182066,-0.0456011362650707
