,distr-focus,own-focus,office-focus,own-distr,office-distr,office-own
0,-0.3585293458310568,1.5689226471721387,-0.052156901415719825,1.9274519930031957,0.30637244441533695,-1.6210795485878586
1,2.302973141448483,6.4526483393376886,1.8845844448231135,4.149675197889205,-0.4183886966253694,-4.568063894514575
