,distr-focus,own-focus,office-focus,own-distr,office-distr,office-own
0,-0.8786736342625575,-5.960786672017408,-1.1384163998540473,-5.0821130377548505,-0.2597427655914898,4.822370272163361
1,10.917432461889156,-0.8385814106111341,-0.43445533203677433,-11.75601387250029,-11.35188779392593,0.4041260785743598
2,-3.613361494430452,0.9821638280022532,-1.1979951877034256,4.595525322432705,2.4153663067270266,-2.1801590157056787
3,-0.7681961451117929,0.541447560841674,-0.6233855820930319,1.309643705953467,0.14481056301876105,-1.1648331429347059
4,14.827686213036019,0.30154241334136334,-0.01803202622083888,-14.526143799694655,-14.845718239256858,-0.3195744395622022
5,-1.517255578085614,2.0348290599490877,0.1246399630402868,3.552084638034702,1.6418955411259009,-1.9101890969088011
6,0.1890823099299374,1.2360493602000457,-0.4447016737277447,1.0469670502701085,-0.6337839836576822,-1.6807510339277907
