,distr-focus,own-focus,office-focus,own-distr,office-distr,office-own
0,-0.21562914634474883,0.010456884790674414,-0.19318187607511444,0.22608603113542325,0.02244727026963439,-0.20363876086578886
1,0.7293460282584734,0.6831965456965372,0.11068962061058141,-0.04614948256193613,-0.618656407647892,-0.5725069250859558
2,1.5432556105554207,1.5296286916020996,1.0266071746166363,-0.013626918953321271,-0.5166484359387845,-0.5030215169854633
3,0.05628905014007163,-0.5471315102834058,0.2637154649936682,-0.6034205604234775,0.20742641485359659,0.810846975277074
4,-0.36506406073465414,-0.18107482127312352,-0.6157612775491718,0.18398923946153062,-0.25069721681451757,-0.4346864562760482
5,0.2221191779139401,-0.36543242984941304,0.1611535569466348,-0.5875516077633531,-0.06096562096730529,0.5265859867960478
6,0.3109108094078859,-37.335267818899005,-2.616372669871057,-37.64617862830689,-2.927283479278943,34.718895149027944
