,distr-focus,own-focus,office-focus,own-distr,office-distr,office-own
0,-0.010185185185185184,-0.012037037037037035,-0.012037037037037035,-0.0018518518518518517,-0.0018518518518518517,0.0
1,0.0,0.0,0.0016666666666666668,0.0,0.0016666666666666668,0.0016666666666666668
2,-0.0033333333333333335,-0.0014814814814814818,-0.0033333333333333335,0.0018518518518518517,0.0,-0.0018518518518518517
3,0.0033333333333333335,0.0016666666666666668,0.0018518518518518517,-0.0016666666666666668,-0.0014814814814814818,0.00018518518518518493
4,0.0033333333333333335,0.0,0.005185185185185186,-0.0033333333333333335,0.0018518518518518524,0.005185185185185186
5,-0.005,0.005,0.005925925925925927,0.01,0.010925925925925927,0.0009259259259259273
6,0.0,0.016666666666666666,0.0,0.016666666666666666,0.0,-0.016666666666666666
