,distracting minus focus increasing,own choice minus focus increasing,background noise minus focus increasing,own choice minus distracting,background noise minus distracting,background noise minus own choice
0,1.8297157802843464,0.062113241570510784,0.41352265128702975,-1.7676025387138357,-1.4161931289973166,0.35140940971651896
1,-10.991117130715377,-0.7713779222765815,-0.6965666041903276,10.219739208438796,10.29455052652505,0.07481131808625402
2,-5.953745172940181,-1.5680377009633828,0.4104550041345181,4.385707471976798,6.364200177074699,1.978492705097901
3,-0.2895288270366383,9.240688034158893,-0.3114281889104047,9.53021686119553,-0.0218993618737664,-9.552116223069298
4,1.4580889230619019,-0.19476788828153707,0.7201703468018055,-1.652856811343439,-0.7379185762600964,0.9149382350833426
5,0.9920810640011853,0.19980195813090376,0.4647524172746827,-0.7922791058702816,-0.5273286467265026,0.26495045914377896
6,1.3383203113759978,0.3128983101739041,0.7011492791326865,-1.0254220012020936,-0.6371710322433112,0.3882509689587824
