,distr-focus,own-focus,office-focus,own-distr,office-distr,office-own
0,0.18521131903762938,0.3783874133831926,0.08338796649650398,0.1931760943455632,-0.1018233525411254,-0.2949994468866886
1,0.06487687244919293,-1.086386684007667,0.4707216371506313,-1.1512635564568598,0.4058447647014384,1.5571083211582983
2,1.1691374223445705,-0.6462277222679189,0.7919956231479857,-1.8153651446124894,-0.3771417991965847,1.4382233454159046
3,1.5664341031150737,1.0154961090295642,1.2079720336033613,-0.5509379940855094,-0.35846206951171233,0.19247592457379706
4,1.0578230147375596,0.4616323374578851,1.183342624599192,-0.5961906772796743,0.12551960986163269,0.721710287141307
5,2.1652948975096984,3.1157002644029914,3.2902928564124823,0.9504053668932931,1.1249979589027839,0.17459259200949062
6,4.23800856665041,4.449232721673498,4.744404648782976,0.21122415502308808,0.5063960821325661,0.29517192710947804
