,distr-focus,own-focus,office-focus,own-distr,office-distr,office-own
0,2.9748629166701828,3.4143381160018142,4.02552522930815,0.4394751993316317,1.0506623126379677,0.611187113306336
1,1.7766545722033316,5.461972020518236,1.9599917113315213,3.6853174483149047,0.18333713912818972,-3.501980309186715
2,-1.4333151360016179,-0.7665654634120622,-1.3609189590675512,0.6667496725895558,0.07239617693406675,-0.594353495655489
3,2.387781485241857,-0.040614611215266994,2.4643500067167903,-2.4283960964571234,0.07656852147493365,2.5049646179320573
4,4.884223886345447,-7.998855117122247,5.9810916848263345,-12.883079003467694,1.0968677984808874,13.979946801948582
5,1.1799589387590441,0.6744893031786598,1.7062466499252436,-0.5054696355803843,0.5262877111661995,1.0317573467465837
6,2.0201845314508096,1.4677695977455896,1.0623293882516158,-0.5524149337052199,-0.9578551431991937,-0.4054402094939738
