,distr-focus,own-focus,office-focus,own-distr,office-distr,office-own
0,-0.32187222374275826,-0.23484041192975996,-0.31409394363462706,0.0870318118129983,0.007778280108131197,-0.0792535317048671
