,distr-focus,own-focus,office-focus,own-distr,office-distr,office-own
0,-0.5020965077801826,0.33941568316962156,0.37582833448240327,0.8415121909498041,0.8779248422625858,0.03641265131278171
1,-0.5497404033699319,-0.2009271031869474,-0.5000125551291539,0.3488133001829845,0.04972784824077808,-0.2990854519422064
