,distr-focus,own-focus,office-focus,own-distr,office-distr,office-own
0,0.31627476984132796,0.22650459302412207,-0.01951189188980168,-0.0897701768172059,-0.33578666173112964,-0.24601648491392375
