,distr-focus,own-focus,office-focus,own-distr,office-distr,office-own
0,-0.0035792349726775988,0.0047540983606557344,-0.003709775349119612,0.008333333333333333,-0.00013054037644201315,-0.008463873709775346
1,0.00364298724954463,-0.011357012750455368,-0.013154219793564051,-0.014999999999999998,-0.01679720704310868,-0.0017972070431086825
2,0.012902246508803889,0.013272616879174257,0.0012902246508803908,0.00037037037037036813,-0.011612021857923498,-0.011982392228293866
3,-0.007838494231936853,-0.0030236794171220327,-0.01593199757134183,0.00481481481481482,-0.008093503339404977,-0.012908318154219797
4,-0.02144960534304797,-0.021634790528233153,-0.0313949605343048,-0.00018518518518518406,-0.009945355191256833,-0.009760170006071649
5,0.0001244687310261068,0.01938372799028537,0.005549483910139645,0.01925925925925926,0.005425015179113538,-0.013834244080145724
6,-0.032468123861566486,-0.03413479052823315,-0.03574681238615665,-0.0016666666666666663,-0.003278688524590164,-0.0016120218579234976
