,distr-focus,own-focus,office-focus,own-distr,office-distr,office-own
0,-0.36400033582275926,0.5220619453975422,0.29201078667366387,0.8860622812203015,0.6560111224964231,-0.23005115872387838
