,distracting minus focus increasing,own choice minus focus increasing,background noise minus focus increasing,own choice minus distracting,background noise minus distracting,background noise minus own choice
0,9.644448455052885,2.147615590591737,-1.0933174903595728,-7.496832864461148,-10.737765945412457,-3.2409330809513097
1,0.1817907636012355,-9.004096882394602,0.0410285077630278,-9.185887645995837,-0.1407622558382077,9.04512539015763
2,2.8132717066610167,-0.26366941881090566,-0.15979914682810392,-3.0769411254719223,-2.9730708534891206,0.10387027198280174
3,9.210955312967778,-3154.5738454230404,2.147516843481717,-3163.784800736008,-7.063438469486062,3156.721362266522
4,0.9297442404544441,-1.4362916341514547,2.2984946620610196,-2.366035874605899,1.3687504216065756,3.7347862962124747
5,4.731072691376218,5.565133090502651,3.3885620446367226,0.8340603991264335,-1.3425106467394952,-2.176571045865929
6,1.6352958239981683,-0.14705240724063806,0.9318266829578907,-1.7823482312388064,-0.7034691410402775,1.0788790901985288
