,distr-focus,own-focus,office-focus,own-distr,office-distr,office-own
0,0.9920810640011853,0.19980195813090376,0.4647524172746827,-0.7922791058702816,-0.5273286467265026,0.26495045914377896
