,distr-focus,own-focus,office-focus,own-distr,office-distr,office-own
0,-0.046498178506375304,-0.01489071038251365,-0.04475409836065579,0.03160746812386165,0.0017440801457195149,-0.029863387978142135
1,-0.012331511839708632,0.018998178506375227,-0.044754098360655796,0.03132969034608386,-0.032422586520947164,-0.06375227686703103
