,distr-focus,own-focus,office-focus,own-distr,office-distr,office-own
0,-0.11264384002613459,-0.2648368401951775,-0.8709311060301604,-0.1521930001690429,-0.7582872660040259,-0.6060942658349829
1,2.093578026134992,1.6811787324706589,-0.11783067318660034,-0.41239929366433326,-2.2114086993215922,-1.7990094056572592
2,-3.1960104051257385,-3.1118054028611435,-3.2596020211198744,0.08420500226459482,-0.0635916159941361,-0.14779661825873092
3,1.4859372417183885,1.660624343495544,1.3593888971063075,0.17468710177715557,-0.12654834461208087,-0.30123544638923644
4,-0.968950927152175,-1.0469254791861793,-1.3278572184959605,-0.07797455203400427,-0.3589062913437855,-0.2809317393097812
5,-0.23699087377084604,0.3960973462221465,-0.7852221644176464,0.6330882199929926,-0.5482312906468003,-1.181319510639793
6,-6.827879807457334,1.4484256411889544,-1.238292105303071,8.276305448646289,5.5895877021542635,-2.6867177464920253
