,distr-focus,own-focus,office-focus,own-distr,office-distr,office-own
0,-0.015818195595441065,0.19054404717225565,0.07221158497050323,0.2063622427676967,0.0880297805659443,-0.11833246220175243
1,-0.035676051002458964,-0.01356824756702954,-0.15204922528535217,0.022107803435429424,-0.1163731742828932,-0.13848097771832263
2,-0.04155713764061705,0.012013014532721397,-0.13790992731978868,0.05357015217333845,-0.09635278967917163,-0.1499229418525101
3,0.142226161671193,-0.36588281760140096,-0.082942370570816,-0.5081089792725939,-0.225168532242009,0.28294044703058496
4,-0.07914668758540264,-0.963849070935233,-0.28431374315211644,-0.8847023833498303,-0.20516705556671377,0.6795353277831165
5,-0.1557530486372217,-0.9559369575648955,-0.3994798134992847,-0.8001839089276738,-0.24372676486206296,0.5564571440656108
6,1.5290212031139099,3.6447176910274464,1.46428595755189,2.1156964879135365,-0.0647352455620196,-2.1804317334755563
