,distr-focus,own-focus,office-focus,own-distr,office-distr,office-own
0,0.011481481481481481,0.007777777777777776,0.013796296296296293,-0.0037037037037037056,0.0023148148148148112,0.006018518518518517
1,-0.0012962962962962954,0.010185185185185186,0.03074074074074073,0.011481481481481481,0.03203703703703703,0.020555555555555546
2,0.009074074074074071,-0.0025925925925925943,0.026296296296296286,-0.011666666666666665,0.017222222222222215,0.02888888888888888
3,0.011481481481481478,0.001296296296296292,0.031111111111111114,-0.010185185185185186,0.019629629629629636,0.029814814814814822
4,0.020185185185185184,0.04018518518518519,0.03740740740740741,0.020000000000000007,0.017222222222222226,-0.002777777777777782
5,0.01981481481481482,0.025,0.00833333333333334,0.005185185185185182,-0.011481481481481478,-0.01666666666666666
6,0.030000000000000002,0.02722222222222222,-0.02,-0.002777777777777782,-0.05,-0.04722222222222222
