,distr-focus,own-focus,office-focus,own-distr,office-distr,office-own
0,-0.001666666666666667,0.002037037037037037,-0.001666666666666667,0.003703703703703704,0.0,-0.003703703703703704
1,-0.01111111111111111,-0.01111111111111111,-0.01111111111111111,0.0,0.0,0.0
