,distr-focus,own-focus,office-focus,own-distr,office-distr,office-own
0,1.217508187692655,11.14888430682266,1.0127675911356402,9.931376119130006,-0.20474059655701482,-10.13611671568702
