,distr-focus,own-focus,office-focus,own-distr,office-distr,office-own
0,0.2808475130533845,-0.5145735263733823,-0.0522424911583238,-0.7954210394267668,-0.3330900042117083,0.4623310352150585
