,distr-focus,own-focus,office-focus,own-distr,office-distr,office-own
0,3.1177107175352887,4.164180742256968,4.149889467460173,1.0464700247216787,1.032178749924884,-0.014291274796794817
1,-0.7349316782125334,-0.7654563554268202,-0.6702115373430161,-0.030524677214286866,0.06472014086951727,0.09524481808380414
2,-0.8116635031193113,0.053269174126036045,-0.10487249386078312,0.8649326772453474,0.7067910092585282,-0.15814166798681917
3,0.4619209352146675,0.8124877808377396,-0.025171256621721594,0.35056684562307217,-0.4870921918363891,-0.8376590374594612
4,0.23718565096658223,0.8477998907756705,1.0689507078242138,0.6106142398090884,0.8317650568576316,0.22115081704854322
5,-0.28856953978533756,0.18191044716803728,-0.007147003589039969,0.47047998695337484,0.2814225361962976,-0.18905745075707725
6,0.39406424893657954,0.998087075436136,0.8311865347738409,0.6040228264995564,0.4371222858372613,-0.1669005406622951
