,distr-focus,own-focus,office-focus,own-distr,office-distr,office-own
0,0.02021043102801925,0.004905330845869885,0.008111159625469155,-0.015305100182149367,-0.012099271402550096,0.0032058287795992705
