,distr-focus,own-focus,office-focus,own-distr,office-distr,office-own
0,-1.1195178499693865,0.3241416667675434,33.17651968948888,1.44365951673693,34.29603753945827,32.85237802272134
1,0.5325841067381554,0.7684392961243728,,0.23585518938621736,,
2,-0.4432827464653044,-0.8672590108294195,-1.4546793051530595,-0.42397626436411506,-1.0113965586877551,-0.5874202943236402
3,-0.8875005606716129,-1.356261827652059,-0.8183880819866888,-0.46876126698044623,0.06911247868492415,0.5378737456653704
4,-0.5424898840856804,-0.7687851185675453,-0.3691196500379381,-0.2262952344818649,0.17337023404774232,0.3996654685296072
5,0.32703451315643794,-0.2935970571287113,0.300661969389062,-0.6206315702851493,-0.026372543767375967,0.5942590265177733
6,-0.1115239811842828,-0.06785647718421839,,0.04366750400006442,,
