,distr-focus,own-focus,office-focus,own-distr,office-distr,office-own
0,0.6883185166111723,-0.6909442503094932,-0.0879852126252032,-1.3792627669206654,-0.7763037292363755,0.60295903768429
1,1.25844319010458,-1.4407248924642553,-0.17377055827888666,-2.6991680825688356,-1.4322137483834667,1.2669543341853686
2,1.4390230758265927,-0.44781606516520023,1.3715900189355135,-1.8868391409917928,-0.06743305689107926,1.8194060841007136
3,1.7801047137942785,0.676106514565984,1.8977841399559532,-1.1039981992282946,0.11767942616167448,1.221677625389969
4,1.4022954069297455,0.29247300169791524,0.7085815766231034,-1.1098224052318302,-0.6937138303066421,0.4161085749251881
5,1.3304426573281867,0.08335989728041072,0.6531382615805816,-1.247082760047776,-0.6773043957476053,0.5697783643001708
6,2.8832473824696367,0.403422224277883,0.7894530342372003,-2.479825158191754,-2.0937943482324366,0.3860308099593173
