,distr-focus,own-focus,office-focus,own-distr,office-distr,office-own
0,-0.20226401869161292,-0.27464545308512756,-0.3853146172040758,-0.07238143439351463,-0.18305059851246286,-0.11066916411894823
1,-0.012683442107266907,-0.039685425853910994,-0.3589408647630186,-0.027001983746644087,-0.3462574226557517,-0.3192554389091076
2,-0.050966650700839944,0.01512674597155772,-0.255640686340362,0.06609339667239766,-0.20467403563952208,-0.27076743231191974
3,-0.0973605187555715,-0.13837505190638488,-0.3716068967005423,-0.04101453315081338,-0.2742463779449708,-0.23323184479415743
4,-0.21589814226183962,-0.010975410954930376,-0.2831790518208688,0.20492273130690924,-0.06728090955902916,-0.2722036408659384
5,-0.25284059292442657,0.03641675462876437,-0.1395851787856856,0.28925734755319094,0.11325541413874096,-0.17600193341444997
6,-0.2027031713613494,0.006139331131015613,-0.13574017365824903,0.20884250249236502,0.06696299770310038,-0.14187950478926464
