,distr-focus,own-focus,office-focus,own-distr,office-distr,office-own
0,0.42146821518428246,-0.45826604528653075,-0.0537438053320789,-0.8797342604708132,-0.47521202051636136,0.40452223995445186
1,-1.653618602921745,-1.0797518606457683,-0.5633634672524483,0.5738667422759766,1.0902551356692967,0.5163883933933201
