,distr-focus,own-focus,office-focus,own-distr,office-distr,office-own
0,-0.04234220610432399,-0.15716753090149282,0.019152904327921216,-0.11482532479716884,0.061495110432245204,0.17632043522941404
1,-0.17673574725259605,-0.28681763801912263,-0.16624599060693035,-0.11008189076652658,0.010489756645665704,0.12057164741219228
2,0.2106141288979022,0.15633579764735545,0.23323765555147524,-0.05427833125054676,0.022623526653573034,0.0769018579041198
3,0.15211477008367297,0.25021960260780585,0.5805922422017226,0.09810483252413288,0.4284774721180496,0.3303726395939167
4,0.23725025097785296,0.05910880127905227,0.18130072321926832,-0.1781414496988007,-0.05594952775858464,0.12219192194021605
5,0.37060152771366633,0.10229676377846764,0.5217048189492977,-0.2683047639351987,0.15110329123563138,0.4194080551708301
6,0.020869675078244,-0.12082158413615873,0.04947597966666162,-0.14169125921440273,0.02860630458841762,0.17029756380282035
