,distr-focus,own-focus,office-focus,own-distr,office-distr,office-own
0,-0.042874152156194556,-0.03339010200788417,-0.02353212324431231,0.009484050148310386,0.019342028911882247,0.009857978763571862
1,-0.04979284168315973,-0.23661552780938247,-0.09498337473543392,-0.18682268612622274,-0.04519053305227419,0.14163215307394855
2,0.024584102299910385,-0.011097238473956078,-0.1486592232930584,-0.03568134077386646,-0.1732433255929688,-0.1375619848191023
3,0.1397609659047373,-0.1571035785699851,-0.3133307028368032,-0.2968645444747224,-0.45309166874154044,-0.15622712426681806
4,0.07026495522112822,-0.8865731308163642,-0.20365894330261997,-0.9568380860374924,-0.2739238985237482,0.6829141875137442
5,1.4109672174327645,-1.4267857351634115,1.1731462121554148,-2.837752952596176,-0.23782100527734973,2.5999319473188263
6,0.8552752664890537,1.5717879320094235,0.6847089392585373,0.7165126655203697,-0.17056632723051646,-0.8870789927508862
