,distr-focus,own-focus,office-focus,own-distr,office-distr,office-own
0,9.26694645967914,1.3472930271584644,-1.3813892528966287,-7.919653432520676,-10.648335712575768,-2.728682280055093
