,distr-focus,own-focus,office-focus,own-distr,office-distr,office-own
0,8.823131605526338,11.42384845092363,9.597972322154595,2.6007168453972933,0.7748407166282582,-1.8258761287690353
1,-0.3323416972952046,-0.15926045135509337,-0.7907460726011017,0.17308124594011118,-0.4584043753058973,-0.6314856212460085
