,distr-focus,own-focus,office-focus,own-distr,office-distr,office-own
0,1.8828829266559697,2.583884927014367,0.7469752275875208,0.7010020003583972,-1.135907699068449,-1.8369096994268461
1,1.0689514759193708,1.2133591895055607,,0.14440771358618987,,
2,2.1791425301362586,-0.7136015701408562,-0.8066241023436918,-2.8927441002771146,-2.98576663247995,-0.09302253220283552
3,-10.17285110459556,-46.90578189055899,0.8643857476940331,-36.73293078596343,11.037236852289594,47.77016763825303
4,-0.706008416164402,-1.3896263477186124,-0.5725517261761073,-0.6836179315542102,0.13345668998829474,0.817074621542505
5,-0.6324852995444631,-8.303976733999185,-1.7745103553940251,-7.671491434454723,-1.142025055849562,6.529466378605161
6,-1.9419583305658215,-3.3707772109193,,-1.4288188803534785,,
