,distr-focus,own-focus,office-focus,own-distr,office-distr,office-own
0,-0.5005425704547808,-0.3820628138760489,0.15331028934840996,0.11847975657873189,0.6538528598031907,0.5353731032244589
1,-0.3961503156525348,-0.7999625109867674,,-0.4038121953342327,,
2,-0.13756129080445112,0.10203839436855278,-3.64445086061881,0.2395996851730039,-3.506889569814359,-3.7464892549873627
3,-1.0897755028231104,-1.734160904898534,-1.143322847582161,-0.6443854020754235,-0.05354734475905071,0.5908380573163727
4,-0.06266220628255981,-0.509103062129079,-0.18276635841033406,-0.44644085584651916,-0.12010415212777426,0.3263367037187449
5,0.320362208983471,-0.08382308644082993,0.2862459616279732,-0.4041852954243009,-0.034116247355497786,0.37006904806880314
6,-0.2565799675387544,-0.01123488659080385,,0.24534508094795054,,
