,distr-focus,own-focus,office-focus,own-distr,office-distr,office-own
0,-0.17369396983762303,0.03845619279293655,-0.16938981910310952,0.21215016263055958,0.004304150734513512,-0.20784601189604607
1,-0.40887686889889385,-0.06466065175658436,0.017762855709119674,0.3442162171423095,0.4266397246080135,0.08242350746570404
