,distr-focus,own-focus,office-focus,own-distr,office-distr,office-own
0,-0.13851925134488963,-0.15360008278336218,-2.526727920996101,-0.015080831438472553,-2.388208669651211,-2.3731278382127385
1,-0.2326959295053661,-0.06696170503092896,0.0977523455498579,0.16573422447443714,0.330448275055224,0.16471405058078686
