,distr-focus,own-focus,office-focus,own-distr,office-distr,office-own
0,-0.28106676641512707,-0.20851472374013358,-0.28618993407927834,0.0725520426749935,-0.005123167664151267,-0.07767521033914478
1,-0.1357559198542805,0.0047723132969035575,0.17195160031225604,0.14052823315118407,0.3077075201665366,0.16717928701535248
