,distr-focus,own-focus,office-focus,own-distr,office-distr,office-own
0,-0.14526954494474428,-0.1718664262836254,-0.07183074709046522,-0.026596881338881107,0.07343879785427906,0.10003567919316017
1,-0.1632811506280486,-0.17903585666015953,-0.15189452097178419,-0.015754706032110932,0.011386629656264413,0.027141335688375345
2,0.004049450794801901,-0.07325058157819808,0.04374901042454482,-0.07730003237299998,0.03969955962974292,0.1169995920027429
3,-0.007529087112667476,-0.09680656259947581,0.6201351749742019,-0.08927747548680834,0.6276642620868693,0.7169417375736777
4,-0.0010372962049998158,0.04357163436985945,-0.045708506921462055,0.04460893057485926,-0.04467121071646224,-0.0892801412913215
5,-0.021584397284598933,0.06948554944727725,-4.653641334261759,0.09106994673187618,-4.63205693697716,-4.723126883709036
6,-0.40248536218628017,-1.2887711990411135,0.20767254352739606,-0.8862858368548334,0.6101579057136762,1.4964437425685095
