,distr-focus,own-focus,office-focus,own-distr,office-distr,office-own
0,-3.65130315570468,-4.859405949839835,4.774915241334952,-1.2081027941351552,8.426218397039632,9.634321191174788
1,-0.7725568271156755,0.9558192184016057,-0.5598463221565613,1.7283760455172812,0.21271050495911425,-1.515665540558167
