,distr-focus,own-focus,office-focus,own-distr,office-distr,office-own
0,0.07641122621125374,0.14329771684225878,0.48990206506955325,0.06688649063100505,0.4134908388582995,0.34660434822729447
1,-0.015050740722266864,-0.0007109057873784241,1.1175513608552023,0.01433983493488844,1.1326021015774694,1.118262266642581
2,0.053351751777175216,-0.02104122966634636,0.8826692311485462,-0.07439298144352158,0.829317479371371,0.9037104608148926
3,0.07920745217116876,0.06607235567301117,1.1949728552359558,-0.013135096498157584,1.115765403064787,1.1289004995629446
4,0.2735133614754066,-0.006571260028328085,0.23371737901633627,-0.2800846215037347,-0.039795982459070345,0.24028863904466435
5,0.6188895625261458,-0.04114467087031737,0.5541301086588347,-0.6600342333964632,-0.06475945386731108,0.5952747795291521
6,0.3830659404511195,-0.024293127126224445,0.5293939008049057,-0.40735906757734397,0.14632796035378615,0.5536870279311301
