,distr-focus,own-focus,office-focus,own-distr,office-distr,office-own
0,-1.6758075821420042,-1.3650884734625142,-2.3920855418331786,0.3107191086794901,-0.7162779596911744,-1.0269970683706644
