,distr-focus,own-focus,office-focus,own-distr,office-distr,office-own
0,-0.0685968054918314,-0.23178608527391703,-0.1995794519673089,-0.16318927978208564,-0.13098264647547747,0.03220663330660814
1,7.1217000925696405,8.01959385169282,9.715445096072218,0.8978937591231787,2.593745003502577,1.6958512443793985
2,-0.3276068119535891,-0.48402964077591065,-0.060732585341997256,-0.15642282882232153,0.2668742266115919,0.4232970554339134
3,0.7718874545163027,1.2550192036790175,0.08554446350964985,0.48313174916271484,-0.6863429910066529,-1.1694747401693677
4,0.5417137230715855,2.0875280027859024,-0.1589825514880091,1.545814279714317,-0.7006962745595946,-2.246510554273912
5,0.1312416352284722,0.03699923284828205,-0.7375762120575874,-0.09424240238019016,-0.8688178472860596,-0.7745754449058695
6,0.47261224539305813,-0.9494793456528049,-0.019803868779031064,-1.4220915910458631,-0.4924161141720892,0.9296754768737738
