,distr-focus,own-focus,office-focus,own-distr,office-distr,office-own
0,0.5400482562198662,-0.5893273190796747,0.25929439494028517,-1.129375575299541,-0.2807538612795811,0.8486217140199599
