,distr-focus,own-focus,office-focus,own-distr,office-distr,office-own
0,0.009396883222019772,-0.018100586925723514,0.004443432503541747,-0.027497470147743286,-0.004953450718478025,0.02254401942926526
1,-0.011220400728597521,0.00010928961748635224,0.017468123861566417,0.011329690346083873,0.02868852459016394,0.017358834244080065
2,-0.02270188221007901,-0.013779599271402536,-0.016605950212507638,0.008922282938676473,0.006095931997571372,-0.002826350941105102
3,-0.02696114146933827,-0.013409228901032175,0.020245901639344203,0.013551912568306096,0.04720704310868247,0.033655130540376374
4,0.00461293260473581,-0.006372191863995132,-0.0184578020643595,-0.010985124468730942,-0.02307073466909531,-0.012085610200364368
5,-0.033812993321190116,0.015294474802671532,-0.0247540983606558,0.049107468123861645,0.009058894960534317,-0.04004857316332733
6,0.027606759765229638,0.04518645011131351,0.009628617688726915,0.017579690346083872,-0.017978142076502723,-0.035557832422586595
