,distr-focus,own-focus,office-focus,own-distr,office-distr,office-own
0,-0.001851851851851851,-0.001851851851851851,-0.001851851851851851,0.0,0.0,0.0
