,distr-focus,own-focus,office-focus,own-distr,office-distr,office-own
0,-0.011399514268366735,-0.01540680024286583,-0.03814814814814816,-0.004007285974499095,-0.026748633879781426,-0.02274134790528233
1,0.0073041894353369635,-0.06781420765027324,-0.06777777777777778,-0.0751183970856102,-0.07508196721311475,3.642987249545017e-05
