,distr-focus,own-focus,office-focus,own-distr,office-distr,office-own
0,4.731072691376218,5.565133090502651,3.3885620446367226,0.8340603991264335,-1.3425106467394952,-2.176571045865929
