,distr-focus,own-focus,office-focus,own-distr,office-distr,office-own
0,-0.08941912742068332,0.22479395039469507,0.4242075183632416,0.3142130778153784,0.5136266457839249,0.19941356796854653
1,0.052664053589561506,0.1592481348322911,0.158667764872352,0.10658408124272961,0.10600371128279049,-0.0005803699599391254
2,-0.12984784413586087,0.03305105155423438,-0.009835680614711795,0.16289889569009525,0.12001216352114907,-0.04288673216894617
3,-0.33241956930642735,1.2449374306508454,-0.19421083725859772,1.577356999957273,0.13820873204782966,-1.4391482679094432
4,0.21420837026386463,0.6129132039378832,0.4213898853706024,0.39870483367401854,0.2071815151067378,-0.19152331856728078
5,-0.023498594713930576,0.6407448624509264,-0.11148823513347769,0.664243457164857,-0.08798964041954713,-0.7522330975844042
6,-0.6733517218806455,-0.30961653340813233,-0.3061132065701671,0.3637351884725132,0.3672385153104784,0.003503326837965226
