,distr-focus,own-focus,office-focus,own-distr,office-distr,office-own
0,-0.18837439223757912,-0.10971852179554387,-0.2227104632294551,0.07865587044203526,-0.03433607099187597,-0.11299194143391122
1,-0.06733952756202055,-0.043122196635846044,-0.04897195219144557,0.024217330926174507,0.018367575370574984,-0.005849755555599523
2,-0.25587800063141664,-0.20029512020044948,-0.11625469319961823,0.05558288043096715,0.1396233074317984,0.08404042700083125
3,-0.11155031604484211,-0.27983516986463874,-0.3090655503921365,-0.16828485381979663,-0.1975152343472944,-0.029230380527497768
4,-0.3192486919614697,-0.195333244804484,-0.17655234319913116,0.12391544715698571,0.14269634876233855,0.01878090160535284
5,-0.334950263598364,-0.23524295489458158,-0.322958829183096,0.09970730870378242,0.01199143441526801,-0.0877158742885144
6,-0.12827369955510276,-0.004863685941667528,-0.14994334288296574,0.12341001361343523,-0.021669643327862975,-0.1450796569412982
