,distr-focus,own-focus,office-focus,own-distr,office-distr,office-own
0,0.03382221369738492,0.17160862337064076,0.4102229101894945,0.13778640967325584,0.3764006964921096,0.23861428681885377
1,-0.003396619042435489,0.03039448255069288,1.195629124930872,0.03379110159312837,1.1990257439733074,1.1652346423801792
2,0.1496454662796327,0.019634687944239726,0.984504657703735,-0.13001077833539298,0.8348591914241023,0.9648699697594952
3,0.057218717840123334,0.06188610293633867,1.0697695633377546,0.004667385096215337,1.0125508454976315,1.0078834604014162
4,0.28750416207732754,0.03235714669819734,0.26357350235608346,-0.2551470153791302,-0.023930659721244085,0.23121635565788612
5,0.705481343646029,-0.0590802754556915,0.5031472213425359,-0.7645616191017205,-0.20233412230349312,0.5622274967982274
6,0.31023663631123366,0.02772143331019139,0.5404854612741468,-0.28251520300104227,0.2302488249629131,0.5127640279639554
