,distr-focus,own-focus,office-focus,own-distr,office-distr,office-own
0,-15.600204118136224,-11.239171061381382,-26.514757759765224,4.361033056754841,-10.914553641629002,-15.275586698383844
1,-54.632484502569426,-13.434540162968414,-10.41826646038765,41.197944339601015,44.21421804218178,3.016273702580763
2,18.136662066943156,30.31444414876614,32.81806762016326,12.177782081822983,14.68140555322011,2.5036234713971273
3,10.506992310259776,-7.172739217444904,-0.40717933682602947,-17.67973152770468,-10.914171647085805,6.765559880618874
4,-1.5794723651769922,0.36455575277066954,0.38152687685867015,1.9440281179476617,1.9609992420356623,0.01697112408800061
5,-1.153363556293471,1.3673764975311253,-0.9715215062394815,2.5207400538245963,0.18184205005398946,-2.338898003770607
6,15.97997687293465,1.398409953958549,-1.93258254397319,-14.581566918976101,-17.91255941690784,-3.330992497931739
