,distr-focus,own-focus,office-focus,own-distr,office-distr,office-own
0,0.025417172637117985,0.02235001590192847,0.06814865411859948,-0.003067156735189515,0.042731481481481495,0.04579863821667101
1,0.005525197328476016,0.027914389799635706,0.0908955676988464,0.02238919247115969,0.08537037037037037,0.06298117789921069
