,distr-focus,own-focus,office-focus,own-distr,office-distr,office-own
0,9.05176492570761,11.324200564089244,9.607626277404746,2.272435638381634,0.555861351697136,-1.7165742866844982
