,distr-focus,own-focus,office-focus,own-distr,office-distr,office-own
0,-0.09357087446166723,0.15736892957308013,0.08119849926924771,0.25093980403474736,0.17476937373091495,-0.07617043030383241
