,distr-focus,own-focus,office-focus,own-distr,office-distr,office-own
0,-0.11718304484354192,-0.08975435575207946,-2.2268670428598423,0.027428689091462455,-2.1096839980163002,-2.137112687107763
1,0.041705177648155956,0.034291780761851576,-0.02352156368230629,-0.00741339688630438,-0.06522674133046225,-0.057813344444157866
2,-0.08676326820583402,0.0005132903093323371,-0.7675809702350269,0.08727655851516636,-0.6808177020291929,-0.7680942605443593
3,-0.0953046214069706,-0.02313807726624184,-0.5979722477743401,0.07216654414072876,-0.5026676263673695,-0.5748341705080984
4,-0.10919425865943044,-0.16829389353637259,-0.6850751305642405,-0.05909963487694214,-0.5758808719048101,-0.5167812370278679
5,-0.10923939748155786,-0.24897307124154489,-0.7271428818969173,-0.13973367375998702,-0.6179034844153595,-0.47816981065537245
6,0.17499930920849172,-0.152108651657465,-0.5602197557824466,-0.3271079608659567,-0.7352190649909384,-0.40811110412498164
