,distr-focus,own-focus,office-focus,own-distr,office-distr,office-own
0,0.22419778384942318,0.40730317749443434,0.0018597425815094493,0.18310539364501113,-0.22233804126791373,-0.4054434349129249
1,0.23054037644201575,0.3601515020094255,,0.12961112556740972,,
2,0.10491537644201579,0.23594478537215335,0.1658173410529968,0.13102940893013756,0.06090196461098102,-0.07012744431915655
3,-0.18193316853152916,0.07086358313817334,-0.007226971116315317,0.2527967516697025,0.17470619741521384,-0.07809055425448866
4,-0.11162629022465088,-0.06665361262902245,0.008409272269928006,0.04497267759562843,0.12003556249457889,0.07506288489895047
5,-0.24074269234105297,-0.1439313904068002,-0.1895325266718709,0.09681130193425277,0.051210165669182066,-0.0456011362650707
6,-0.13427443837279904,-0.18263509411050394,,-0.048360655737704886,,
