,distr-focus,own-focus,office-focus,own-distr,office-distr,office-own
0,0.7335785577640783,1.922771692942241,0.9582253858925038,1.1891931351781624,0.2246468281284255,-0.964546307049737
