,distr-focus,own-focus,office-focus,own-distr,office-distr,office-own
0,-0.0983131233046095,-0.0636558826770749,-0.3407920055411594,0.03465724062753461,-0.2424788822365499,-0.2771361228640845
1,0.04580829687318877,0.08144465715802318,0.041405842499616985,0.03563636028483441,-0.004402454373571785,-0.0400388146584062
2,-0.06700851817733222,-0.04692214733389466,0.09551444702275458,0.020086370843437562,0.1625229652000868,0.14243659435664924
3,-0.06649744249600609,-0.16261119365198706,-0.38368505119692886,-0.09611375115598098,-0.3171876087009228,-0.2210738575449418
4,-0.21995251082262401,-0.14682204519615505,-0.17274108452757864,0.07313046562646897,0.04721142629504538,-0.025919039331423588
5,-0.3816391357246355,-0.0874223924091142,-0.3292347891443046,0.2942167433155213,0.052404346580330885,-0.2418123967351904
6,-0.15563024883247029,-0.025543256689149363,-0.12456835827188589,0.13008699214332092,0.031061890560584393,-0.09902510158273653
