,distracting minus focus increasing,own choice minus focus increasing,background noise minus focus increasing,own choice minus distracting,background noise minus distracting,background noise minus own choice
0,-0.042702854009257885,87.24741972090652,0.8828547395418904,87.29012257491578,0.9255575935511484,-86.36456498136464
1,0.5346456295791238,0.7028287669464067,,0.16818313736728296,,
2,6.351249069520819,0.0675639554372085,-0.006747298808467306,-6.28368511408361,-6.357996368329286,-0.0743112542456758
3,-0.5649628421871753,-73.00820209921552,0.8505763488648103,-72.44323925702835,1.4155391910519854,73.85877844808034
4,0.08734043197090147,-2.1682858996009693,0.12190622285074237,-2.2556263315718708,0.03456579087984091,2.2901921224517117
5,-3.7068061962213674,-3.8369872792752866,4.773187543796449,-0.13018108305391918,8.479993740017816,8.610174823071736
6,-2.9648212870760062,-0.46073446906765714,,2.504086818008349,,
