,distr-focus,own-focus,office-focus,own-distr,office-distr,office-own
0,2.589745604225614,2.7807913632474848,2.4927703730438435,0.1910457590218703,-0.09697523118177084,-0.28802099020364114
1,0.9120312649423318,-2.104429829904721,0.7855563547212573,-3.016461094847053,-0.1264749102210745,2.8899861846259784
