,distr-focus,own-focus,office-focus,own-distr,office-distr,office-own
0,0.0382635094110504,-0.02391013964784458,0.022741347905282344,-0.062173649058894984,-0.015522161505768057,0.046651487553126925
