,distr-focus,own-focus,office-focus,own-distr,office-distr,office-own
0,-0.0016666666666666668,0.005,0.014444444444444444,0.006666666666666667,0.01611111111111111,0.009444444444444443
1,-0.02,0.0,-0.02,0.02,0.0,-0.02
