,distracting minus focus increasing,own choice minus focus increasing,background noise minus focus increasing,own choice minus distracting,background noise minus distracting,background noise minus own choice
0,0.16329288062616482,0.05612015645320223,0.19437687785676822,-0.1071727241729626,0.031083997230603372,0.13825672140356599
1,-3.2667427685217665,-3.1329368029408724,-1.6149694051412768,0.13380596558089405,1.6517733633804896,1.5179673977995956
2,3.641472360773579,3.4070785422817957,0.05124181468009503,-0.23439381849178306,-3.590230546093484,-3.3558367276017007
3,-0.49398504778491886,-2.53243987829742,0.26544023564818375,-2.0384548305125008,0.7594252834331027,2.7978801139456033
4,-6.656972574000368,-5.944169848951,-6.376018417021625,0.7128027250493674,0.280954156978742,-0.4318485680706254
5,-1.6758075821420042,-1.3650884734625142,-2.3920855418331786,0.3107191086794901,-0.7162779596911744,-1.0269970683706644
6,1.057144426854227,-0.07965525846968702,2.1172004834956875,-1.136799685323914,1.0600560566414607,2.1968557419653747
