,distr-focus,own-focus,office-focus,own-distr,office-distr,office-own
0,-1.4395237029396786,4.537991257372049,-2.0402244134993217,5.977514960311727,-0.6007007105596432,-6.57821567087137
1,11.701151429976866,-1.500001335742822,-0.9170512871665666,-13.201152765719687,-12.618202717143433,0.5829500485762553
2,-5.105307344607406,0.6342263960779548,-1.288840188760183,5.739533740685362,3.8164671558472234,-1.9230665848381379
3,-0.5427365572678742,0.26158804417822973,-0.9373861251081592,0.8043246014461038,-0.39464956784028504,-1.198974169286389
4,25.726930303721698,7.2008784770639265,-0.21363386130996742,-18.526051826657774,-25.940564165031667,-7.414512338373894
5,0.13318958142519843,-4.156745817675419,0.17830983532050193,-4.289935399100617,0.0451202538953035,4.335055652995921
6,0.10118625365738126,-0.29984790913212306,-1.224769978087475,-0.4010341627895043,-1.3259562317448563,-0.9249220689553519
