,distr-focus,own-focus,office-focus,own-distr,office-distr,office-own
0,-0.20098742561934402,-0.3381704905711861,0.04862880223807092,-0.13718306495184204,0.24961622785741494,0.38679929280925696
1,-0.38205369158628405,-0.49318510162370777,0.035691715034744664,-0.11113141003742372,0.4177454066210287,0.5288768166584524
2,0.033476060524855356,-0.17459249803070248,0.29370091212896476,-0.20806855855555784,0.2602248516041094,0.46829341015966724
3,-0.3080230179223967,-0.5458187674431282,0.8771802517199042,-0.23779574952073143,1.185203269642301,1.4229990191630324
4,0.023410540463943308,0.011452269244625946,-0.05115949071801057,-0.011958271219317362,-0.07457003118195388,-0.06261175996263652
5,-0.058171454498221475,-0.019660395986683843,-2.453641655659208,0.03851105851153763,-2.395470201160986,-2.433981259672524
6,-1.7297719207526516,-2.0611917803074786,-0.8466513958807567,-0.33141985955482683,0.883120524871895,1.214540384426722
