,distr-focus,own-focus,office-focus,own-distr,office-distr,office-own
0,1.347786149292887,1.165449363877137,1.0189210568523,-0.18233678541575005,-0.32886509244058715,-0.1465283070248371
1,1.4833461747900658,0.02938350374725579,0.2115206945266764,-1.45396267104281,-1.2718254802633893,0.18213719077942062
2,1.2881001377072354,1.1364633893022753,1.2294304702530938,-0.15163674840496016,-0.05866966745414176,0.0929670809508184
3,0.4813396649736842,0.33300953663742355,0.396823764949135,-0.14833012833626064,-0.08451590002454917,0.06381422831171146
4,-0.4454248228417247,-0.7911687929773117,-0.6288099636366555,-0.34574397013558705,-0.18338514079493085,0.1623588293406562
5,1.592940019595821,1.4667598765593408,1.5398224171138126,-0.12618014303648023,-0.05311760248200853,0.0730625405544717
6,0.6329036660159746,0.3385409804758667,0.3774152643754021,-0.2943626855401078,-0.2554884016405724,0.0388742838995354
