,distr-focus,own-focus,office-focus,own-distr,office-distr,office-own
0,17.421074423604786,2.9888580136468694,2.4342576036485015,-14.432216409957919,-14.986816819956285,-0.5546004099983679
1,0.4553423821072493,-0.18262921062371482,0.7925328395697824,-0.6379715927309642,0.33719045746253307,0.9751620501934972
2,3.3951037860590323,0.9519261009919214,7.287080373030051,-2.443177685067111,3.891976586971019,6.33515427203813
3,-1.5219979799732055,2.2601175077279163,3.6115378641677665,3.7821154877011214,5.133535844140972,1.3514203564398504
4,1.0502271569819257,0.9825407471380316,2.566086515135681,-0.06768640984389401,1.5158593581537556,1.5835457679976497
5,7.529387289212148,8.39994867109314,7.098253525121644,0.870561381880993,-0.4311337640905043,-1.3016951459714974
6,0.7706998121735301,0.005877626779296791,0.6766159227742198,-0.7648221853942334,-0.09408388939931034,0.6707382959949231
