,distr-focus,own-focus,office-focus,own-distr,office-distr,office-own
0,-0.01991803278688525,-0.02911050394656953,-0.047037037037037044,-0.00919247115968428,-0.027119004250151794,-0.017926533090467513
