,distr-focus,own-focus,office-focus,own-distr,office-distr,office-own
0,0.3813095800107612,0.07442209358653229,1.3398052946604153,-0.3068874864242289,0.9584957146496542,1.2653832010738832
1,2.275092005252471,-0.011940395854670549,-0.2058209188935779,-2.2870324011071412,-2.4809129241460486,-0.19388052303890735
