,distr-focus,own-focus,office-focus,own-distr,office-distr,office-own
0,0.004918032786885246,0.0,0.006584699453551914,-0.004918032786885246,0.0016666666666666676,0.006584699453551914
1,0.0049180327868852455,0.009999999999999998,0.0049180327868852455,0.005081967213114753,0.0,-0.005081967213114753
