,distr-focus,own-focus,office-focus,own-distr,office-distr,office-own
0,0.5260444988557407,0.2336193695912478,0.18497113053071412,-0.2924251292644928,-0.3410733683250265,-0.04864823906053367
1,0.5009015377058144,0.08830226782617684,0.15356630366924406,-0.4125992698796375,-0.3473352340365703,0.06526403584306723
2,0.2632174719469945,0.29730286758484004,0.3465468401447803,0.03408539563784546,0.08332936819778575,0.049243972559940286
3,0.3769122884554103,0.18733192479944955,0.28916097294349025,-0.18958036365596076,-0.08775131551192006,0.1018290481440407
4,0.42663551244236675,-0.02896077124496932,0.04326312387100206,-0.45559628368733607,-0.3833723885713647,0.07222389511597138
5,0.319554815520467,0.25708039431299967,0.2224771850088178,-0.06247442120746732,-0.0970776305116492,-0.03460320930418187
6,0.6744936660090664,0.31995132117184444,0.1916607865571679,-0.3545423448372219,-0.48283287945189846,-0.12829053461467654
