,distr-focus,own-focus,office-focus,own-distr,office-distr,office-own
0,0.0001244687310261068,0.01938372799028537,0.005549483910139645,0.01925925925925926,0.005425015179113538,-0.013834244080145724
