,distr-focus,own-focus,office-focus,own-distr,office-distr,office-own
0,0.023093503339404985,0.028278688524590163,0.011612021857923503,0.005185185185185178,-0.011481481481481481,-0.01666666666666666
