,distracting minus focus increasing,own choice minus focus increasing,background noise minus focus increasing,own choice minus distracting,background noise minus distracting,background noise minus own choice
0,0.0035185185185185185,0.022751322751322755,0.006666666666666667,0.019232804232804237,0.0031481481481481486,-0.016084656084656087
1,0.018703703703703705,0.0,0.0016666666666666668,-0.018703703703703705,-0.017037037037037038,0.0016666666666666668
2,-0.005185185185185185,-0.001666666666666667,0.0978373015873016,0.003518518518518518,0.10302248677248678,0.09950396825396826
3,0.006666666666666667,0.007037037037037039,0.016666666666666666,0.0003703703703703716,0.01,0.009629629629629629
4,-0.010370370370370372,-0.0033333333333333357,-0.008703703703703705,0.007037037037037036,0.0016666666666666668,-0.005370370370370369
5,-0.001851851851851851,-0.001851851851851851,-0.001851851851851851,0.0,0.0,0.0
6,0.0,0.012,0.0033333333333333335,0.012,0.0033333333333333335,-0.008666666666666666
