,distr-focus,own-focus,office-focus,own-distr,office-distr,office-own
0,-0.005,0.005,0.005925925925925927,0.01,0.010925925925925927,0.0009259259259259273
