,distracting minus focus increasing,own choice minus focus increasing,background noise minus focus increasing,own choice minus distracting,background noise minus distracting,background noise minus own choice
0,-0.007219337229747436,0.19919630403327582,0.37782866248778013,0.20641564126302325,0.38504799971752757,0.17863235845450431
1,0.07196141952679136,0.2634841538277283,0.16311426382529937,0.19152273430093691,0.091152844298508,-0.10036989000242891
2,-0.037301898164884606,0.1221343028391697,-0.7819396571354111,0.1594362010040543,-0.7446377589705265,-0.9040739599745808
3,0.004915782652894385,0.23706417430107507,-0.33755636013452034,0.23214839164818069,-0.3424721427874147,-0.5746205344355955
4,-0.06286964535871598,-0.07596105773536421,-0.40393799428048327,-0.013091412376648237,-0.3410683489217673,-0.32797693654511906
5,-0.04484457501612249,-0.14535464729304437,-0.49262634767114283,-0.10051007227692188,-0.44778177265502034,-0.34727170037809846
6,0.32434751205247225,-0.35993676230300037,-0.35726268364878777,-0.6842842743554727,-0.68161019570126,0.002674078654212639
