,distracting minus focus increasing,own choice minus focus increasing,background noise minus focus increasing,own choice minus distracting,background noise minus distracting,background noise minus own choice
0,-0.21723389267649548,0.8503119115582305,-0.6774250047832747,1.067545804234726,-0.4601911121067792,-1.5277369163415053
1,-1.005328634744927,-5.321240876078967,-5.5015876830806,-4.31591224133404,-4.496259048335673,-0.18034680700163275
2,1.0838438647139288,-4.513717106676893,-2.018289491682181,-5.597560971390822,-3.1021333563961098,2.495427614994712
3,1.3301179173258366,36.47873002928665,4.103262610019851,35.148612111960816,2.7731446926940144,-32.3754674192668
4,-6.9231573073887684,-7.820602678878129,-6.768310551410021,-0.8974453714893607,0.15484675597874653,1.0522921274681072
5,0.7335785577640783,1.922771692942241,0.9582253858925038,1.1891931351781624,0.2246468281284255,-0.964546307049737
6,19.318517814040106,19.716510893911057,20.118430442521998,0.3979930798709518,0.799912628481893,0.40191954861094126
