,distr-focus,own-focus,office-focus,own-distr,office-distr,office-own
0,-0.0018241276809616291,0.2926610846693467,0.7166376950989161,0.29448521235030833,0.7184618227798777,0.42397661042956936
1,-0.35281165857957475,-0.06434354792217922,-0.357347514446144,0.2884681106573955,-0.004535855866569238,-0.29300396652396477
