,distr-focus,own-focus,office-focus,own-distr,office-distr,office-own
0,-0.27006765402726324,-0.24437185442875076,-0.2790279602788876,0.02569579959851248,-0.008960306251624361,-0.03465610585013684
1,-0.3255059863901951,-0.055754330525998874,-0.25958661619486706,0.26975165586419625,0.06591937019532806,-0.20383228566886819
