,distr-focus,own-focus,office-focus,own-distr,office-distr,office-own
0,0.7297651071066371,0.03974135996637884,1.1550223610590875,-0.6900237471402583,0.4252572539524504,1.1152810010927086
