,distr-focus,own-focus,office-focus,own-distr,office-distr,office-own
0,0.004918032786885246,0.001666666666666667,0.006584699453551914,-0.0032513661202185793,0.0016666666666666676,0.004918032786885247
