,distr-focus,own-focus,office-focus,own-distr,office-distr,office-own
0,-0.17171612534276423,0.5722557263341482,0.2703043109459866,0.7439718516769125,0.4420204362887509,-0.3019514153881616
1,0.28730949677045187,0.6550554220244446,0.5352982677272152,0.36774592525399263,0.2479887709567634,-0.11975715429722927
2,-8.917971652835968,0.05048236402991357,0.057525184983491795,8.968454016865882,8.97549683781946,0.007042820953578222
3,-0.5545794399832912,-0.15243324996478658,0.023204216784586063,0.40214619001850455,0.5777836567678772,0.17563746674937264
4,-0.42453111987882547,0.021353090685094056,-0.06399803537830112,0.4458842105639195,0.36053308450052435,-0.08535112606339518
5,-0.021348919844689895,-0.22814122077259358,-0.021227760499472836,-0.20679230092790368,0.00012115934521705896,0.20691346027312074
6,-9.958193768898479,-9.53177737147308,-9.309551714652121,0.4264163974253997,0.6486420542463577,0.2222256568209579
