,distr-focus,own-focus,office-focus,own-distr,office-distr,office-own
0,-0.058171454498221475,-0.019660395986683843,-2.453641655659208,0.03851105851153763,-2.395470201160986,-2.433981259672524
