,distr-focus,own-focus,office-focus,own-distr,office-distr,office-own
0,0.1094546042707445,-2.764881986865188,-1.2985808663834835,-2.8743365911359327,-1.408035470654228,1.466301120481705
1,4.421965154120672,-0.9012797363871125,-0.16552007949194775,-5.323244890507784,-4.587485233612619,0.7357596568951648
2,0.4308804319576068,-0.9536894404248843,1.1769997375715946,-1.384569872382491,0.7461193056139879,2.130689177996479
3,8.049895867060957,7.350664719704595,7.689953271739841,-0.6992311473563626,-0.35994259532111605,0.3392885520352465
4,2.1976008868056267,0.5391820634346245,1.276080889247833,-1.6584188233710024,-0.9215199975577937,0.7368988258132086
5,1.3311298853304014,0.26287190730387583,0.805636257298369,-1.0682579780265256,-0.5254936280320325,0.5427643499944932
6,2.7959331167778525,0.5334529934737542,0.6133073958533068,-2.262480123304098,-2.1826257209245457,0.07985440237955271
