,distr-focus,own-focus,office-focus,own-distr,office-distr,office-own
0,0.013333333333333326,0.02129629629629629,-0.020740740740740744,0.007962962962962963,-0.03407407407407407,-0.04203703703703703
1,0.0,0.01,0.03222222222222222,0.01,0.03222222222222222,0.02222222222222222
