,distracting minus focus increasing,own choice minus focus increasing,background noise minus focus increasing,own choice minus distracting,background noise minus distracting,background noise minus own choice
0,-1.0624262673060036,-0.16114013665641913,-0.4143178906135504,0.9012861306495845,0.6481083766924532,-0.25317775395713127
1,1.9055969009407898,-0.2952627846645607,-0.4377927976401753,-2.2008596856053506,-2.3433896985809652,-0.14253001297561463
2,1.2402796183022222,0.1529065139852418,-0.004120629611312765,-1.0873731043169803,-1.244400247913535,-0.15702714359655456
3,-0.4641915878458195,0.5039030296636465,0.014157664981867546,0.968094617509466,0.47834925282768703,-0.489745364681779
4,0.9727154098829284,0.6627958150783628,0.6454732611912128,-0.30991959480456555,-0.32724214869171553,-0.017322553887149983
5,0.31627476984132796,0.22650459302412207,-0.01951189188980168,-0.0897701768172059,-0.33578666173112964,-0.24601648491392375
6,0.9106270457416106,1.2701652880334402,1.0709824695086536,0.3595382422918295,0.16035542376704293,-0.1991828185247866
