,distr-focus,own-focus,office-focus,own-distr,office-distr,office-own
0,-0.09169795812218806,-0.04996253485336233,-0.21056770302612038,0.04173542326882573,-0.11886974490393232,-0.16060516817275805
1,-0.11504259794861171,-0.020022364449733376,-0.10769622880281071,0.09502023349887834,0.007346369145801002,-0.08767386435307734
2,-0.18410478723757662,-0.1826141450058577,-0.08573482742265015,0.0014906422317189083,0.09836995981492647,0.09687931758320756
3,-0.03941626357236061,-0.20633221821311376,-0.27555703376009594,-0.16691595464075315,-0.23614077018773533,-0.06922481554698218
4,-0.19078759548196184,-0.10719462269803581,-0.11022598010241402,0.08359297278392602,0.08056161537954781,-0.00303135740437821
5,-0.33096705027537715,-0.17285109017134226,-0.33136671857192096,0.1581159601040349,-0.0003996682965438092,-0.1585156284005787
6,-0.15267295722325802,-0.00257288053229332,-0.12933315641356835,0.1501000766909647,0.02333980080968967,-0.12676027588127503
