,distr-focus,own-focus,office-focus,own-distr,office-distr,office-own
0,0.7759423565836281,1.0331257187546623,0.49664596854956455,0.2571833621710342,-0.27929638803406354,-0.5364797502050977
1,0.7350149158640096,-0.3963606646117522,0.533757310476346,-1.1313755804757617,-0.20125760538766357,0.9301179750880982
2,0.15232974097636665,0.8069926214032914,0.22830300371017853,0.6546628804269248,0.07597326273381189,-0.5786896176931129
3,0.15542371098544372,-0.01538952734239274,0.6392973655968304,-0.17081323832783646,0.48387365461138665,0.6546868929392231
4,0.6494388047241545,0.3009912509616356,0.5010266073303621,-0.3484475537625189,-0.1484121973937924,0.2000353563687265
5,0.7695345170506098,1.5268232578362397,0.9649880444683563,0.7572887407856299,0.19545352741774646,-0.5618352133678834
6,2.580546713199272,1.4919674164929815,1.6093392958870416,-1.0885792967062908,-0.9712074173122307,0.11737187939406013
