,distr-focus,own-focus,office-focus,own-distr,office-distr,office-own
0,0.011666666666666665,0.014629629629629624,-0.01370370370370371,0.002962962962962959,-0.025370370370370376,-0.028333333333333335
