,distr-focus,own-focus,office-focus,own-distr,office-distr,office-own
0,0.12401563448694594,0.4393614652904271,-0.03679495426990873,0.3153458308034811,-0.16081058875685467,-0.47615641956033583
1,0.13035822707953856,0.39220978980541826,,0.26185156272587967,,
2,0.004733227079538556,0.26800307316814603,0.1271626442015786,0.2632698460886075,0.12242941712204006,-0.1408404289665674
3,-0.28211531789400635,0.102921870934166,-0.045881667967733575,0.38503718882817234,0.23623364992627277,-0.14880353890189957
4,-0.21180843958712806,-0.03459532483302971,-0.030245424581490127,0.17721311475409834,0.18156301500563793,0.004349900251539585
5,-0.34092484170353027,-0.11187310261080763,-0.22818722352328916,0.22905173909272264,0.11273761818024113,-0.11631412091248153
6,-0.23445658773527625,-0.1505768063145112,,0.08387978142076505,,
