,distr-focus,own-focus,office-focus,own-distr,office-distr,office-own
0,1.3989560064277342,1.36145653388012,0.9094017741812401,-0.03749947254761432,-0.4895542322464941,-0.45205475969887976
1,1.4102419951627825,2.283429315181423,0.701392246151141,0.8731873200186406,-0.7088497490116414,-1.582037069030282
2,1.1307870755089096,1.407367646105661,0.22307751901269263,0.27658057059675145,-0.907709556496217,-1.1842901270929684
3,-0.06180196830803367,0.6728141090458051,1.8688371634240404,0.7346160773538387,1.9306391317320741,1.1960230543782355
4,2.7993285397497267,2.0921043808764583,1.853792222028294,-0.7072241588732686,-0.9455363177214327,-0.23831215884816404
5,-0.29544432163792234,-0.7670114391434435,1.8933123655857775,-0.47156711750552116,2.1887566872237,2.660323804729221
6,4.274307631353329,0.6688217724693853,0.45112806259002,-3.605485858883944,-3.823179568763309,-0.21769370987936543
