,distr-focus,own-focus,office-focus,own-distr,office-distr,office-own
0,-0.0016666666666666668,-0.0016666666666666668,-0.0016666666666666668,0.0,0.0,0.0
1,0.0016666666666666668,0.0033333333333333335,0.0,0.0016666666666666668,-0.0016666666666666668,-0.0033333333333333335
2,0.0016666666666666668,0.005,0.0,0.003333333333333333,-0.0016666666666666668,-0.005
3,0.0,0.0,-0.0016666666666666668,0.0,-0.0016666666666666668,-0.0016666666666666668
4,0.0,0.0016666666666666668,0.0,0.0016666666666666668,0.0,-0.0016666666666666668
5,0.0,0.0016666666666666668,0.0016666666666666668,0.0016666666666666668,0.0016666666666666668,0.0
6,0.025,0.0,0.00787037037037037,-0.025,-0.017129629629629634,0.00787037037037037
