,distr-focus,own-focus,office-focus,own-distr,office-distr,office-own
0,0.665601434559199,1.8125573028174558,2.2309704033173015,1.1469558682582568,1.5653689687581027,0.4184131004998459
1,-0.8513262669016753,-0.21739174539230954,-0.22177622130052332,0.6339345215093658,0.629550045601152,-0.004384475908213781
