,distr-focus,own-focus,office-focus,own-distr,office-distr,office-own
0,0.6856087870067171,0.22106497109473705,0.07138100075250559,-0.46454381591198013,-0.6142277862542116,-0.14968397034223146
1,0.6709217539418619,0.5040854594545385,-0.08407873578667979,-0.1668362944873235,-0.7550004897285418,-0.5881641952412182
