,distr-focus,own-focus,office-focus,own-distr,office-distr,office-own
0,1.2016585348228697,1.532409885040135,0.8955361569570301,0.3307513502172653,-0.3061223778658397,-0.6368737280831049
1,1.1557969725635864,0.07437616879973287,0.23437241491256666,-1.0814208037638535,-0.9214245576510196,0.15999624611283378
2,2.274425986642615,2.2317095723603164,2.260263857894503,-0.042716414282298665,-0.014162128748111846,0.02855428553418682
3,0.4315756623736801,0.309231336443131,0.48667707103997276,-0.12234432593054911,0.05510140866629265,0.17744573459684176
4,-8.158171703724047,-8.580251065791572,-9.158777827888107,-0.42207936206752517,-1.000606124164061,-0.5785267620965356
5,1.3161186855673401,1.2254350006458303,1.265746680327673,-0.09068368492150963,-0.05037200523966706,0.04031167968184257
6,0.7454125260846587,0.2788045478230259,0.33045507544163477,-0.4666079782616328,-0.4149574506430239,0.05165052761860889
