,distr-focus,own-focus,office-focus,own-distr,office-distr,office-own
0,0.46814502758144727,0.5726013412564173,0.11574043325227212,0.10445631367496999,-0.35240459432917515,-0.45686090800414514
1,1.0438633609418655,2.775376907979525,1.876945037251279,1.7315135470376595,0.8330816763094135,-0.8984318707282458
2,0.3033324528012858,0.2718316367308861,0.9017389269047209,-0.03150081607039967,0.5984064741034351,0.6299072901738347
3,3.237115571952479,4.3984967897839695,2.37383580924723,1.1613812178314908,-0.8632797627052492,-2.02466098053674
4,1.8989757212519573,0.3432986469735818,-5.164917982551926,-1.5556770742783756,-7.063893703803884,-5.508216629525508
5,2.4096118903408925,3.835067970650412,2.267915963505816,1.4254560803095195,-0.14169592683507665,-1.5671520071445961
6,3.7536838414150973,4.057708179974118,4.655412067728728,0.3040243385590212,0.9017282263136308,0.5977038877546096
