,focus,distr,own,office
0,-0.11235601293526441,-1.0085317525524762,2.9442109834161125,7.2251746946026865
1,-0.13821789096002815,2.1281742436730493,2.5952411128258785,11.39673087829952
2,0.594778941787743,16.70962228432266,0.46387027802606157,0.9525548780936283
3,-1.3107958277730078,-3.89895213119418,0.1622618112054385,1.9622189704344324
4,-3.455051818823828,3.248867232661787,1.0211163048605962,0.718752246138083
5,-7.732863869741684,3.7759934472404635,1.711104119853495,31.190294284589324
6,0.1308297191177491,3.85592180519006,0.8860037465506013,1.1325010635657105
