,focus,distr,own,office
0,0.6669561206845952,-8.638762102925806,0.7782997482230289,-19.576474506590554
1,-0.5309880192455949,-3.5571456628250306,1.3315951596648417,-2.6365594484413344
2,1.138958657131724,2.1582370503560453,2.1890719471301217,-3.293143677192026
3,13.918636455223352,-1.9421567892295275,0.8159318209065799,2.623151473057905
4,-0.08146469940198689,4.247259710931117,0.6742738417963948,0.6508607379170388
5,-0.22513708825849107,9.04180937142065,1.1221559388999733,-1.6065263411551198
6,0.13690576597033718,2.5104038046406014,0.802951043984931,1.1180881852467606
