,focus,distr,own,office
0,0.10717731754860015,0.6801012810562459,-0.5777962403423484,0.4098056134383353
1,0.3730030576725597,0.28536909921754045,0.3152324518343948,0.3135003396394415
