,focus,distr,own,office
0,0.9668777044391614,0.8233963327095821,0.8604662134897837,0.19782031522923016
1,0.8201671783878003,0.6392364681911193,0.6615013721145213,0.6574840736990775
2,0.8042164653244919,0.8006278742336663,0.7888765830129466,-0.03056558967184525
3,0.8745873608456083,0.8666506788159208,0.8959479030394697,0.09048126872517268
4,0.8958735289166293,0.7612119014413696,0.5642519406121087,0.32220040994467136
5,0.8821427566277287,0.6487992754866829,0.7311855931196785,0.2793538988681941
6,0.8421260851479235,0.8340886133409948,0.8029370936231706,0.2431228185744803
