,focus,distr,own,office
0,1.6393666698701974,0.5198488199008108,1.9635083366377408,34.81588635935908
1,-0.14675458899653435,0.38582951774162105,0.6216847071278384,
2,1.0099202763508741,0.5666375298855697,0.14266126552145467,-0.4447590288021855
3,1.3790349767817922,0.4915344161101793,0.022773149129733054,0.5606468947951034
4,0.8893943518148326,0.3469044677291522,0.1206092332472873,0.5202747017768945
5,0.22999180151536672,0.5570263146718046,-0.06360525561334462,0.5306537709044287
6,0.4367050645229356,0.3251810833386528,0.3688485873387172,
