,focus,distr,own,office
0,-0.27276035721640257,-0.10946747659023774,-0.21664020076320034,-0.07838347935963437
1,3.168243692986961,-0.09849907553480534,0.03530689004608872,1.5532742878456842
2,-3.5942577970908918,0.047214563682686894,-0.18717925480909617,-3.5430159824107967
3,-0.32979175560684454,-0.8237768033917634,-2.862231633904264,-0.06435151995866076
4,6.436834048857022,-0.22013852514334573,0.49266419990602167,0.06081563183539627
5,1.333879588802924,-0.34192799333908025,-0.031208884659590135,-1.0582059530302546
6,-1.467010287630893,-0.40986586077666604,-1.54666554610058,0.6501901958647947
