,focus,distr,own,office
0,0.6977677810564912,1.0790773610672524,0.7721898746430235,2.0375730757169066
1,0.8824183840520124,3.157510389304483,0.8704779881973419,0.6765974651584346
