,focus,distr,own,office
0,-1.38373631292502,-1.059375500652673,-4.287133045569833,0.334331363052256
1,0.11267522198923496,0.3095259745619171,0.19109468870421023,0.3652689136833865
2,-0.19044783806156865,0.6088289629246988,0.4745834879591528,0.4408190186937102
3,0.10794504720021425,0.6875860512410833,0.5196675547152451,0.5287562698709848
4,-0.7822007712061027,0.9633307028884932,0.4707804290835751,0.8238835391151609
5,0.49928049943017894,0.6648513030340854,0.5178199859512501,0.5423254748561726
6,0.22361004679054847,1.1143042941149846,0.6939931848131173,0.7060074274180624
