,focus,distr,own,office
0,1.0235982229202474,-0.0388280443857563,0.8624580862638282,0.609280332306697
1,1.0158993675066619,2.9214962684474517,0.7206365828421012,0.5781065698664866
2,0.6933439971929278,1.93362361549515,0.8462505111781696,0.6892233675816151
3,0.6308044164501315,0.16661282860431206,1.134707446113778,0.6449620814319991
4,0.04126938222406942,1.0139847921069978,0.7040651973024322,0.6867426434152822
5,0.4841110182222037,0.8003857880635317,0.7106156112463258,0.464599126332402
6,-0.5627650729882316,0.34786197275337893,0.7074002150452084,0.5082173965204219
