,focus,distr,own,office
0,0.18466859091675758,0.102943747609579,0.6956439955771849,0.33448814284583817
1,-0.06867241729324194,0.34515393998365834,0.546780101360338,0.44928336411695186
2,0.32816942229259427,0.009245246412713053,0.39001020345383963,0.4071752242941292
3,0.2890256766477294,0.012877393067421632,0.2853119094721796,0.5410181877835206
4,0.5506569461081325,0.1895358206776684,0.39962017304707687,0.306311094551207
5,0.7182828636251823,0.6920847791216387,0.5580084410601381,0.6497111200951365
6,-0.3339106989168833,-0.05495091981251956,0.4022091746744041,0.5885360731709484
