,focus,distr,own,office
0,0.006933819064966606,0.03002732240437159,0.03521250758955677,0.01854584092289011
