,focus,distr,own,office
0,0.009875531268973893,0.01,0.029259259259259263,0.015425015179113538
