,task 1,task 2,task 3,task 4
0,0.6030576696532058,2.1482742432561057,-1.5628057033519844,1.7209190193352637
1,0.34987642343066483,1.264348148101387,0.6232634189670964,
2,0.47526572188374355,1.985853052366057,0.3308014250379201,8.409124010904902
3,0.2942180366786366,0.5478591101304702,-0.1727794814954212,0.5480531312994511
4,0.24707248976608867,1.4433393063351014,0.06852605699667062,0.37128482900032234
5,0.5932096714499597,0.1676763908633306,-0.3018196358268182,0.38030202799980656
6,0.4195898493588965,0.3245011079380368,0.489113135767733,
