,focus,distr,own,office
0,0.525301123201317,0.559123336898702,0.6969097465719578,0.9355240333908116
1,0.5319790537233295,0.528582434680894,0.5623735362740224,1.7276081786542015
2,0.5051649707825426,0.6548104370621753,0.5247996587267824,1.4896696284862776
3,0.5348175572634323,0.5920362751035556,0.596703660199771,1.604587120601187
4,0.5526464612706615,0.8401506233479891,0.5850036079688589,0.816219963626745
5,0.7123980404746755,1.4178793841207045,0.653317765018984,1.2155452618172113
6,0.5688669485091089,0.8791035848203426,0.5965883818193003,1.1093524097832557
