,task 1,task 2,task 3,task 4
0,0.5490868876900277,0.36728418374778005,0.5758325896681762,0.49147511897762636
1,1.1430478409459723,0.4939138710227052,0.6258280082266683,0.5755686947523483
2,0.46974706816366857,0.721455257173369,0.6774165491273605,0.837042815221031
3,0.2995229130597511,0.8772721553704472,0.9650958826606081,0.5034998572929591
4,0.4568077066173293,0.6942867148170833,0.6923457061457347,1.0161189482190645
5,0.39250538881864877,0.6399503982944631,1.0178333461665163,0.8037888224660018
6,0.8010056408138839,0.5985553540315857,0.7272406413952276,0.6277397677200132
