,task 1,task 2,task 3,task 4
0,0.46535207827688563,0.4276598878566526,-0.0014925857755515952,-0.46041740370636147
1,0.15372090808573735,0.3307584800354723,0.03572936143945725,-0.7491569131682487
2,0.38373267734349953,0.6328148202608666,0.11639157277516314,-0.6135043559144258
3,-0.012541566866581796,-0.9353502825403605,-0.13658702659729813,-2.3171110314145738
4,0.2349823568081116,0.8172094941443859,0.7161578304389881,-0.15825519474713226
5,0.2314388668366968,0.8837058773304002,-0.11998591513262312,0.06792577612534746
6,0.3694518925139632,0.3962824404500563,0.03456210034410415,1.15210780927917
