,focus,distr,own,office
0,0.0003344991480584705,0.02054493017607772,0.005239829993928355,0.008445658773527626
