,task 1,task 2,task 3,task 4
0,0.09706692000714268,0.06446047455896663,0.07027403775314112,-0.16906515272182046
1,0.830793516918527,-0.011952028196838443,0.15558105287459992,0.46162538220817123
2,0.5305711368468348,0.2145320447315904,0.1563556702224754,0.3658833797741637
3,8.362350505430113,0.20847103849299867,0.1132380004220634,0.6599909644852097
4,1.1561377090964602,0.2267634828967545,0.07396552737129625,-1.7206972415302813
5,0.5536613045904598,1.075723249988002,0.18966096876770053,0.8456720912641237
6,-4.45006030894521,1.1092805364191067,-0.813319430530917,0.5109442418899258
