,focus,distr,own,office
0,1.8821560964656454,-3.2699879424363334,0.2425028495889651,-11.653908043392912
1,9.853124623918982,-9.110341719606682,-4.321880934406959,-0.7069510694514362
2,74.37994392287861,-47.08036842135052,-7.1831418198166,-4.557179614020441
3,-34.572074952036225,1.5591767256889284,-5.524644776664467,-3.0913601129437382
4,-3.343259289238208,-6.979425876555097,-8.503936289142015,-3.4553827538138777
5,-1.6976543009973597,-9.056475775411219,-1.4012665000259048,-6.641788098950023
6,-1.1052876502920181,4.042195214396231,-0.038650548509153684,-3.9054495414250754
