,focus,distr,own,office
0,-5.779735179471146,-1.0486624880949282,-0.21460208896849475,-2.3911731348344234
