,task 1,task 2,task 3,task 4
0,0.7342305629160689,0.5086549608460739,0.6758449728451165,1.1242144261761529
1,0.5840958813742642,0.5411587150432075,0.5606683513700005,1.936977995883522
2,0.6169779916937929,0.5692875414387452,0.664175759514593,1.6800916589066217
3,0.6504461742754031,0.5246406687011212,0.6389274017584955,3.4800151782258184
4,0.6265405516805175,0.5791690492256205,0.8957807263565446,0.9333327751720802
5,0.7859515669098,0.7462102069434211,1.4759753140500582,1.9012325680025086
6,0.636996716173462,0.6103634508000567,1.0580189375564912,1.3347822878646374
