,focus,distr,own,office
0,0.02740740740740741,0.04074074074074074,0.0487037037037037,0.006666666666666667
1,0.0,0.0,0.01,0.03222222222222222
