,focus,distr,own,office
0,-0.8519448377615199,-0.8054875105962059,-0.8528221907130421,-0.6725441871167378
