,focus,distr,own,office
0,0.6193849621903204,0.6175608345093587,0.9120460468596671,1.3360226572892364
1,1.095884312627707,0.7430726540481322,1.0315407647055277,0.7385367981815629
