,focus,distr,own,office
0,0.08036878769789754,0.6204170439177638,-0.5089585313817772,0.3396631826381827
