,focus,distr,own,office
0,0.6187347600830547,-0.15329347965440943,-0.22473853310253575,-1.0049285896853142
1,3.8108537023799687,-1.698853755786385,-0.5607997016667066,-0.27258996223252163
