,focus,distr,own,office
0,4.0983755653237175,0.4470724096190377,-0.7610303845161175,8.87329080665867
1,1.5223897844070469,0.7498329572913713,2.4782090028086525,0.9625434622504856
