,focus,distr,own,office
0,0.006666666666666668,0.0,0.03703703703703704,0.04310185185185184
1,0.037592592592592594,0.01351851851851852,0.050555555555555555,0.04185185185185184
2,0.005,0.02518518518518519,0.016851851851851854,0.0661111111111111
3,0.01685185185185185,0.016851851851851854,0.008333333333333333,0.006666666666666668
4,0.003518518518518518,0.03425925925925925,0.039259259259259265,0.02944444444444445
5,0.025740740740740745,0.03740740740740741,0.04037037037037037,0.012037037037037035
6,0.014285714285714284,0.0,0.05925925925925926,0.0
