,focus,distr,own,office
0,0.09753605604650561,0.5371761069010633,2.5348457228807852,-15.635495101463507
1,2.8861561349723677,-0.7630898922935015,-1.3857352628829573,-1.3267591029482473
2,-3.5423911183966985,-0.8559013475702578,-0.4731200079213802,1.556534422206709
3,3.023623069868101,0.6575971181261738,-0.511933450599627,29.143589437082188
4,0.7549095768212396,-0.765677887024487,-0.45180752364658444,1.4870968168351026
5,0.29850282614224816,-13.068363655165333,-0.49967959106170506,-2.1623639849716723
6,-0.8613889371135103,-19.320813572862367,-1.9154796675592527,-1.320668062490759
