,task 1,task 2,task 3,task 4
0,-15.635495101463507,0.09753605604650561,0.5371761069010633,2.5348457228807852
1,-1.3267591029482473,2.8861561349723677,-0.7630898922935015,-1.3857352628829573
2,1.556534422206709,-3.5423911183966985,-0.8559013475702578,-0.4731200079213802
3,29.143589437082188,3.023623069868101,0.6575971181261738,-0.511933450599627
4,1.4870968168351026,0.7549095768212396,-0.765677887024487,-0.45180752364658444
5,-2.1623639849716723,0.29850282614224816,-13.068363655165333,-0.49967959106170506
6,-1.320668062490759,-0.8613889371135103,-19.320813572862367,-1.9154796675592527
