,focus,distr,own,office
0,0.26645429816980265,1.4450909512193117,1.7526370861364,0.8869445643323938
1,2.689002524350322,1.1951977737581665,-204.21760260903886,1.1011726322742383
2,1.2977823629816456,1.0270910213281181,1.477654202726382,0.8057500570366791
3,-0.3639407721869405,1.160274783505993,4.1530836366129975,0.834077442753875
4,1.0800490157507536,3.647546011496953,1.6152090219580362,1.1013774091016184
5,-0.26902940913242596,0.948478778560229,10.879854897690235,0.7437381820032142
6,0.4225263234836507,3.2860813774913566,0.6403462794012618,0.428720221555865
