,focus,distr,own,office
0,-0.6427732602073956,1.2401096664485742,1.9411116668069714,0.10420196738012522
1,-0.3609725007057136,0.7079789752136573,0.8523866887998471,
2,0.7051962140814192,2.8843387442176778,-0.008405356059437005,-0.10142788826227252
3,0.4010435161350007,-9.77180758846056,-46.504738374423994,1.2654292638290339
4,1.0367152700784126,0.3307068539140105,-0.35291107764019974,0.46416354390230524
5,1.1576850635247913,0.5251997639803282,-7.146291670474395,-0.6168252918692337
6,4.669725203378767,2.7277668728129454,1.298947992459467,
