,focus,distr,own,office
0,-2.833460536587534,-0.24371493236191974,-0.052669173340049454,-0.3406901635436906
1,-0.9906613418679292,-0.07863007692559745,-3.0950911717726504,-0.20510498714667194
