,focus,distr,own,office
0,0.2813273769501037,0.4711124224462647,1.3849519099122898,-0.2080188491360835
1,0.37867579435242127,0.5577246424078035,0.6135329402231742,
2,0.4151496667935394,0.5366397326066736,-0.06541468750853416,-0.469250851646614
3,0.5584905174574224,0.3677384813724668,-1.2875890835072537,0.640751270511575
4,0.8858218792268147,0.5058235275965837,3.158579724129345,0.8461373454607941
5,1.0850261106918484,0.4118430785369757,-0.20047546429925853,0.8068257953986949
6,2.065644365794412,1.671169698558501,2.079444212910176,
