,focus,distr,own,office
0,-0.22513708825849107,9.04180937142065,1.1221559388999733,-1.6065263411551198
