,focus,distr,own,office
0,-0.6451338725248817,0.556524662297988,0.8872760125152533,0.25040228443214835
1,0.10958535745160043,1.2653823300151867,0.1839615262513333,0.3439577723641671
2,-1.817330562937664,0.4570954237049511,0.41437900942265243,0.44293329495683925
3,0.10689026668680161,0.5384659290604817,0.4161216031299326,0.5935673377267744
4,8.917102323934575,0.7589306202105286,0.33685125814300343,-0.24167550395353224
5,-0.768155696978145,0.547962988589195,0.4572793036676854,0.49759098334952795
6,0.2795151762809134,1.024927702365572,0.5583197241039393,0.6099702517225482
