,focus,distr,own,office
0,-0.04920081967213114,0.0748148148148148,0.39016064561829594,-0.08599577394203987
1,-0.059247115968427445,0.07111111111111111,0.3329626738369908,
2,0.043044550698239224,0.04777777777777778,0.31104762386638524,0.17020719489981784
3,0.39762457715326566,0.1155092592592593,0.5005464480874317,0.3517429091855321
4,0.2775491803278688,0.06574074074074074,0.24295385549483908,0.24730375574637867
5,0.4362158469945356,0.0952910052910053,0.32434274438372795,0.20802862347124643
6,0.362234365513054,0.12777777777777774,0.2116575591985428,
