,task 1,task 2,task 3,task 4
0,-0.5024549596742304,1.5377694538250914,0.09824575088541292,6.07576071119714
1,-1.103504106789129,-0.1864528196225623,11.514698610354303,-1.6864541553653842
2,-1.4595494836547838,-0.17070929489460074,-5.276016639502007,0.4635171011833541
3,-1.375065677785411,-0.4376795526772517,-0.9804161099451258,-0.176091508499022
4,-0.630989933956137,-0.4173560726461696,25.30957423107553,6.783522404417757
5,-0.9680099284680166,-1.1463197637885185,-1.01313018236332,-5.303065581463938
6,-1.6530497749069966,-0.4282797968195216,-0.32709354316214034,-0.7281277059516447
