,focus,distr,own,office
0,0.5394456077742069,0.2940066946430249,0.5471547136764234,0.3887617700995664
