,focus,distr,own,office
0,1.0753803614599198,-0.07913789958818362,0.5257577195248181,0.3833595198465582
1,-0.8679491806632126,-0.14821284750839486,0.952989090181383,0.16161167304980173
2,0.8498405281880858,-0.26763417430560865,1.1958497523494318,0.2301091008007612
3,0.10994376486157187,-0.3698816162801217,30.69807406511819,-0.06547016057089168
4,-0.4831819243346111,0.38036452108391156,1.3193385581211183,0.5407452368440343
5,-9.442174156608367,-0.39040923090075624,1.882026407480878,0.1654521207963798
6,0.9030566806310126,0.019394187490811152,0.4290137548393065,0.2957349679704566
