,focus,distr,own,office
0,-0.4562018045075195,0.6808527916628271,0.5377001028639122,0.367658954390871
1,0.1883905100953015,0.4497191926073079,0.2566685031641109,0.6095260807567123
