,focus,distr,own,office
0,1.0212401018723294,0.06294123875408363,0.8373447385782439,0.9111724767229208
1,2.6671479227789585,0.9944692182565399,0.7246506191344523,0.7712048215372548
2,0.8463862578132526,0.3548861892552737,0.7605058625372654,0.7037754711243408
3,0.7127928015747687,1.1476208125100706,0.923255942884977,0.6671595934387445
4,0.09079212363065774,0.6489884402119874,0.6658912607213583,1.0385751459092902
5,0.6206384450721846,0.5563611187478206,0.9131104988508425,0.621124740845552
6,-0.034583233929267244,0.5514956111797994,0.8671634233969565,0.5519612145234634
