,focus,distr,own,office
0,1.3037968999795362,-0.23211888257919502,0.925886870674771,0.699892069395515
1,1.1263180253420864,1.2476615544411627,0.8006567732316175,0.6726476396287345
2,0.7096093806502403,0.845740904876151,0.8905166979362397,0.7368484298305273
3,0.6448787339201775,-4.256118117499796,1.1758829504757329,0.7106817620019928
4,0.04104929969903528,0.5098279920374765,0.781852738433395,0.7898372140072732
5,0.49575517190589297,0.6674650876887233,0.7776869182493257,0.5470748323303186
6,-0.36748679409587154,0.2825561233653404,0.764635080118343,0.589646416710122
