,focus,distr,own,office
0,2.1482742432561057,0.6030576696532058,-1.5628057033519844,1.7209190193352637
1,1.264348148101387,0.34987642343066483,0.6232634189670964,
2,1.985853052366057,0.47526572188374355,0.3308014250379201,8.409124010904902
3,0.5478591101304702,0.2942180366786366,-0.1727794814954212,0.5480531312994511
4,1.4433393063351014,0.24707248976608867,0.06852605699667062,0.37128482900032234
5,0.1676763908633306,0.5932096714499597,-0.3018196358268182,0.38030202799980656
6,0.3245011079380368,0.4195898493588965,0.489113135767733,
