,focus,distr,own,office
0,0.08264550264550266,0.0661574074074074,0.09492063492063492,0.07203703703703702
1,0.06671296296296296,0.05944444444444444,0.07657407407407409,0.08785273368606701
2,0.05984126984126984,0.09425925925925926,0.12391975308641974,0.07578703703703703
3,0.15763888888888886,0.08375661375661375,0.06756613756613757,0.10445767195767197
4,0.06788359788359788,0.07444444444444444,0.050555555555555555,0.11851851851851852
5,0.06746913580246913,0.0867526455026455,0.07129629629629629,0.11244708994708996
6,0.05222222222222221,0.175,0.21666666666666667,0.07916666666666668
