,focus,distr,own,office
0,0.49928049943017894,0.6648513030340854,0.5178199859512501,0.5423254748561726
