,focus,distr,own,office
0,0.34815261785889456,0.20494744203970394,0.137480152619605,0.3448287136261809
1,0.45653056233822137,0.31652175143015565,0.2715233412816484,0.4494201910165907
2,0.32673333608294153,0.3413267135883155,0.24540665627498515,-0.4406550640925783
3,0.3638484092799598,0.3347952296000698,0.2096333788834914,1.0169518013519572
4,0.34921957428738976,0.3708215661758442,0.3715072927467018,-0.7538310780707893
5,0.318914535947975,0.2828403585155985,0.35986269170501745,1.9611156886658774
6,0.7186508620518629,0.2597879697027914,-2.3946083445777036,1.0346528997313982
