,focus,distr,own,office
0,0.7462102069434211,1.4759753140500582,0.7859515669098,1.9012325680025086
