,task 1,task 2,task 3,task 4
0,1.1864985766950145,15.618714986652932,0.6318981666966466,-1.802359436951855
1,-0.06011462481913828,0.5778569679118258,0.9150474253743589,0.12251458580457654
2,0.23027582945965905,2.67345351452677,6.565430101497789,-0.7216502715322624
3,1.5484333503336531,-2.2336821373674685,2.8998537067735035,-0.711684157394263
4,0.3484262665519116,0.4161126763958056,1.9319720345495612,-0.63411448058612
5,0.3321740367477097,-0.5383873451332833,-0.9695211092237876,-8.067774634345431
6,0.09064793982900904,0.8554701252232424,0.7613862358239321,0.08477031304971225
