,focus,distr,own,office
0,-2.76777390076097,-0.17020803745573262,-0.552692555941289,-0.3012434258676487
