,focus,distr,own,office
0,0.4841110182222037,0.8003857880635317,0.7106156112463258,0.464599126332402
