,focus,distr,own,office
0,-0.006557377049180329,-0.0016393442622950822,-0.004890710382513662,2.732240437158553e-05
