,task 1,task 2,task 3,task 4
0,-0.21664020076320034,-0.10946747659023774,-0.07838347935963437,-0.27276035721640257
1,0.03530689004608872,-0.09849907553480534,1.5532742878456842,3.168243692986961
2,-0.18717925480909617,0.047214563682686894,-3.5430159824107967,-3.5942577970908918
3,-2.862231633904264,-0.8237768033917634,-0.06435151995866076,-0.32979175560684454
4,0.49266419990602167,-0.22013852514334573,0.06081563183539627,6.436834048857022
5,-0.031208884659590135,-0.34192799333908025,-1.0582059530302546,1.333879588802924
6,-1.54666554610058,-0.40986586077666604,0.6501901958647947,-1.467010287630893
