,focus,distr,own,office
0,0.43527675166417984,0.39293454555985585,0.278109220762687,0.45442965599210106
1,0.6316780726435395,0.4549423253909434,0.34486043462441685,0.46543208203660913
2,0.32892820791965394,0.5395423368175561,0.4852640055670094,0.5621658634711292
3,0.243466172054271,0.395580942137944,0.49368577466207686,0.8240584142559936
4,0.427920314372595,0.6651705653504479,0.48702911565164725,0.6092210375918633
5,0.32661117282909774,0.6972127005427641,0.4289079366075654,0.8483159917783955
6,0.5523555842536113,0.5732252593318553,0.4315340001174526,0.6018315639202729
