,task 1,task 2,task 3,task 4
0,-0.31988253374835335,-0.27717967973909546,86.97024004116743,0.605675059802795
1,0.8648540239373602,0.33020839435823646,1.0330371613046432,
2,6.619758622916973,0.2685095533961541,0.3360735088333626,0.2617622545876868
3,-0.3681942218853587,0.19676862030181655,-72.81143347891371,1.0473449691666268
4,0.7618837934630761,0.6745433614921746,-1.4937425381087948,0.796449584342917
5,0.4704684004819734,4.177274596703341,0.34028731742805424,8.95046214049979
6,1.3346701246922956,4.299491411768302,3.8387569427006447,
