,focus,distr,own,office
0,0.00526715239829994,0.02669398907103826,0.03687917425622344,0.013545840922890113
1,0.005081967213114755,0.02836065573770492,0.028360655737704923,0.02836065573770493
