,task 1,task 2,task 3,task 4
0,-1.2824389222145414,-1.7391531388066683,6.160530265615562,0.6604790010416858
1,0.7906412622395281,0.4370347631109414,0.8124720262810471,
2,2.6855790999331632,0.36010752853912936,0.3119333415061172,0.2489285258315043
3,-0.6893392029517958,-0.01444274476333248,1.450393252711324,1.0397065693918506
4,0.5600855161179921,0.7311587237358328,-5.155544641641404,0.4582922819067697
5,0.439464630455399,-2.605186521987467,0.10675738522797514,5.579899186541995
6,1.1710878837441028,3.606487312044913,2.7110127364282937,
