,focus,distr,own,office
0,0.08653382281842975,0.27174514185605914,0.46492123620162235,0.16992178931493374
1,0.051369308386131074,0.11624618083532401,-1.035017375621536,0.5220909455367624
2,-0.550506478946083,0.6186309433984875,-1.1967342012140019,0.24148914420190276
3,-0.8561088465161049,0.7103252565989688,0.15938726251345944,0.3518631870872565
4,-0.5387550343584346,0.5190679803791248,-0.07712269690054954,0.6445875902407575
5,-1.7302541833188365,0.435040714190862,1.3854460810841551,1.5600386730936457
6,-4.010321359883644,0.22768720676676604,0.4389113617898541,0.7340832888993322
