,focus,distr,own,office
0,-0.005617881804322483,0.028296252927400473,0.020918842339607367,0.020709453180179176
1,0.0001493139628732888,0.04979390136949336,0.020001734755833122,0.014047510625379478
2,0.00422338803694736,0.02742764622546044,0.0035731633272616885,0.0006414259692948202
3,0.009753223427893866,0.023271267624637392,0.01190649666059502,-7.285974499089325e-05
4,0.006577885391444715,0.005081967213114756,0.012554644808743173,0.004927140255009106
5,0.0003344991480584705,0.02054493017607772,0.005239829993928355,0.008445658773527626
6,-0.014850686037126715,0.02619307832422587,-0.003278688524590164,0.10159380692167576
