,focus,distr,own,office
0,-0.3173098359246899,-0.27460445942671646,-0.18793197729681985,-0.23937652948437904
1,-0.20806236042327664,-0.24175436407640763,-0.2896606937246305,-0.2842307639806544
2,-0.13726995662271094,-0.14136961761318903,-0.13014361593211124,-0.271092337191129
3,-0.23064129589605584,-0.08625278641972456,-0.4097434486344365,-0.3673956693573895
4,-0.3530159076934291,-0.23864478508772566,-1.5675579869375262,-0.4723977100838244
5,-1.2013133605485824,-0.19559126802578783,11.107583818523672,-0.3912417271625243
6,-1.7931226479849949,-0.12560857384282795,1.1124206901294542,-0.2910133874238087
