,focus,distr,own,office
0,0.8441568986741528,0.6418928799825399,0.5695114455890252,0.458842281470077
1,0.6386895274143999,0.626006085307133,0.5990041015604889,0.27974866265138126
2,0.5890765845391773,0.5381099338383374,0.604203330510735,0.3334358981988153
3,0.6956940757435212,0.5983335569879497,0.5573190238371363,0.32408717904297885
4,0.6842976301929058,0.46839948793106617,0.6733222192379754,0.401118578372037
5,0.5623321348289682,0.3094915419045416,0.5987488894577325,0.42274695604328255
6,0.5355738403448072,0.33287066898345774,0.5417131714758228,0.3998336666865581
