,focus,distr,own,office
0,0.45287171286634287,19.407461566597895,-9.361778360210353,1.7640249800375074
1,-1.0209053751848645,-55.67466393873047,-0.7838793968392967,8.640775514553578
2,0.8029033467640451,3.1411855409704668,1.8668362098285443,0.4406072103872263
3,1.6694945326602462,-5.114673563525587,0.976077179088333,0.5877672003758795
4,-0.550187817994857,3.6844349025274847,0.839565318377734,0.4445304013542715
5,-0.9505644822758832,1.5451540822967338,1.2610600801664804,3.019651313885286
6,0.02883242726987222,2.345752029528126,0.8769530336384116,0.9697609547353226
