,focus,distr,own,office
0,-9.368551551571544,-0.5454199460452065,2.055296899352087,0.22942077058305163
1,0.4977961619905031,0.16545446469529854,0.3385357106354097,-0.2929499106105987
