,focus,distr,own,office
0,0.7494548645262099,0.7422355272964625,0.9486511685594857,1.12728352701399
1,0.5658990613110719,0.6378604808378633,0.8293832151388002,0.7290133251363713
2,0.7200052542885175,0.6827033561236329,0.8421395571276872,-0.06193440284689362
3,0.6860288991224747,0.690944681775369,0.9230930734235497,0.34847253898795433
4,0.6457880095495013,0.5829183641907854,0.5698269518141371,0.24185001526901806
5,0.7521934740211833,0.7073488990050608,0.6068388267281389,0.2595671263500405
6,0.4597001803128079,0.7840476923652802,0.09976341800980752,0.10243749666402016
