,focus,distr,own,office
0,0.5199708326985187,0.5963820589097725,0.6632685495407775,1.009872897768072
1,0.5504176029482625,0.5353668622259956,0.549706697160884,1.667968963803465
2,0.5789015779107143,0.6322533296878895,0.5578603482443679,1.4615708090592605
3,0.532678479213175,0.6118859313843438,0.5987508348861862,1.7276513344491307
4,0.5880481070046893,0.861561468480096,0.5814768469763613,0.8217654860210256
5,0.7509765107010414,1.3698660732271872,0.7098318398307241,1.3051066193598762
6,0.6173185636866728,1.0003845041377923,0.5930254365604484,1.1467124644915785
