,focus,distr,own,office
0,0.7559767624839453,1.4442952790951176,0.06503251217445206,0.6679915498587421
1,0.7460847569570939,2.004527947061674,-0.6946401355071614,0.5723141986782072
2,-0.16509689072455191,1.2739261851020407,-0.6129129558897521,1.2064931282109614
3,-0.7351881233894061,1.0449165904048725,-0.05908160882342206,1.162596016566547
4,-0.18224444256811706,1.2200509643616284,0.11022855912979819,0.5263371340549863
5,-0.19527341590754743,1.1351692414206394,-0.11191351862713671,0.45786484567303415
6,-0.09014722560411108,2.793100156865526,0.3132749986737719,0.6993058086330892
