,focus,distr,own,office
0,-0.9548217869836616,0.8146900082417634,1.7534659731059234,1.082391586246133
1,1.846242739375649,0.5663508638514604,1.387867896644518,0.9820654887442303
2,4.204901088007168,0.7879861988050854,2.064239301493012,0.8273448669511021
3,1.3356839973766987,0.7186959834661767,1.4349641214605293,0.9303920220113904
4,1.1473213044425232,0.5923719684907706,1.1612097216681885,1.4567080062755133
5,0.4856850633198635,0.6776814192954569,0.9598319494269436,0.8631396893247693
6,0.9069684453012316,0.5864876439885811,0.7905430956595125,0.7289890546194004
