,focus,distr,own,office
0,-0.006557377049180329,-0.0016393442622950822,-0.006557377049180329,2.732240437158546e-05
1,-0.006557377049180328,-0.001639344262295082,0.003442622950819671,-0.001639344262295082
