,focus,distr,own,office
0,0.7455808764289138,0.6517896327063646,0.5035996782519621,0.40733658077433615
1,0.6398779476511112,0.5838529934947965,0.6233903739082114,0.2948395904052571
2,0.5779048794963966,0.4729117793325762,0.7118554377005272,0.38002484738325537
3,0.707770588724699,0.5287466392249136,0.5618543237800395,0.32509300591133816
4,0.6660750740913329,0.4857850331771739,0.6657271357436513,0.41046007785257094
5,0.5303492489795696,0.333638149570337,0.5552426163314801,0.4384240043357891
6,0.5685298196469503,0.38839561671625145,0.5510477372374365,0.5016518987754433
