,focus,distr,own,office
0,-2.333800598005528,7.310647857047357,-0.1861850074137911,-3.4271180883651007
1,-0.06794171127972136,0.11384905232151414,-9.072038593674323,-0.026913203516693563
2,-0.7696048327351175,2.043666873925899,-1.0332742515460231,-0.9294039795632214
3,-0.03890211139486716,9.172053201572911,-3154.612747534435,2.1086147320868496
4,-0.7727935592011684,0.15695068125327571,-2.209085193352623,1.5257011028598513
5,-5.779735179471146,-1.0486624880949282,-0.21460208896849475,-2.3911731348344234
6,-0.31009143895070584,1.3252043850474624,-0.4571438461913439,0.6217352440071849
