,focus,distr,own,office
0,-0.06981898941346931,0.5957824451457296,1.7427383134039864,2.1611514139038324
1,1.1745118924988815,0.3231856255972062,0.957120147106572,0.9527356711983582
