,focus,distr,own,office
0,-0.4506781605140078,-0.13548777566254,-0.26436021333046056,-0.02603965711095953
1,0.3851348520574609,-0.3767795705390926,3.5488358925269003,0.49347564077545014
2,1.290740927578015,-0.7986861692071815,-0.37301351872681393,2.080809360896572
3,-0.39829592283438214,-1.487393088843657,-0.5359534988725498,-0.07787423896155905
4,0.7186042147179839,3.1622544786927445,2.3378102420209395,0.055894233797313654
5,0.20848073210932824,-0.9015652225520613,0.30798700369954085,0.7011797440810268
6,-2.033951593012678,-0.5140679444056604,-7.7295199367373,0.644842044029027
