,task 1,task 2,task 3,task 4
0,0.8801865539642867,0.7704680321687428,0.6574760907348316,0.6918121617267076
1,0.674697325493035,0.6315751288571889,0.6257253733015894,0.6073577979310144
2,0.7504259312949283,0.5501308110944788,0.6341712380953101,0.49454793066351166
3,0.7743422609422256,0.49450709107758684,0.46527671055008907,0.6627919448973835
4,0.7195870846829067,0.5242538398784227,0.5430347414837755,0.40033839272143695
5,0.7639984455590728,0.5287554906644912,0.44103961637597683,0.4290481819607088
6,0.589443045037739,0.5845793590960715,0.4394997021547733,0.4611693454826363
