,focus,distr,own,office
0,0.16907719472018312,-0.04655195162456573,0.17953407951085754,-0.024104681354931337
1,-1.0363304172201417,-0.30698438896166835,-0.3531338715236045,-0.9256407966095603
2,-1.7702195712411588,-0.226963960685738,-0.24059087963905926,-0.7436123966245225
3,-0.38330961930090157,-0.32702056916082994,-0.9304411295843074,-0.11959415430723337
4,0.6230238758747813,0.2579598151401271,0.44194905460165773,0.0072625983256095344
5,-0.30340641052128947,-0.08128723260734938,-0.6688388403707025,-0.14225285357465467
6,-0.4661675892392784,-0.15525677983139252,-37.80143540813828,-3.0825402591103352
