,focus,distr,own,office
0,0.28138888888888886,0.04064619654783589,0.13745749848208866,0.09185636221701796
