,focus,distr,own,office
0,0.08870081105700472,-0.0007183163636785925,0.3134947614516998,0.5129083294202463
1,-0.04894615318917188,0.0037179004003896274,0.11030198164311925,0.10972161168318012
2,0.16003787064662583,0.03019002651076496,0.1930889222008602,0.15020219003191404
3,0.12416002288554565,-0.20825954642088174,1.3690974535363911,-0.07005081437305208
4,-0.10973623561565539,0.10447213464820923,0.5031769683222278,0.311653649754947
5,0.003342801295328258,-0.020155793418602318,0.6440876637462547,-0.10814543383814944
6,0.7266627217135223,0.053310999832876786,0.41704618830539,0.4205495151433552
