,focus,distr,own,office
0,0.020370370370370372,0.03185185185185185,0.028148148148148148,0.034166666666666665
1,0.02,0.018703703703703705,0.030185185185185186,0.05074074074074073
2,0.030000000000000002,0.039074074074074074,0.027407407407407408,0.05629629629629629
3,0.017222222222222226,0.028703703703703703,0.018518518518518517,0.04833333333333334
4,0.0,0.020185185185185184,0.04018518518518519,0.03740740740740741
5,0.011851851851851851,0.03166666666666667,0.03685185185185185,0.02018518518518519
6,0.02,0.05,0.04722222222222222,0.0
