,focus,distr,own,office
0,0.0016666666666666668,0.0,0.0,0.0
1,0.0,0.0016666666666666668,0.0033333333333333335,0.0
2,0.0,0.0016666666666666668,0.005,0.0
3,0.0016666666666666668,0.0016666666666666668,0.0016666666666666668,0.0
4,0.0,0.0,0.0016666666666666668,0.0
5,0.0,0.0,0.0016666666666666668,0.0016666666666666668
6,0.0,0.025,0.0,0.00787037037037037
