,task 1,task 2,task 3,task 4
0,0.016569520340012144,0.06981481481481482,0.008469945355191258,0.02643518518518519
1,0.02249544626593807,0.03555555555555556,0.03050698239222829,0.03722222222222222
2,0.02768063145112325,0.03388888888888889,0.05402550091074682,0.03074074074074074
3,0.042310261080752885,0.038703703703703705,0.03087735276259866,0.04037037037037037
4,0.039162112932604735,0.05407407407407407,0.038284760170006066,0.0424074074074074
5,0.0158287795992714,0.04703703703703704,0.026988463873709772,0.03351851851851852
6,-0.005282331511839711,0.05,0.021803278688524594,0.025
