,focus,distr,own,office
0,0.009232804232804233,0.03321428571428572,0.02419753086419753,0.027448979591836734
1,0.015,0.0547119341563786,0.02328042328042328,0.020787037037037038
2,0.01907407407407407,0.03234567901234568,0.006851851851851852,0.007380952380952381
3,0.024603909465020574,0.028189300411522632,0.015185185185185185,0.006666666666666667
4,0.021428571428571425,0.01,0.015833333333333335,0.011666666666666667
5,0.015185185185185185,0.02546296296296296,0.008518518518518519,0.015185185185185185
6,0.0,0.031111111111111114,0.0,0.10833333333333334
