,focus,distr,own,office
0,0.4437165078785925,0.38554505338037104,0.42405611189190867,-2.0099251477806153
