,task 1,task 2,task 3,task 4
0,-0.0016393442622950822,-0.004890710382513662,-0.0016393442622950822,-0.006557377049180329
1,-0.0016393442622950822,-0.006557377049180329,2.732240437158546e-05,-0.0032240437158469943
2,-0.0016393442622950822,-0.006557377049180328,2.7322404371584808e-05,-0.001557377049180328
3,-0.001639344262295082,-0.004890710382513662,2.732240437158488e-05,-0.004890710382513662
4,-0.0016393442622950822,-0.006557377049180329,-0.0016393442622950822,-0.004890710382513662
5,2.732240437158553e-05,-0.006557377049180329,-0.0016393442622950822,-0.004890710382513662
6,0.006231026108075289,-0.006557377049180327,0.023360655737704916,-0.006557377049180328
