,focus,distr,own,office
0,-0.46041740370636147,-0.0014925857755515952,0.4276598878566526,0.46535207827688563
1,-0.7491569131682487,0.03572936143945725,0.3307584800354723,0.15372090808573735
2,-0.6135043559144258,0.11639157277516314,0.6328148202608666,0.38373267734349953
3,-2.3171110314145738,-0.13658702659729813,-0.9353502825403605,-0.012541566866581796
4,-0.15825519474713226,0.7161578304389881,0.8172094941443859,0.2349823568081116
5,0.06792577612534746,-0.11998591513262312,0.8837058773304002,0.2314388668366968
6,1.15210780927917,0.03456210034410415,0.3962824404500563,0.3694518925139632
