,focus,distr,own,office
0,0.4609736386071903,0.24373974593069483,1.3112855501654208,-0.2164513661760844
1,1.1495932779610127,0.14426464321608565,-4.171647598117954,-4.351994405119587
2,-0.15947927520445224,0.9243645895094766,-4.673196381881345,-2.1777687668866332
3,-0.9364262237036689,0.39369169362216766,35.54230380558298,3.166836386316182
4,7.909892359041662,0.9867350516528943,0.08928968016353366,1.1415818076316409
5,-0.150917011325315,0.5826615464387633,1.7718546816169258,0.8073083745671888
6,-19.1186867206407,0.1998310933994065,0.5978241732703583,0.9997437218812996
