,focus,distr,own,office
0,0.7521934740211833,0.7073488990050608,0.6068388267281389,0.2595671263500405
