,focus,distr,own,office
0,-1.6976543009973597,-9.056475775411219,-1.4012665000259048,-6.641788098950023
