,focus,distr,own,office
0,0.6574483178840095,0.6746574845434412,0.615575024099047,0.27813105726407933
1,0.8631028751083081,0.9023344038150061,0.5712313667694116,0.4752345820186149
