,task 1,task 2,task 3,task 4
0,0.034166666666666665,0.028148148148148148,0.03185185185185185,0.020370370370370372
1,0.05074074074074073,0.030185185185185186,0.018703703703703705,0.02
2,0.05629629629629629,0.027407407407407408,0.039074074074074074,0.030000000000000002
3,0.04833333333333334,0.018518518518518517,0.028703703703703703,0.017222222222222226
4,0.03740740740740741,0.04018518518518519,0.020185185185185184,0.0
5,0.02018518518518519,0.03685185185185185,0.03166666666666667,0.011851851851851851
6,0.0,0.04722222222222222,0.05,0.02
