,task 1,task 2,task 3,task 4
0,0.04440902651285164,0.06364197530864198,0.03550698239222829,0.05777777777777777
1,0.043236187006678806,0.041851851851851855,0.05254401942926532,0.06962962962962962
2,0.06360655737704916,0.050740740740740746,0.05902550091074682,0.05592592592592593
3,0.0645324833029751,0.047407407407407405,0.060321797207043115,0.09370370370370369
4,0.06656952034001214,0.08101851851851852,0.06939587128111717,0.057037037037037046
5,0.06842137219186399,0.044444444444444446,0.09291438979963569,0.05259259259259259
6,0.07033495243877756,0.10777777777777776,0.12471994535519124,0.08888888888888889
