,focus,distr,own,office
0,0.01263176916182379,0.03804894179894178,0.03498178506375226,0.08078042328042327
1,-0.021265938069216773,-0.015740740740740757,0.0066484517304189325,0.06962962962962962
