,task 1,task 2,task 3,task 4
0,-19.576474506590554,0.7782997482230289,-8.638762102925806,0.6669561206845952
1,-2.6365594484413344,1.3315951596648417,-3.5571456628250306,-0.5309880192455949
2,-3.293143677192026,2.1890719471301217,2.1582370503560453,1.138958657131724
3,2.623151473057905,0.8159318209065799,-1.9421567892295275,13.918636455223352
4,0.6508607379170388,0.6742738417963948,4.247259710931117,-0.08146469940198689
5,-1.6065263411551198,1.1221559388999733,9.04180937142065,-0.22513708825849107
6,1.1180881852467606,0.802951043984931,2.5104038046406014,0.13690576597033718
