,focus,distr,own,office
0,0.39250538881864877,0.8037888224660018,0.6399503982944631,1.0178333461665163
