,focus,distr,own,office
0,-0.09902184417299065,1.0008344932690332,0.21927925579157403,0.42731522887264983
1,0.6694106142694506,0.8186616169278091,0.303599658574198,0.3645139303008527
