,focus,distr,own,office
0,-0.3806150056258425,-0.4932588456519771,-0.64545184582102,-1.251546111656003
1,-2.458964145699159,-0.3653861195641668,-0.7777854132285,-2.5767948188857592
2,2.3567981161431395,-0.8392122889825988,-0.755007286718004,-0.9028039049767349
3,-2.1098875218563213,-0.6239502801379329,-0.4492631783607773,-0.7504986247500137
4,0.3006257426818532,-0.6683251844703217,-0.746299736504326,-1.0272314758141072
5,-0.8192975738293312,-1.0562884476001773,-0.42320022760718473,-1.6045197382469776
6,-0.7686602129525021,-7.596540020409837,0.6797654282364524,-2.006952318255573
