,focus,distr,own,office
0,4.177274596703341,0.4704684004819734,0.34028731742805424,8.95046214049979
