,focus,distr,own,office
0,0.5536613045904598,0.18966096876770053,1.075723249988002,0.8456720912641237
