,focus,distr,own,office
0,-0.003796802266747638,0.03101190476190474,0.027944748026715222,0.07096560846560845
