,focus,distr,own,office
0,-9.442174156608367,-0.39040923090075624,1.882026407480878,0.1654521207963798
