,focus,distr,own,office
0,-0.06979263009551241,0.1240654647963797,0.3466079323682221,0.4490762749009522
1,0.18174566744599696,0.4174840093581524,0.18344845509645658,-0.5004430928291829
2,0.1045761155007001,-0.2624975984569864,0.23401589056696467,0.2737006921764638
3,-0.39868278973674126,-0.022076111013350497,0.19480616302804318,0.050070390787044006
4,-0.04102089755028426,0.04118119022287908,0.7117655628937517,0.052449590485197435
5,0.011193424930715281,-0.06530109027507129,0.6931289736362247,-0.08260481748873184
6,0.6620697570833415,0.039168708733968716,0.2954671315829036,0.2584968165828257
