,task 1,task 2,task 3,task 4
0,0.045249107675160806,1.7939750463966846,1.3355068414287838,1.3797598676764604
1,1.0039198718056945,0.15441368979996745,1.1419281776770496,1.298531815971705
2,0.8827963932400968,1.4978724329901343,0.9950681864024916,0.9877196463851493
3,-4.836994820208994,8.573897714447886,1.099674351178984,1.0901947569921997
4,-0.9583020446552051,1.703541964398628,0.47788016726037447,1.4181632850391497
5,-0.5513171447518335,-1.9594538598713598,0.9144029204551187,0.9881578023247055
6,0.2341923529500109,0.6386837115115327,2.224725778113467,0.5218236612992725
