,focus,distr,own,office
0,-1.802359436951855,15.618714986652932,1.1864985766950145,0.6318981666966466
1,0.12251458580457654,0.5778569679118258,-0.06011462481913828,0.9150474253743589
2,-0.7216502715322624,2.67345351452677,0.23027582945965905,6.565430101497789
3,-0.711684157394263,-2.2336821373674685,1.5484333503336531,2.8998537067735035
4,-0.63411448058612,0.4161126763958056,0.3484262665519116,1.9319720345495612
5,-8.067774634345431,-0.5383873451332833,0.3321740367477097,-0.9695211092237876
6,0.08477031304971225,0.8554701252232424,0.09064793982900904,0.7613862358239321
