,task 1,task 2,task 3,task 4
0,0.3833595198465582,0.5257577195248181,-0.07913789958818362,1.0753803614599198
1,0.16161167304980173,0.952989090181383,-0.14821284750839486,-0.8679491806632126
2,0.2301091008007612,1.1958497523494318,-0.26763417430560865,0.8498405281880858
3,-0.06547016057089168,30.69807406511819,-0.3698816162801217,0.10994376486157187
4,0.5407452368440343,1.3193385581211183,0.38036452108391156,-0.4831819243346111
5,0.1654521207963798,1.882026407480878,-0.39040923090075624,-9.442174156608367
6,0.2957349679704566,0.4290137548393065,0.019394187490811152,0.9030566806310126
