,focus,distr,own,office
0,0.4376576379166367,0.5063827208142466,0.6758885694147253,0.9247546529800088
1,0.5564569838122035,0.47017726378742614,0.5515098835855854,1.423383930827027
2,0.5527497775572712,0.5569362823850206,0.45361913333809106,1.2894634131805764
3,0.48942870796314947,0.6626902252468597,0.5276868361025118,1.155938663545708
4,0.5635785494243556,0.7501601605144679,0.5276488280025387,1.1073740745802265
5,0.765499169025665,1.1608469661407832,0.6829768088389765,1.108682986939253
6,0.49665254376129075,0.8568727514227317,0.5853275289233021,1.0976056424656333
