,task 1,task 2,task 3,task 4
0,0.06481481481481481,0.06648148148148147,0.0625925925925926,0.05707818930041153
1,0.10032407407407407,0.04907407407407407,0.052222222222222225,0.04666666666666667
2,0.0961111111111111,0.0898148148148148,0.04722222222222222,0.04037037037037037
3,0.07944444444444444,0.08148148148148149,0.07296296296296297,0.06185185185185185
4,0.0811111111111111,0.08944444444444444,0.049629629629629635,0.041851851851851855
5,0.08851851851851851,0.06240740740740741,0.05722222222222223,0.04703703703703704
6,0.05611111111111111,0.09555555555555556,0.03,0.030000000000000006
