,focus,distr,own,office
0,-1.6765800918463594,-5.72432140427865,-8.610108857908594,-6.078477558279705
1,-1.0015108479994836,-21.60677354346106,0.5328239900951095,-5.351221760505005
