,focus,distr,own,office
0,0.2358527364951616,-13.747186999692914,-0.5298578122286635,-2.040178478194081
1,-0.5667552182050921,3.16250268590729,-0.1476025294810944,-2.3081701381848396
