,focus,distr,own,office
0,-0.02781724347298112,-0.07431542197935642,-0.04270795385549477,-0.07257134183363691
1,-0.03874316939890705,-0.05107468123861568,-0.01974499089253182,-0.08349726775956284
