,task 1,task 2,task 3,task 4
0,1.082391586246133,1.7534659731059234,0.8146900082417634,-0.9548217869836616
1,0.9820654887442303,1.387867896644518,0.5663508638514604,1.846242739375649
2,0.8273448669511021,2.064239301493012,0.7879861988050854,4.204901088007168
3,0.9303920220113904,1.4349641214605293,0.7186959834661767,1.3356839973766987
4,1.4567080062755133,1.1612097216681885,0.5923719684907706,1.1473213044425232
5,0.8631396893247693,0.9598319494269436,0.6776814192954569,0.4856850633198635
6,0.7289890546194004,0.7905430956595125,0.5864876439885811,0.9069684453012316
