,focus,distr,own,office
0,0.7312627356948567,-0.14741089856770087,-5.229523936322551,-0.4071536641591907
1,-0.20916815184757112,10.708264310041585,-1.0477495624587052,-0.6436234838843454
2,-0.1502514065329339,-3.763612900963386,0.8319124214693193,-1.3482465942363595
3,-0.4105861007164678,-1.1787822458282606,0.13086146012520625,-1.0339716828094996
4,-0.5022065771191194,14.3254796359169,-0.20066416377775612,-0.5202386033399583
5,-0.9456868725384515,-2.4629424506240656,1.0891421874106364,-0.8210469094981647
6,-0.6013920522642644,-0.412309742334327,0.6346573079357815,-1.0460937259920091
