,task 1,task 2,task 3,task 4
0,-0.2221966539220904,10.659700187498279,0.24841809223901898,-4.871623088606451
1,-0.6280799550364479,-0.09068078966031605,-5.711616251242115,-1.0754789969034328
2,-0.9075261876551166,-0.08059372571754993,-3.887260299027826,1.685782131190632
3,-0.9425159448000692,-0.31321178729125093,-0.8231420913870654,-0.010323729165070702
4,-0.40204198683397024,-0.26185346688770056,-5.1003500807302515,9.05469077789863
5,-0.6725441871167378,-0.8519448377615199,-0.8054875105962059,-0.8528221907130421
6,-1.0953530443371255,-0.2834953228725828,-0.25820088209806624,-0.4810001561464336
