,focus,distr,own,office
0,0.2430765704498163,0.28177780857820145,0.2575752953033843,0.46425144005240504
1,0.6164167831385174,0.39621943804507986,0.3277850992602128,0.3474444814292871
2,0.32757870993563254,0.56629329244459,0.4433192251999202,0.6040880939446296
3,0.21480086991164649,0.37708042054486585,0.37411375569249555,0.8993404843703445
4,0.3629087746863191,0.6428653392913908,0.4752431237816571,0.6101050708884669
5,0.322320640790538,0.7937175400513622,0.4575551481402258,0.8490948035892294
6,0.5386290506128547,0.6185240175572216,0.4111658055487378,0.6255104101018673
