,focus,distr,own,office
0,-0.20339511756152842,1.1584796245390325,11.62610496648375,0.691800734352979
1,0.18770791339018136,0.6225466895235177,0.937264379861558,0.8041009258054914
