,focus,distr,own,office
0,0.8550765884284409,0.7633786303062529,0.8051140535750786,0.6445088854023205
1,0.7695396870402366,0.6544970890916249,0.7495173225905032,0.6618434582374259
2,0.7513250721926266,0.56722028495505,0.5687109271867689,0.6655902447699764
3,0.7715455645486645,0.7321293009763039,0.5652133463355508,0.4959885307885686
4,0.6698026159543472,0.47901502047238537,0.5626079932563114,0.5595766358519332
5,0.7759583392605837,0.4449912889852065,0.6031072490892414,0.4445916206886627
6,0.5891106032539157,0.4364376460306577,0.5865377227216224,0.4597774468403474
