,focus,distr,own,office
0,-0.3643026732628872,8.954511274600977,0.9424052831334192,-0.5053568230770202
1,1.0673469473813155,-0.03763166331732494,1.6153651836823062,-4.718621901587295
