,focus,distr,own,office
0,0.08789948808810787,-0.08381663725465636,0.6601552144222561,0.3582037990340945
1,-0.07990187409731572,0.20740762267313614,0.5751535479271288,0.45539639362989953
2,0.39002442871901294,-8.527947224116955,0.4405067927489265,0.44754961370250473
3,0.46528226926288,-0.08929717072041111,0.31284901929809344,0.4884864860474661
4,0.3620302686676859,-0.06250085121113959,0.38338335935277995,0.2980322332893848
5,0.7258706632389457,0.7045217433942558,0.4977294424663521,0.7046429027394728
6,9.908957174636889,-0.04923659426158974,0.37717980316381,0.5994054599847679
