,focus,distr,own,office
0,0.158653440999841,-0.0992237034498908,0.6906047537089149,0.6079577552981903
1,-0.02191205150756416,0.11661177541060223,0.5544860401943,0.6639032433348571
2,0.42034247844162304,3.9029609958559432,0.3888990765870363,0.4221231778184931
3,0.4832179147417554,0.2472386323319297,0.30423928798194555,0.4963041538938348
4,-1.5153978935099797,-0.03823693286587182,0.420607748659754,0.5262492657817698
5,0.9535668141148799,0.626164305183329,0.5020711003679744,0.8026395097502359
6,8.295386718163384,0.021072011309529126,0.40491538471980515,0.6701672106109663
