,task 1,task 2,task 3,task 4
0,0.3173651027200324,0.4638934097448695,0.6462301951606195,-0.7015559541322675
1,0.3438107818680389,0.16167359108861826,1.6156362621314282,0.13229008734136247
2,0.41160156201074033,0.3186344810599219,0.4702712294648821,-0.8178289082423534
3,0.4782167558654626,0.4144025275537511,0.5627326558900118,0.08139299091632758
4,0.5298150079627204,0.3674561786220642,0.7132001487576513,1.158624971599376
5,0.49611424099230333,0.42305170043783163,0.5492318434743119,-1.0437081761215092
6,0.6063703526700995,0.5674960687705641,0.8618587543106719,0.2289550882946974
