,task 1,task 2,task 3,task 4
0,0.006071645415907705,0.013931390406800236,0.006035215543412249,-0.007220535654051149
1,0.041580904675166966,-0.0034760170006071732,-0.004335154826958122,-0.017632058287796005
2,0.037367941712204,0.03726472374013357,-0.00933515482695812,-0.0239283545840923
3,0.02070127504553734,0.02893139040680023,0.01640558591378262,-0.0024468731026108244
4,0.022367941712204003,0.0368943533697632,-0.006927747419550716,-0.022446873102610825
5,0.029775349119611407,0.009857316332726157,0.0006648451730418764,-0.017261687917425637
6,-0.002632058287796002,0.04300546448087432,-0.026557377049180347,-0.034298724954462664
