,focus,distr,own,office
0,0.7236792952391308,0.6301084207774635,0.8810482248122109,0.8048777945083785
