,focus,distr,own,office
0,1.175492814930695,1.6387911435407003,1.7094774208355368,0.7752781724745463
1,0.016979180856060965,-8.971754736963623,3.411236247244798,-2.5919106047576963
2,-12.983324018822197,-8.584097154658268,-1.3238957284007637,-0.5807530188477493
3,1.1833737729377714,-2.172251497353083,1.313462699396042,2.2460280424480508
4,-1.4135009474871296,-0.027515983118094445,0.5331539122346778,3.052694850262682
5,2.267031538159229,-1.461446025328163,-0.6441540509638138,-1.2268706184137035
6,3.0718515659221173,0.3465444969630161,0.27278492201738763,-0.28398918925423444
