,task 1,task 2,task 3,task 4
0,1.0335234526679111,1.8025628878016178,0.7108342253790823,0.28816149952722947
1,0.9306861972810277,1.3509130418297588,0.4364912926610695,4.094376282420873
2,0.7723023857650889,-6.153985010717942,0.74353643437204,-12.054019812571282
3,0.8560407609482259,1.484541485681733,0.6710167365296198,1.5825345846801058
4,1.335677422100274,1.08934649664572,0.525426164440245,1.352190586034803
5,0.8048777945083785,0.8810482248122109,0.6301084207774635,0.7236792952391308
6,0.6258852428511457,0.7050165717076673,0.5252716301744852,0.987096531191331
