,focus,distr,own,office
0,1.0314426403553296,1.3122901534087141,0.5168691139819473,0.9792001491970058
