,focus,distr,own,office
0,0.36003450603238046,0.4088620799650362,0.3316734683392339,0.49814888610660896
1,0.597713837593677,0.50185010552382,0.4283650295590397,0.521565232854443
2,0.4030099705040507,0.6874183197909159,0.5911704278335886,0.5968088539178938
3,0.27863161324710806,0.4464635322946822,0.6375163073758953,0.8151159414575906
4,0.37679662711437656,0.8443428908304291,0.5891073256659932,0.6172731696325453
5,0.3509785207616427,0.7113056173122977,0.5533732613404808,0.866559523535367
6,0.617461885436124,0.5659840909372403,0.5396109368806025,0.6520838031784977
