,focus,distr,own,office
0,0.5401831987424361,0.4016639473975465,0.38658311595907396,-1.9865447222536645
1,0.5202538419899431,0.28755791248457696,0.4532921369590141,0.618006187539801
