,focus,distr,own,office
0,0.0065421979356405585,0.01,0.022222222222222227,0.010239829993928355
1,0.016357012750455376,0.0,0.05055555555555556,0.027832422586520945
