,focus,distr,own,office
0,-0.011080752884031583,0.02718275652701882,-0.034990892531876164,0.011660595021250763
