,focus,distr,own,office
0,0.8682510981498439,0.7699379748452344,0.804595215472769,0.5274590926086845
1,0.6484118534235725,0.6942201502967613,0.7298565105815957,0.6898176959231895
2,0.5911620717295555,0.5241535535522233,0.5442399243956608,0.6866765187523101
3,0.7936851101745113,0.7271876676785052,0.6310739165225242,0.4100000589775824
4,0.6845954091782787,0.46464289835565464,0.5377733639821236,0.5118543246507
5,0.7550738381698316,0.37343470244519616,0.6676514457607174,0.42583904902552705
6,0.6223136254646493,0.466683376632179,0.5967703687754999,0.4977452671927634
