,task 1,task 2,task 3,task 4
0,0.046975556052063945,0.051623001299580175,0.07255031710240245,0.545053202500118
1,-0.164580523545802,0.027102596443799726,0.15153935542254515,0.34583890337043965
2,0.7840978438679217,0.2011363472354307,0.15313224048868013,0.2899420893735538
3,-0.6865711175508421,0.19105602882299136,0.1120938735594157,0.42009617247705444
4,-0.42835721902050056,0.21319685914120112,0.08409534649156063,0.6973261264724621
5,0.6937375100339146,1.1750596586924997,0.18301600229238765,0.4569407909378928
6,-2.287694156410681,1.0774126449343524,-1.4093051625860828,0.4453783598402949
