,focus,distr,own,office
0,0.8149215812768112,0.6024236770580172,0.5157294862115526,0.4376903683578844
1,0.6135543994435236,0.6061714641565531,0.5613383530637881,0.2600751481628126
2,0.5615969962443167,0.5186000777785023,0.5525774965160385,0.31541820167274764
3,0.6735941285788759,0.5811557657936205,0.5121972755424142,0.27513537468254357
4,0.6582672711160517,0.45499593225229296,0.6312038503877638,0.3725101241925337
5,0.5394456077742069,0.2940066946430249,0.5471547136764234,0.3887617700995664
6,0.5131727052576163,0.3161259471630886,0.4989076137602973,0.3667121511243239
