,focus,distr,own,office
0,0.029775349119611407,0.009857316332726157,0.0006648451730418764,-0.017261687917425637
