,focus,distr,own,office
0,0.6926836520123594,0.42261599798509614,0.4483117975836086,0.4136556917334718
1,0.6398365739055978,0.31433058751540266,0.5840822433795989,0.3802499577107307
