,focus,distr,own,office
0,0.5236771324927919,-0.09989581978662489,-2.0292753936507855,-2.1716871922432754
1,-14.829408375558758,-0.5882451058498456,-1.987897970598226,-2.442970149241424
2,2.7861677246311713,-0.8095424739297363,0.12994172488271846,-1.645840933122354
3,4.091918394794656,1.680692028572281,-1.4047191432722037,-2.136742132109434
4,4.07848577403194,-1.0814010658028292,-0.8834936027491122,3.9245022470721196
5,-1.753304834866246,-2.1349934363524055,-0.7745911950790288,-1.579019029688811
6,-0.4056638884621,-4.104061413316787,0.8794194985200755,-1.3366779179871748
