,focus,distr,own,office
0,1.0269915686713622,0.5264489982165814,0.6449287547953133,1.1803018580197722
1,0.9314267091154649,0.5352763934629301,0.13146419812869742,
2,1.010446270751494,0.872884979947043,1.1124846651200468,-2.634004589867316
3,1.5464203668585808,0.45664486403547033,-0.18774053803995316,0.4030975192764196
4,0.6206867933247445,0.5580245870421847,0.11158373119566553,0.43792043491441046
5,0.20815444729053145,0.5285166562740025,0.12433136084970152,0.4944004089185047
6,0.6363391487879251,0.3797591812491707,0.6251042621971212,
