,focus,distr,own,office
0,-0.23751209271362117,-0.25333028830906223,-0.04696804554136551,-0.16530050774311794
1,-0.11587937940336387,-0.15155543040582284,-0.12944762697039341,-0.26792860468871604
2,-0.0809664652103119,-0.12252360285092895,-0.0689534506775905,-0.21887639253010058
3,-0.18883928134364403,-0.04661311967245102,-0.554722098945045,-0.27178165191446
4,-0.15583981186746912,-0.23498649945287176,-1.119688882802702,-0.44015355501958553
5,0.012704698149120544,-0.14304835048810116,-0.9432322594157749,-0.3867751153501641
6,-1.6701498415018803,-0.14112863838797052,1.974567849525566,-0.2058638839499901
