,task 1,task 2,task 3,task 4
0,0.0,0.0,0.0018518518518518517,0.012037037037037035
1,0.0016666666666666668,0.0,0.0,0.0
2,0.0,0.0018518518518518517,0.0,0.0033333333333333335
3,0.0018518518518518517,0.0016666666666666668,0.0033333333333333335,0.0
4,0.005185185185185186,0.0,0.0033333333333333335,0.0
5,0.010925925925925927,0.01,0.0,0.005
6,0.0,0.016666666666666666,0.0,0.0
