,focus,distr,own,office
0,0.285573184997637,1.8449454753387855,0.025717636764783978,0.46787478543952665
1,0.7818525692972126,3.449441883926902,-0.28518288909060674,0.21385637137079563
2,0.7489610998634384,2.4908575964215647,-0.47639347958656447,1.450311012263357
3,-3.871245564990859,1.2906651538873368,-2.518082296248728,1.0487204263535674
4,-0.7037846637237175,1.2608193002841712,-0.4658225435428693,0.37804517605243104
5,-0.3150309837930953,1.1046934167270899,0.07223972365016705,0.45767954935069316
6,-0.14329531087840988,1.4521990502108832,0.27442610428907604,0.7858099518991238
