,task 1,task 2,task 3,task 4
0,0.8728401754757135,0.8420461187403037,1.0476713603597687,-0.7010292340624469
1,0.7362698433448983,0.7618392554877498,0.9821240845328676,0.5829207615247604
2,0.8499448769164274,0.7853863953515661,0.955002913009286,-0.0014522794384903375
3,0.8641597806664514,0.7992900362055039,1.0339380296644392,0.3172898750184402
4,0.7978544764587777,0.7026326352947089,0.7411966114075345,0.2329682749570213
5,0.8917998557015693,0.802939889493476,0.7202284695673596,0.23736372300575406
6,0.6831250991700641,0.8398971091746467,0.6332628870558309,0.10189821701764774
