,focus,distr,own,office
0,0.005657934810938509,0.5317024336666791,0.2392773044021863,0.19062906534165264
1,0.13014097613631415,0.6310425138421285,0.21844324396249098,0.2837072798055582
2,0.11183746928598118,0.3750549412329757,0.4091403368708212,0.45838430943076147
3,0.19051105083258352,0.5674233392879938,0.37784297563203306,0.47967202377607376
4,0.29212334592345257,0.7187588583658193,0.26316257467848325,0.33538646979445463
5,0.20715898423192108,0.5267137997523881,0.46423937854492076,0.4296361692407389
6,0.3031965387373272,0.9776902047463936,0.6231478599091717,0.4948573252944951
