,focus,distr,own,office
0,0.0016666666666666668,0.0,0.006666666666666667,0.01611111111111111
1,0.02,0.0,0.02,0.0
