,focus,distr,own,office
0,-1.7391531388066683,-1.2824389222145414,6.160530265615562,0.6604790010416858
1,0.4370347631109414,0.7906412622395281,0.8124720262810471,
2,0.36010752853912936,2.6855790999331632,0.3119333415061172,0.2489285258315043
3,-0.01444274476333248,-0.6893392029517958,1.450393252711324,1.0397065693918506
4,0.7311587237358328,0.5600855161179921,-5.155544641641404,0.4582922819067697
5,-2.605186521987467,0.439464630455399,0.10675738522797514,5.579899186541995
6,3.606487312044913,1.1710878837441028,2.7110127364282937,
