,focus,distr,own,office
0,0.7140153682687642,0.39214314452600596,0.47917495633900425,0.39992142463413716
