,focus,distr,own,office
0,-1.6296407274393003,1.3452221892308824,1.7846973885625141,2.39588450186885
1,-0.6128478421190294,1.1638067300843022,4.849124178399207,1.347143869212492
2,2.422195646357809,0.988880510356191,1.6556301829457467,1.0612766872902577
3,-1.141977054778115,1.2458044304637417,-1.182591665993382,1.3223729519386753
4,-3.6680559314358816,1.2161679549095654,-11.666911048558129,2.313035753390453
5,-0.23935638155735614,0.940602557201688,0.43513292162130374,1.4668902683678875
6,-0.5755774331723719,1.4446070982784376,0.8921921645732177,0.4867519550792439
