,focus,distr,own,office
0,-0.2073459987676154,-0.25022015092380995,-0.24073610077549956,-0.2308781220119277
1,-0.1438209440685191,-0.19361378575167884,-0.3804364718779016,-0.23880431880395303
2,-0.1411146373950398,-0.11653053509512941,-0.15221187586899587,-0.2897738606880982
3,-0.20426549191599466,-0.06450452601125738,-0.36136907048597977,-0.5175961947527978
4,-0.3103016166683406,-0.2400366614472124,-1.1968747474847048,-0.5139605599709606
5,-1.5736413158025242,-0.16267409836975966,-3.0004270509659356,-0.4004951036471094
6,-0.97131544955,-0.11604018306094627,0.6004724824594234,-0.2866065102914627
