,task 1,task 2,task 3,task 4
0,1.3112855501654208,0.24373974593069483,0.4609736386071903,-0.2164513661760844
1,-4.171647598117954,0.14426464321608565,1.1495932779610127,-4.351994405119587
2,-4.673196381881345,0.9243645895094766,-0.15947927520445224,-2.1777687668866332
3,35.54230380558298,0.39369169362216766,-0.9364262237036689,3.166836386316182
4,0.08928968016353366,0.9867350516528943,7.909892359041662,1.1415818076316409
5,1.7718546816169258,0.5826615464387633,-0.150917011325315,0.8073083745671888
6,0.5978241732703583,0.1998310933994065,-19.1186867206407,0.9997437218812996
