,focus,distr,own,office
0,0.9718839398801887,0.8547008950366468,0.8821295841281093,-1.2549831029796537
1,0.7575402143611975,0.7992453920093534,0.791831995123049,0.7340186506788912
2,0.8355397068850645,0.7487764386792305,0.8360529971943969,0.06795873665003756
3,0.868031587415025,0.7727269660080544,0.8448935101487831,0.2700593396406848
4,0.8294090634497393,0.7202148047903089,0.6611151699133667,0.14433393288549878
5,0.8978983748422942,0.7886589773607363,0.6489253036007493,0.1707554929453768
6,0.6719619760332404,0.8469612852417321,0.5198533243757754,0.11174222025079374
