,focus,distr,own,office
0,-0.150917011325315,0.5826615464387633,1.7718546816169258,0.8073083745671888
