,focus,distr,own,office
0,-2.42428134118794,-0.1879648462658115,-1.2203498847160694,-0.5976976905659859
1,-0.23906154741565278,1.0980913373573105,-0.9795836697399753,-0.2884076276816847
2,-0.0461418719550855,-1.7306181544964434,-0.5159453966181365,-0.687151894887287
3,-0.33632826202369537,-0.6508334792660729,-0.11498514686516832,-0.6388570498429902
4,-0.026325671814967463,-1.906942151377463,-1.6687776717677478,-0.6963540507964676
5,-1.085367095690331,-0.3143718557882781,0.049307095208092205,-0.612306062074508
6,-1.001499465974657,-0.3545149981634184,1.2375640419908758,-0.4465270643629264
