,focus,distr,own,office
0,-6.978666915718915,-1.342772840159743,0.3807883922861486,8.461372460762695
1,1.0788145829295313,-0.5213595159086919,-3.998118440676196,-63.90645481539715
