,task 1,task 2,task 3,task 4
0,-0.07016292248532681,-0.06076603926330704,-0.08826350941105032,-0.06571948998178506
1,-0.07133576199149964,-0.08255616272009716,-0.07122647237401329,-0.053867638129933226
2,-0.05096539162112928,-0.07366727383120829,-0.06474499089253181,-0.06757134183363692
3,-0.050039465695203345,-0.07700060716454162,-0.06344869459623552,-0.029793564055859142
4,-0.04800242865816631,-0.0433894960534305,-0.054374620522161445,-0.06646023072252581
5,-0.04615057680631446,-0.07996357012750457,-0.030856102003642926,-0.07090467516697026
6,-0.04423699655940088,-0.016630236794171242,0.0009494535519126296,-0.034608378870673966
