,focus,distr,own,office
0,0.47546372093834116,0.27447629531899714,0.1372932303671551,0.5240925231764121
1,0.8522758300381509,0.47022213845186683,0.3590907284144431,0.8879675450728955
2,0.45527792045108306,0.4887539809759384,0.2806854224203806,0.7489788325800478
3,0.7871857153877576,0.4791626974653609,0.24136694794462946,1.6643659671076618
4,0.5255485463726762,0.5489590868366195,0.5370008156173022,0.47438905565466566
5,0.4437165078785925,0.38554505338037104,0.42405611189190867,-2.0099251477806153
6,2.0401865509322037,0.310414630179552,-0.021005229375274825,1.193535155051447
