,focus,distr,own,office
0,1.774152436509879,1.8836070407806236,-0.9907295503553092,0.47557157012639567
1,0.5507975670950506,4.972762721215722,-0.3504821692920619,0.3852774876031028
2,0.411516292933415,0.8423967248910218,-0.5421731474914694,1.5885160305050097
3,-6.8858577001076595,1.1640381669532978,0.4648070195969352,0.8040955716321817
4,-0.8525390362012989,1.345061850604328,-0.31335697276667446,0.4235418530465342
5,-0.27952290793225365,1.0516069773981478,-0.01665100062837783,0.5261133493661153
6,-0.13988770661006172,2.6560454101677906,0.3935652868636924,0.4734196892432451
