,focus,distr,own,office
0,0.1901109587695795,0.04741656403709832,0.020999344573765084,0.34837262905731325
1,0.14568048093607672,0.09192559446918874,0.16983328253956276,0.29646893882051506
2,0.05700112296566952,0.1418333696005836,0.1441436099760573,0.273986785758486
3,0.17826246930885312,0.13447236850208927,0.14157133088622745,0.3092388688001937
4,0.739841949483815,0.13606303550402782,0.17108711366226143,0.41844336099176294
5,0.5079868100958729,0.16747719461740015,-0.04004849968985448,0.3052362481629051
6,-2.51661796863104,-4.181801630020807,3.3042722064219863,0.4100153265813133
