,focus,distr,own,office
0,0.006666666666666668,0.005000000000000001,0.008703703703703705,0.005000000000000001
1,0.01111111111111111,0.0,0.0,0.0
