,focus,distr,own,office
0,-0.029599271402550104,0.049960534304796606,-0.034250151791135434,0.0045772616879174235
1,-0.007562234365513066,0.015701275045537342,-0.0283242258652095,0.015364298724954463
2,0.015956284153005453,0.014034608378870668,-0.02313904068002431,0.00888281724347298
3,-0.007191863995142696,0.018849423193685485,-0.008509411050394681,0.018512446873102616
4,0.00021554341226471055,0.03421979356405586,-0.011657559198542828,0.02054948391013965
5,-0.011080752884031583,0.02718275652701882,-0.034990892531876164,0.011660595021250763
6,-0.01626593806921677,0.030145719489981782,-0.05610200364298728,0.0031420765027322444
