,focus,distr,own,office
0,-0.05475460991320038,0.937326454087985,0.14504734821770338,0.40999780736148234
