,focus,distr,own,office
0,-0.6481038127273104,-1.0066331585583672,0.9208188344448284,-0.7002607141430303
1,-2.2782470835312583,0.024726057917224643,4.17440125580643,-0.3936626387081448
