,focus,distr,own,office
0,12.01599515860354,-3.5842089595326843,0.7768240972221566,-14.498762601161687
1,14.261686356817947,-40.37079814575148,0.8271461938495337,3.8434198964302966
2,-35.91156714476486,-17.774905077821703,-5.597122995998721,-3.093499524601594
3,-5.259064141795901,5.247928168463875,-12.431803359240805,-5.66624347862193
4,-3.375399947406972,-4.954872312583964,-3.0108441946363023,-2.9938730705483017
5,-2.577749164439305,-3.731112720732776,-1.2103726669081798,-3.5492706706787867
6,-1.2431966340275915,14.736780238907059,0.15521331993095752,-3.1757791780007816
