,focus,distr,own,office
0,0.5209267782545702,0.07348166298317096,0.048051368625142844,1.4416701874816262
1,0.07711385055562307,0.15964148108122367,-0.9112190524526084,0.320428440219474
2,-0.04686348054241211,0.13993409734280007,0.1890550703859045,0.2545705567375192
3,0.5537183812596679,0.11233189470022835,0.14540554688639507,0.29066273562259864
4,1.859902925172797,0.04452770534761489,0.17987304416138197,0.5377888564662555
5,-113.5535964247051,0.181323598065206,0.12103271385960916,0.32167021442780847
6,-0.9113124604887355,3.3745515610163053,0.9931715204668722,0.4111716845564865
