,focus,distr,own,office
0,0.4554553015892385,2.3183961736487837,0.5271099323221407,0.9060186016254796
1,0.10020337705569277,-0.11254251524256959,1.10197096804217,-0.23574049634741323
2,0.036795347558811614,2.3038153686936207,0.9679573180602545,-2.0035177707394793
3,0.5018183078167903,0.625411413858107,0.32235783493287334,2.3488573937228647
4,0.34113197529864353,0.3512943751138497,1.0422866165781564,0.9370424697956472
5,0.6576270052944085,-0.11078183426844798,0.6994243157933016,1.9637379021205628
6,0.19422914943126304,0.3719897595632729,0.7769012567292082,-0.19009005623673952
