,focus,distr,own,office
0,0.29850282614224816,-13.068363655165333,-0.49967959106170506,-2.1623639849716723
