,focus,distr,own,office
0,0.9484854394209442,1.3699536546052267,0.49021939413441346,0.8947416340888653
1,1.6373187732834713,-0.01629982963827371,0.5575669126377029,1.073955306031023
