,focus,distr,own,office
0,-0.1565490388680886,0.31159598871335864,0.41605230238832863,-0.040808605615816486
1,-0.8988536109664188,0.14500974997544663,1.876523297013106,0.9780914262848602
2,0.35114634893194224,0.654478801733228,0.6229779856628284,1.252885275836663
3,-2.4598375600829927,0.7772780118694862,1.938659229700977,-0.08600175083576304
4,-1.1039848166066202,0.7949909046453373,-0.7606861696330384,-6.268902799158546
5,-1.886681909053148,0.5229299812877446,1.9483860615972641,0.38123405445266795
6,-3.5429760623393376,0.2107077790757597,0.5147321176347809,1.1124360053893905
