,focus,distr,own,office
0,-0.004890710382513662,-0.0016393442622950822,-0.006557377049180329,-0.0016393442622950822
1,-0.006557377049180329,2.732240437158546e-05,-0.0032240437158469943,-0.0016393442622950822
2,-0.006557377049180328,2.7322404371584808e-05,-0.001557377049180328,-0.0016393442622950822
3,-0.004890710382513662,2.732240437158488e-05,-0.004890710382513662,-0.001639344262295082
4,-0.006557377049180329,-0.0016393442622950822,-0.004890710382513662,-0.0016393442622950822
5,-0.006557377049180329,-0.0016393442622950822,-0.004890710382513662,2.732240437158553e-05
6,-0.006557377049180327,0.023360655737704916,-0.006557377049180328,0.006231026108075289
