,focus,distr,own,office
0,0.40897681571714406,1.1849191723007721,1.4421025344718064,0.9056227842667086
1,0.4383006036365564,1.173315519500566,0.04193993902480422,0.9720579141129024
2,0.8651566032709523,1.017486344247319,1.6721492246742438,1.0934596069811309
3,1.0204799871214632,1.1759036981069069,1.0050904597790704,1.6597773527182935
4,0.562339372849958,1.2117781775741125,0.8633306238115936,1.0633659801803201
5,0.23263509673485294,1.0021696137854628,1.7594583545710927,1.1976231412032092
6,-1.1212067896605284,1.4593399235387439,0.3707606268324531,0.4881325062265132
