,focus,distr,own,office
0,0.43102840988441793,0.8001069050968493,0.7121014219181557,0.9852025798191342
1,0.4194103639704848,0.813735147764395,0.43714637151082336,1.1084568378701432
