,task 1,task 2,task 3,task 4
0,0.09492063492063492,0.0661574074074074,0.07203703703703702,0.08264550264550266
1,0.07657407407407409,0.05944444444444444,0.08785273368606701,0.06671296296296296
2,0.12391975308641974,0.09425925925925926,0.07578703703703703,0.05984126984126984
3,0.06756613756613757,0.08375661375661375,0.10445767195767197,0.15763888888888886
4,0.050555555555555555,0.07444444444444444,0.11851851851851852,0.06788359788359788
5,0.07129629629629629,0.0867526455026455,0.11244708994708996,0.06746913580246913
6,0.21666666666666667,0.175,0.07916666666666668,0.05222222222222221
