,focus,distr,own,office
0,0.20682557751929323,0.2546572923489625,-25.960487589582197,-0.4338090188804669
1,0.8072311519312776,0.16325374814407728,-0.4482537941090152,1.402678862477053
2,-9.239507424231874,0.5265487751183148,0.5653832964298905,1.7829627890646467
3,1.1363810044830889,1.090563927095508,0.0641779292771432,1.0252622431422884
4,-1.3274163084360089,0.6599225076047499,-0.14257908756493182,-0.25205696237938596
5,-2.140426251411998,0.45195934420582323,1.1907991732711023,0.3546412502587654
6,-3.453641692589053,0.2099685090236326,0.5097889618682776,0.8650732739970608
