,focus,distr,own,office
0,0.8013198469473392,0.6379501821999382,0.7389344808887196,0.6194315777155746
1,0.5746534524269816,0.5616864635650752,0.5825917548748679,0.5886076863316473
2,0.686536042644355,0.4407948514373626,0.48815604901580695,0.601545874615053
3,0.7299345818094928,0.6247680439938602,0.4373017226921765,0.4244504195926751
4,0.6480480128761735,0.3480774829771229,0.4700823792681567,0.5106678748095105
5,0.7140153682687642,0.39214314452600596,0.47917495633900425,0.39992142463413716
6,0.4890776341592383,0.4240970565374457,0.5487822128869158,0.4054105735418153
