,focus,distr,own,office
0,-2.257903609908986,-2.9377897876754036,-1.4175272894266566,-1.9493284797158301
1,-2.826434998135583,-2.841866683548088,-3.444608202377264,-1.3349126708788255
2,20.976245372371043,-2.1421233771639336,-3.731532276009162,-3.5022394690389307
3,-3.6078873285741833,-5.7124818911318735,-1.507245350995595,-3.3427581500427133
4,-4.561874909037171,-3.2673959431140616,-1.3714591245684593,-1.9271416875643632
5,-1.7099697666992162,-4.832961154512989,-0.49799763695266075,-2.196898394624448
6,-1.3030991147413191,50.32074603420872,0.21585574262852042,-3.483342085173794
