,focus,distr,own,office
0,0.025740740740740745,0.03740740740740741,0.04037037037037037,0.012037037037037035
