,focus,distr,own,office
0,0.021071645415907708,0.009672131147540973,0.005664845173041878,-0.017076502732240453
1,0.05347905282331511,0.06078324225865207,-0.014335154826958124,-0.014298724954462674
