,focus,distr,own,office
0,0.01740740740740741,0.010185185185185184,0.020185185185185184,0.01333333333333333
1,0.018518518518518517,0.018518518518518517,0.005185185185185186,0.005000000000000001
2,0.014074074074074074,0.023333333333333334,0.025370370370370373,0.015
3,0.028518518518518523,0.017037037037037035,0.023518518518518522,0.01222222222222222
4,0.035277777777777776,0.010185185185185186,0.011666666666666665,0.003518518518518518
5,0.01351851851851852,0.01,0.03092592592592593,0.018703703703703705
6,0.036111111111111115,0.0,0.0,0.0
