,focus,distr,own,office
0,0.006851851851851852,0.005000000000000001,0.005000000000000001,0.005000000000000001
