,focus,distr,own,office
0,-3.219350117604062,-0.10163940006877326,0.9448306246529056,0.9305393498561108
1,1.511273902957778,0.7763422247452446,0.7458175475309577,0.8410623656147619
2,0.7688774109056683,-0.042786092213643045,0.8221465850317043,0.6640049170448852
3,0.6967193421157699,1.1586402773304374,1.5092071229535096,0.6715480854940483
4,0.04181252636113997,0.2789981773277222,0.8896124171368105,1.1107632341853537
5,0.6547002513619539,0.3661307115766163,0.8366106985299911,0.6475532477729139
6,-0.1831851136052072,0.21087913533137237,0.8149019618309288,0.6480014211686337
