,focus,distr,own,office
0,0.8539940812669403,0.6300765455541976,0.5430525571004443,0.4784983088651637
1,0.6523786454148409,0.6296579828363186,0.5874151105333795,0.29107090824782544
2,0.6453243255081174,0.5304307475226274,0.615747373386647,0.3487382784988627
3,0.6871707597479019,0.6006183173683949,0.573108381156273,0.35391325696018267
4,0.6915953677158643,0.47397526952294317,0.6567794368269376,0.46891887690961775
5,0.5829543510350543,0.3179790581160747,0.614306605440786,0.4718989484422998
6,0.548140011825573,0.37927573421476046,0.5579522289375767,0.4420716079822109
