,focus,distr,own,office
0,-0.04615057680631446,-0.07996357012750457,-0.030856102003642926,-0.07090467516697026
