,task 1,task 2,task 3,task 4
0,-2.7987924029568227,0.46267591911803074,2.3413145319616455,-1.6181199572030065
1,-7.0641230130567125,-7.408524844225031,-0.6680393997632709,-1.01127744693949
2,-6.949941352840919,2.374915033373516,-0.7718287128840613,0.41905420083645945
3,-2.6683158836675065,8.554215841372505,1.3302989060527095,-0.387643845556995
4,-2.591475351465533,1.43217752206277,-0.6877451262854817,-0.402060234271629
5,-1.4562717244561594,3.222870059038975,-2.398489837106831,-0.42676911866322936
6,-0.9548576751709873,-0.46654844889748204,-6.249899222964881,-1.2610766325954843
