,focus,distr,own,office
0,-0.03331364380926305,-0.10191044930109446,-0.2650997290831801,-0.23289309577657194
1,-7.367775715426081,-0.24607562285644016,0.6518181362667386,2.347669380646137
2,0.10356419668731974,-0.22404261526626937,-0.3804654440885909,0.042831611345322484
3,-0.18329052800050305,0.5885969265157996,1.0717286756785145,-0.0977460644908532
4,0.20637234125392226,0.7480860643255077,2.293900344039825,0.04738978976591316
5,0.21380118291315897,0.3450428181416312,0.250800415761441,-0.5237750291444284
6,-0.7037692513857644,-0.23115700599270625,-1.6532485970385693,-0.7235731201647955
