,focus,distr,own,office
0,0.3078240740740741,0.026757307658947,0.0993093503339405,0.021634139994795732
1,0.22444444444444445,0.08868852459016394,0.229216757741348,0.3963960447567005
