,task 1,task 2,task 3,task 4
0,0.020170006071645406,-0.20402777777777778,0.20327539971665654,-0.20216803519626833
1,0.0164663023679417,-0.21407407407407406,0.14607742793535142,
2,-0.006867030965391631,-0.11178240740740741,0.12416237796474594,0.05403493364558939
3,0.06086445051608986,0.242797619047619,0.31366120218579235,0.2355706479313037
4,0.011095931997571336,0.12272222222222222,0.056068609593199766,0.13113149449215022
5,0.04064619654783589,0.28138888888888886,0.13745749848208866,0.09185636221701796
6,0.07313296903460836,0.2074074074074074,0.024772313296903475,
