,task 1,task 2,task 3,task 4
0,-0.1861850074137911,7.310647857047357,-3.4271180883651007,-2.333800598005528
1,-9.072038593674323,0.11384905232151414,-0.026913203516693563,-0.06794171127972136
2,-1.0332742515460231,2.043666873925899,-0.9294039795632214,-0.7696048327351175
3,-3154.612747534435,9.172053201572911,2.1086147320868496,-0.03890211139486716
4,-2.209085193352623,0.15695068125327571,1.5257011028598513,-0.7727935592011684
5,-0.21460208896849475,-1.0486624880949282,-2.3911731348344234,-5.779735179471146
6,-0.4571438461913439,1.3252043850474624,0.6217352440071849,-0.31009143895070584
