,task 1,task 2,task 3,task 4
0,0.03252732240437158,0.02650880388585307,0.030212507589556778,0.01545233758348513
1,0.049101396478445664,0.028545840922890114,0.017064359441408626,0.015081967213114758
2,0.05465695203400123,0.02576806314511233,0.037434729811779005,0.02508196721311476
3,0.04669398907103826,0.016879174256223442,0.027064359441408625,0.012304189435336977
4,0.03576806314511233,0.0385458409228901,0.018545840922890106,-0.004918032786885246
5,0.01854584092289011,0.03521250758955677,0.03002732240437159,0.006933819064966606
6,-0.001639344262295082,0.04558287795992715,0.048360655737704934,0.01508196721311476
