,focus,distr,own,office
0,0.5445423683985012,0.3708483985608782,0.5829985611914378,0.3751525492953917
1,0.4847588628996193,0.07588199400072543,0.4200982111430349,0.502521718608739
