,focus,distr,own,office
0,0.34023122149981794,0.19496167655507365,0.16836479521619255,0.2684004744093527
1,0.4788964370142816,0.315615286386233,0.29986058035412205,0.3270019160424974
2,0.34480721219766997,0.34885666299247187,0.2715566306194719,0.3885562226222148
3,0.3415789519130168,0.3340498648003493,0.24477238931354098,0.9617141268872187
4,0.37230569158392995,0.37126839537893014,0.4158773259537894,0.3265971846624679
5,0.31430388712317997,0.29271948983858104,0.3837894365704572,-4.339337447138579
6,0.6786317232395924,0.27614636105331225,-0.6101394758015212,0.8863042667669885
