,focus,distr,own,office
0,0.005334499148058471,0.015267152398299942,0.005239829993928355,0.005112325440194292
1,0.01514931396287328,0.04674863387978142,-0.003278688524590164,0.013260473588342444
