,focus,distr,own,office
0,-0.004228901032179728,0.03440497874924104,-0.03017607771706135,0.013512446873102614
1,-0.005154826958105659,0.05014571948998179,-0.046102003642987284,-0.0018579234972677574
