,focus,distr,own,office
0,1.333879588802924,-0.34192799333908025,-0.031208884659590135,-1.0582059530302546
