,focus,distr,own,office
0,0.18008633031938473,-0.510307149483688,0.7356733990518877,0.7051178367673948
1,0.008614348101438291,-0.0012433975150870265,0.5830955228118655,0.7835705305933557
2,0.4586688317409859,0.7896760555714755,0.39163125207529054,0.4499163362187419
3,0.5281610634012056,0.10319135764778449,0.30117661669445,0.5456786111431239
4,-0.29501602165561175,0.11557754443586594,0.43031396441138253,0.6172194720059568
5,1.0314426403553296,1.3122901534087141,0.5168691139819473,0.9792001491970058
6,-417.1098392494558,0.04744937052638351,0.41088913463134646,0.7828907595117581
