,task 1,task 2,task 3,task 4
0,0.022751322751322755,0.006666666666666667,0.0,0.0035185185185185185
1,0.0,0.0016666666666666668,0.0,0.018703703703703705
2,0.003518518518518518,0.10302248677248678,0.005185185185185185,0.0
3,0.012037037037037039,0.021666666666666667,0.005,0.011666666666666667
4,0.007037037037037036,0.0016666666666666668,0.010370370370370372,0.0
5,0.005000000000000001,0.005000000000000001,0.006851851851851852,0.005000000000000001
6,0.012,0.0033333333333333335,0.0,0.0
