,focus,distr,own,office
0,-12.538870023426254,0.92321444897636,1.6084003846130779,1.160397699115822
1,1.3784008418426523,0.5655730739209359,1.2581069053184983,0.9302932948259811
2,7.875170778390586,0.824996084466263,2.521815636776663,0.7342729452774797
3,1.3990048204874939,0.7894281934823865,1.2139481837564112,0.809811781371445
4,1.2931940018572465,0.6406263964434304,1.1260728790162033,-0.39458829420355074
5,-1.3301900617791311,0.7224670500822418,0.915028371500254,0.9013236161876265
6,0.9302467369462686,0.5595625850048287,0.7012025186056756,0.9397217435642105
