,focus,distr,own,office
0,0.6502470533808792,0.1481505456006966,0.9896627365505007,1.0260753878632825
1,0.7136240136092872,0.16388361023935527,0.5126969104223398,0.21361145848013335
