,focus,distr,own,office
0,0.01137956457628587,0.010416666666666649,0.05156908665105384,0.030555555555555555
1,-0.004552975106253808,0.0037037037037036813,0.03322252580449301,0.046371252204585545
2,-0.011424668227946931,0.0385185185185185,0.08056820481683867,0.03430555555555554
3,0.08637295081967211,0.028015873015872998,0.024214589296556496,0.06297619047619048
4,-0.0033823401856188907,0.01870370370370368,0.007204007285974481,0.07703703703703703
5,-0.003796802266747638,0.03101190476190474,0.027944748026715222,0.07096560846560845
6,-0.019043715846994557,0.11925925925925925,0.17331511839708558,0.03768518518518518
