,focus,distr,own,office
0,0.03261600981745313,1.8623317901017995,0.09472925138796391,0.44613866110448286
1,0.49346396430166967,-10.497653166413707,-0.27791395797491186,-0.20310263988865784
2,1.0377475367963467,-4.9159976361438344,-0.5302901641670362,1.4482025409308648
3,1.3231558872896378,1.0336270602529996,10.56384392144853,1.0117276983792332
4,-0.4119360998226797,1.046152823239222,-0.6067039881042168,0.30823424697912577
5,-0.05475460991320038,0.937326454087985,0.14504734821770338,0.40999780736148234
6,0.05123722946910733,1.389557540845105,0.3641355396430115,0.7523865086017939
