,focus,distr,own,office
0,-0.07135028519297078,1.3276057212347634,1.290106248687149,0.8380514889882693
1,0.1175414914041015,1.527783486566884,2.4009708065855246,0.8189337375552426
2,-0.1749416198514278,0.9558454556574818,1.2324260262542333,0.0481358991612648
3,-0.0808234939199178,-0.14262546222795147,0.5919906151258872,1.7880136695041227
4,-1.2791966373800294,1.5201319023696973,0.8129077434964287,0.5745955846482647
5,1.5450677466651044,1.249623425027182,0.7780563075216609,3.438380112250882
6,0.04328761290078905,4.317595244254118,0.7121093853701744,0.494415675490809
