,focus,distr,own,office
0,0.2958296825430089,0.16758949042116017,0.14143110502742973,0.32675838343218133
1,0.4014141574577976,0.2909386573018887,0.22971126442210038,0.25873028047145735
2,0.3343851221561168,0.31424458913454134,0.2841742123107628,-0.4032708109784079
3,0.26724649137950074,0.29618880425784466,0.2042657644689863,0.25511437082652927
4,0.24801586986703666,0.3538542138597852,0.39238418235022404,0.5614481225293806
5,0.3026060880395479,0.27586181462646253,0.35467462843140635,0.5474860849948686
6,0.5265898365446979,0.2850530644985302,0.4903810072609475,0.7001301151225641
