,focus,distr,own,office
0,-0.26902940913242596,0.948478778560229,10.879854897690235,0.7437381820032142
