,task 1,task 2,task 3,task 4
0,0.5962178181054102,-1.2558549938000825,-0.7266197311686623,1.757523149098727
1,0.37085479913244673,1.3812563627198473,0.5911708391069505,
2,0.5095670148207481,2.579138915236245,0.10388082581224393,7.2043757986763035
3,0.2993027484001956,1.1241284184232188,-0.24569962371453205,0.5279136512254856
4,0.2482031604391537,2.2102172425076247,0.016409610958584106,0.33248306721305243
5,0.6204170439177638,0.08036878769789754,-0.5089585313817772,0.3396631826381827
6,0.4498638113738329,0.26576888305460816,0.4453583011787595,
