,focus,distr,own,office
0,2.1015239509472643,0.8187225054936604,1.4061564750108886,1.1814935827513877
1,1.1782443436324601,0.5446727688681005,1.254145339964063,1.0021580241991024
2,1.7513471186519443,0.8389521001223316,0.8447194000446683,0.6701285774345465
3,0.8497795668387098,0.7001841984120627,1.1564655939626705,0.7017506812913371
4,0.8561187150293407,0.5677176063014888,1.0894883526185781,0.8148174742292071
5,0.9964759796385467,0.6824898634469754,0.8272286647920816,0.9214832111543519
6,0.7545633000868017,0.5265499440122771,0.643055017110043,0.9719799717309942
