,focus,distr,own,office
0,-0.25366466456144326,-0.2601632068761029,-0.24891786208182676,-0.17476683211899405
1,-0.1630978639018927,-0.201726950047295,-0.39240331038779236,-0.16899634674528843
2,-0.16211595573033957,-0.12181494448928622,-0.1323570785624344,-0.2062054635397026
3,-0.23251534632190274,-0.06801043616201823,-0.35187749989233313,-0.4080592676949966
4,-0.38481833154408235,-0.2482046760812923,-1.5441775687409993,-0.40960590788845536
5,-2.76777390076097,-0.17020803745573262,-0.552692555941289,-0.3012434258676487
6,-1.2682173627195406,-0.12057768693247838,1.102484465077904,-0.21093531011286806
