,focus,distr,own,office
0,0.013764420157862783,0.010185185185185184,0.018518518518518517,0.010054644808743171
1,0.014875531268973887,0.018518518518518517,0.0035185185185185193,0.0017213114754098368
2,0.010431086824529446,0.023333333333333334,0.023703703703703703,0.011721311475409836
3,0.024875531268973888,0.017037037037037035,0.021851851851851855,0.008943533697632058
4,0.031634790528233155,0.010185185185185186,0.010000000000000002,0.00023982999392835411
5,0.009875531268973893,0.01,0.029259259259259263,0.015425015179113538
6,0.032468123861566486,0.0,-0.0016666666666666663,-0.003278688524590164
