,focus,distr,own,office
0,0.4921212970085113,1.1777300840152285,0.7131862681032484,0.5635022977610169
1,0.25456020808169205,0.925481962023554,0.7586456675362305,0.17048147229501226
