,task 2-task 1,task 3-task 1,task 4-task 1,task 3-task 2,task 4-task 2,task 4-task 3
0,0.6710743868597904,-0.26770157800436967,-2.0372133732297946,-0.93877596486416,-2.708287760089585,-1.7695117952254251
1,0.40580240790028765,-0.4157146248927699,0.8641772506314188,-0.8215170327930575,0.45837484273113116,1.2798918755241888
2,1.23689443454191,-0.03935866814601674,3.377556221056066,-1.2762531026879267,2.140661786514156,3.416914889202083
3,0.5045720994491389,-0.21169603854521368,0.40529197536530837,-0.7162681379943526,-0.09928012408383058,0.616988013910522
4,-0.29549828460732486,-0.8643360377847428,-0.3093867018329901,-0.5688377531774179,-0.01388841722566525,0.5549493359517527
5,0.09669226010217435,-0.18545827002931237,-0.37745462600490576,-0.2821505301314867,-0.4741468861070801,-0.1919963559755934
6,0.061554041040112084,-0.14250141063081934,0.1779793906818311,-0.20405545167093142,0.11642534964171902,0.32048080131265044
