,task 2 minus task 1,task 3 minus task 1,task 4 minus task 1,task 3 minus task 2,task 4 minus task 2,task 4 minus task 3
0,0.0,0.0018518518518518517,0.012037037037037035,0.0018518518518518517,0.012037037037037035,0.010185185185185184
1,-0.0016666666666666668,-0.0016666666666666668,-0.0016666666666666668,0.0,0.0,0.0
2,0.0018518518518518517,0.0,0.0033333333333333335,-0.0018518518518518517,0.0014814814814814818,0.0033333333333333335
3,-0.00018518518518518493,0.0014814814814814818,-0.0018518518518518517,0.0016666666666666668,-0.0016666666666666668,-0.0033333333333333335
4,-0.005185185185185186,-0.0018518518518518524,-0.005185185185185186,0.0033333333333333335,0.0,-0.0033333333333333335
5,-0.0009259259259259273,-0.010925925925925927,-0.005925925925925927,-0.01,-0.005,0.005
6,0.016666666666666666,0.0,0.0,-0.016666666666666666,-0.016666666666666666,0.0
