,task 2 minus task 1,task 3 minus task 1,task 4 minus task 1,task 3 minus task 2,task 4 minus task 2,task 4 minus task 3
0,0.1071727241729626,0.13825672140356599,-0.05612015645320223,0.031083997230603372,-0.16329288062616482,-0.19437687785676822
1,-0.13380596558089405,1.5179673977995956,3.1329368029408724,1.6517733633804896,3.2667427685217665,1.6149694051412768
2,0.23439381849178306,-3.3558367276017007,-3.4070785422817957,-3.590230546093484,-3.641472360773579,-0.05124181468009503
3,2.0384548305125008,2.7978801139456033,2.53243987829742,0.7594252834331027,0.49398504778491886,-0.26544023564818375
4,-0.7128027250493674,-0.4318485680706254,5.944169848951,0.280954156978742,6.656972574000368,6.376018417021625
5,-0.3107191086794901,-1.0269970683706644,1.3650884734625142,-0.7162779596911744,1.6758075821420042,2.3920855418331786
6,1.136799685323914,2.1968557419653747,0.07965525846968702,1.0600560566414607,-1.057144426854227,-2.1172004834956875
