,task 2-task 1,task 3-task 1,task 4-task 1,task 3-task 2,task 4-task 2,task 4-task 3
0,0.1465283070248371,0.32886509244058715,-1.0189210568523,0.18233678541575005,-1.165449363877137,-1.347786149292887
1,-0.18213719077942062,1.2718254802633893,-0.2115206945266764,1.45396267104281,-0.02938350374725579,-1.4833461747900658
2,-0.0929670809508184,0.05866966745414176,-1.2294304702530938,0.15163674840496016,-1.1364633893022753,-1.2881001377072354
3,-0.06381422831171146,0.08451590002454917,-0.396823764949135,0.14833012833626064,-0.33300953663742355,-0.4813396649736842
4,-0.1623588293406562,0.18338514079493085,0.6288099636366555,0.34574397013558705,0.7911687929773117,0.4454248228417247
5,-0.0730625405544717,0.05311760248200853,-1.5398224171138126,0.12618014303648023,-1.4667598765593408,-1.592940019595821
6,-0.0388742838995354,0.2554884016405724,-0.3774152643754021,0.2943626855401078,-0.3385409804758667,-0.6329036660159746
