,task 2-task 1,task 3-task 1,task 4-task 1,task 3-task 2,task 4-task 2,task 4-task 3
0,-0.14320517581919062,-0.21067246523928956,-0.0033239042327136703,-0.06746728942009894,0.13988127158647695,0.2073485610065759
1,-0.14000881090806572,-0.18500722105657297,-0.007110371321630671,-0.04499841014850725,0.13289843958643505,0.1778968497349423
2,0.014593377505373983,-0.08132667980795638,-0.7673884001755198,-0.09592005731333036,-0.7819817776808938,-0.6860617203675634
3,-0.029053179679890018,-0.15421503039646842,0.6531033920719973,-0.1251618507165784,0.6821565717518874,0.8073184224684657
4,0.021601991888454464,0.022287718459312045,-1.1030506523581791,0.000685726570857581,-1.1246526442466336,-1.125338370817491
5,-0.03607417743237645,0.04094815575704247,1.6422011527179023,0.07702233318941892,1.6782753301502789,1.60125299696086
6,-0.4588628923490715,-3.1132592066295666,0.3160020376795353,-2.654396314280495,0.7748649300286068,3.4292612443091017
