,task 2-task 1,task 3-task 1,task 4-task 1,task 3-task 2,task 4-task 2,task 4-task 3
0,-0.14329771684225878,-0.06688649063100505,0.34660434822729447,0.07641122621125374,0.48990206506955325,0.4134908388582995
1,0.0007109057873784241,-0.01433983493488844,1.118262266642581,-0.015050740722266864,1.1175513608552023,1.1326021015774694
2,0.02104122966634636,0.07439298144352158,0.9037104608148926,0.053351751777175216,0.8826692311485462,0.829317479371371
3,-0.06607235567301117,0.013135096498157584,1.1289004995629446,0.07920745217116876,1.1949728552359558,1.115765403064787
4,0.006571260028328085,0.2800846215037347,0.24028863904466435,0.2735133614754066,0.23371737901633627,-0.039795982459070345
5,0.04114467087031737,0.6600342333964632,0.5952747795291521,0.6188895625261458,0.5541301086588347,-0.06475945386731108
6,0.024293127126224445,0.40735906757734397,0.5536870279311301,0.3830659404511195,0.5293939008049057,0.14632796035378615
