,task 2-task 1,task 3-task 1,task 4-task 1,task 3-task 2,task 4-task 2,task 4-task 3
0,0.0047540983606557344,-0.0035792349726775988,-0.003709775349119612,-0.008333333333333333,-0.008463873709775346,-0.00013054037644201315
1,-0.011357012750455368,0.00364298724954463,-0.013154219793564051,0.014999999999999998,-0.0017972070431086825,-0.01679720704310868
2,0.013272616879174257,0.012902246508803889,0.0012902246508803908,-0.00037037037037036813,-0.011982392228293866,-0.011612021857923498
3,-0.0030236794171220327,-0.007838494231936853,-0.01593199757134183,-0.00481481481481482,-0.012908318154219797,-0.008093503339404977
4,-0.021634790528233153,-0.02144960534304797,-0.0313949605343048,0.00018518518518518406,-0.009760170006071649,-0.009945355191256833
5,0.01938372799028537,0.0001244687310261068,0.005549483910139645,-0.01925925925925926,-0.013834244080145724,0.005425015179113538
6,-0.03413479052823315,-0.032468123861566486,-0.03574681238615665,0.0016666666666666663,-0.0016120218579234976,-0.003278688524590164
