,task 2-task 1,task 3-task 1,task 4-task 1,task 3-task 2,task 4-task 2,task 4-task 3
0,0.002777777777777775,-0.007222222222222225,-0.004074074074074079,-0.01,-0.006851851851851854,0.0031481481481481464
1,-0.013333333333333332,0.0,-0.013518518518518517,0.013333333333333332,-0.00018518518518518493,-0.013518518518518517
2,0.011296296296296299,0.00925925925925926,0.0009259259259259255,-0.0020370370370370386,-0.010370370370370374,-0.008333333333333335
3,-0.005000000000000001,-0.011481481481481488,-0.016296296296296302,-0.006481481481481487,-0.011296296296296303,-0.004814814814814815
4,-0.02361111111111111,-0.02509259259259259,-0.03175925925925926,-0.0014814814814814795,-0.008148148148148147,-0.006666666666666668
5,0.01740740740740741,-0.0035185185185185198,0.005185185185185185,-0.02092592592592593,-0.012222222222222225,0.008703703703703705
6,-0.036111111111111115,-0.036111111111111115,-0.036111111111111115,0.0,0.0,0.0
