,task 2-task 1,task 3-task 1,task 4-task 1,task 3-task 2,task 4-task 2,task 4-task 3
0,-4.6214644086220895,-1.393706863704929,-1.718067675977276,3.22775754491716,2.903396732644813,-0.3243608122723469
1,-0.17417422497917626,-0.05574293912146938,-0.2525936916941515,0.11843128585770687,-0.07841946671497527,-0.19685075257268214
2,0.033764469265442576,0.16800994423098858,-0.6312668567552788,0.134245474965546,-0.6650313260207215,-0.7992768009862674
3,-0.009088715155739724,0.1588297813700985,-0.42081122267077054,0.16791849652583823,-0.4117225075150308,-0.579641004040869
4,-0.3531031100315858,0.13944716377333233,-1.6060843103212634,0.4925502738049181,-1.2529812002896779,-1.7455314740945957
5,-0.024505488904922434,0.1225258281779128,-0.043044975425993615,0.14703131708283523,-0.01853948652107118,-0.1655708036039064
6,-0.012014242604945102,0.4082968666969221,-0.48239738062751397,0.4203111093018672,-0.47038313802256887,-0.8906942473244361
