,task 2-task 1,task 3-task 1,task 4-task 1,task 3-task 2,task 4-task 2,task 4-task 3
0,-0.030794056735409803,0.17483118488405525,-1.5738694095381605,0.20562524161946505,-1.5430753528027505,-1.7487005944222156
1,0.025569412142851466,0.24585424118796928,-0.15334908182013796,0.2202848290451178,-0.17891849396298942,-0.39920332300810724
2,-0.06455848156486133,0.10505803609285858,-0.8513971563549178,0.1696165176577199,-0.7868386747900564,-0.9564551924477763
3,-0.06486974446094751,0.16977824899798777,-0.5468699056480112,0.23464799345893528,-0.4820001611870637,-0.716648154645999
4,-0.09522184116406884,-0.05665786505124326,-0.5648862015017564,0.03856397611282558,-0.46966436033768755,-0.5082283364505131
5,-0.08885996620809333,-0.17157138613420964,-0.6544361326958152,-0.0827114199261163,-0.5655761664877219,-0.4828647465616056
6,0.15677201000458252,-0.04986221211423325,-0.5812268821524164,-0.20663422211881577,-0.7379988921569989,-0.5313646700381831
