,task 2-task 1,task 3-task 1,task 4-task 1,task 3-task 2,task 4-task 2,task 4-task 3
0,0.007859744990892531,-3.642987249545537e-05,-0.013292181069958855,-0.007896174863387987,-0.021151926060851384,-0.0132557511974634
1,-0.04505692167577414,-0.04591605950212509,-0.05921296296296297,-0.0008591378263509484,-0.014156041287188831,-0.013296903460837884
2,-0.00010321797207042682,-0.04670309653916212,-0.0612962962962963,-0.04659987856709169,-0.06119307832422587,-0.014593199757134181
3,0.00823011536126289,-0.00429568913175472,-0.023148148148148164,-0.012525804493017611,-0.03137826350941105,-0.018852459016393444
4,0.014526411657559194,-0.029295689131754718,-0.04481481481481483,-0.043822100789313916,-0.059341226472374026,-0.01551912568306011
5,-0.01991803278688525,-0.02911050394656953,-0.047037037037037044,-0.00919247115968428,-0.027119004250151794,-0.017926533090467513
6,0.04563752276867032,-0.023925318761384345,-0.03166666666666666,-0.06956284153005467,-0.07730418943533698,-0.007741347905282317
