,task 2 minus task 1,task 3 minus task 1,task 4 minus task 1,task 3 minus task 2,task 4 minus task 2,task 4 minus task 3
0,10.88189684142037,0.4706147461611094,-4.649426434684361,-10.41128209525926,-15.531323276104729,-5.12004118084547
1,0.5373991653761319,-5.083536296205668,-0.447399041866985,-5.6209354615818,-0.9847982072431168,4.636137254338682
2,0.8269324619375666,-2.9797341113727094,2.5933083188457484,-3.806666573310276,1.766375856908182,5.573042430218458
3,0.6293041575088183,0.11937385341300377,0.9321922156349984,-0.5099303040958145,0.30288805812618025,0.8128183622219947
4,0.14018851994626969,-4.698308093896281,9.4567327647326,-4.838496613842551,9.31654424478633,14.155040858628881
5,-0.17940065064478206,-0.13294332347946813,-0.1802780035963043,0.04645732716531392,-0.0008773529515222478,-0.04733468011683617
6,0.8118577214645428,0.8371521622390593,0.6143528881906919,0.025294440774516536,-0.19750483327385082,-0.22279927404836736
