,task 2-task 1,task 3-task 1,task 4-task 1,task 3-task 2,task 4-task 2,task 4-task 3
0,-0.006018518518518517,-0.0023148148148148112,-0.013796296296296293,0.0037037037037037056,-0.007777777777777776,-0.011481481481481481
1,-0.020555555555555546,-0.03203703703703703,-0.03074074074074073,-0.011481481481481481,-0.010185185185185186,0.0012962962962962954
2,-0.02888888888888888,-0.017222222222222215,-0.026296296296296286,0.011666666666666665,0.0025925925925925943,-0.009074074074074071
3,-0.029814814814814822,-0.019629629629629636,-0.031111111111111114,0.010185185185185186,-0.001296296296296292,-0.011481481481481478
4,0.002777777777777782,-0.017222222222222226,-0.03740740740740741,-0.020000000000000007,-0.04018518518518519,-0.020185185185185184
5,0.01666666666666666,0.011481481481481478,-0.00833333333333334,-0.005185185185185182,-0.025,-0.01981481481481482
6,0.04722222222222222,0.05,0.02,0.002777777777777782,-0.02722222222222222,-0.030000000000000002
