,task 2 minus task 1,task 3 minus task 1,task 4 minus task 1,task 3 minus task 2,task 4 minus task 2,task 4 minus task 3
0,-0.04115241998438719,-0.02101353109549829,-0.040189522074767975,0.020138888888888908,0.000962897909619221,-0.019175990979269683
1,-0.02951882210078933,0.013148726400092535,-0.037775500910746815,0.04266754850088186,-0.00825667880995749,-0.05092422731083935
2,-0.04204968629832017,-0.04626264926128313,-0.0919928730447856,-0.00421296296296296,-0.04994318674646543,-0.04573022378350247
3,0.0038012837193165012,0.03876160117963398,0.062158361523115616,0.03496031746031748,0.05835707780379912,0.023396760343481635
4,0.011499696417729199,0.06983302975106255,-0.010586347471593371,0.05833333333333335,-0.02208604388932257,-0.08041937722265592
5,0.0030671567351895183,0.043020860438893235,-0.03174155029346286,0.039953703703703713,-0.03480870702865238,-0.0747624107323561
6,-0.05405585913782633,-0.1356299332119004,-0.19235883424408012,-0.08157407407407406,-0.1383029751062538,-0.05672890103217974
