,task 2-task 1,task 3-task 1,task 4-task 1,task 3-task 2,task 4-task 2,task 4-task 3
0,1.7487259387215237,1.290257733753623,1.3345107600012995,-0.45846820496790075,-0.4142151787202242,0.044253026247676575
1,-0.849506182005727,0.13800830587135504,0.29461194416601044,0.9875144878770821,1.1441181261717375,0.1566036382946554
2,0.6150760397500374,0.11227179316239477,0.10492325314505246,-0.5028042465876427,-0.510152786604985,-0.007348540017342309
3,13.410892534656881,5.936669171387978,5.927189577201194,-7.474223363268902,-7.483702957455686,-0.009479594186784235
4,2.661844009053833,1.4361822119155796,2.376465329694355,-1.2256617971382535,-0.28537867935947836,0.9402831177787752
5,-1.4081367151195263,1.4657200652069522,1.539474947076539,2.8738567803264785,2.9476116621960653,0.07375488186958679
6,0.4044913585615218,1.9905334251634559,0.2876313083492616,1.5860420666019341,-0.1168600502122602,-1.7029021168141942
