,task 2 minus task 1,task 3 minus task 1,task 4 minus task 1,task 3 minus task 2,task 4 minus task 2,task 4 minus task 3
0,-0.006018518518518513,-0.0023148148148148043,-0.01707498482088645,0.003703703703703709,-0.011056466302367939,-0.014760170006071648
1,-0.02055555555555555,-0.03203703703703704,-0.03401942926533091,-0.011481481481481488,-0.013463873709775356,-0.0019823922282938677
2,-0.028888888888888898,-0.017222222222222222,-0.02957498482088647,0.011666666666666676,-0.0006860959319975705,-0.012352762598664246
3,-0.029814814814814815,-0.019629629629629632,-0.03438979963570128,0.010185185185185183,-0.004574984820886465,-0.014760170006071648
4,0.002777777777777775,-0.017222222222222222,-0.040686095931997575,-0.019999999999999997,-0.04346387370977535,-0.023463873709775353
5,0.01666666666666666,0.011481481481481481,-0.011612021857923503,-0.005185185185185178,-0.028278688524590163,-0.023093503339404985
6,0.047222222222222235,0.05000000000000002,0.016721311475409843,0.002777777777777782,-0.030500910746812392,-0.03327868852459018
