,task 2-task 1,task 3-task 1,task 4-task 1,task 3-task 2,task 4-task 2,task 4-task 3
0,0.0016666666666666635,-0.0022222222222222088,-0.007736625514403281,-0.0038888888888888723,-0.009403292181069944,-0.005514403292181072
1,-0.05125,-0.04810185185185184,-0.0536574074074074,0.003148148148148157,-0.0024074074074073998,-0.005555555555555557
2,-0.0062962962962963,-0.048888888888888885,-0.05574074074074074,-0.042592592592592585,-0.04944444444444444,-0.006851851851851852
3,0.0020370370370370455,-0.006481481481481477,-0.01759259259259259,-0.008518518518518522,-0.019629629629629636,-0.011111111111111113
4,0.008333333333333331,-0.03148148148148147,-0.03925925925925925,-0.0398148148148148,-0.04759259259259258,-0.007777777777777779
5,-0.0261111111111111,-0.03129629629629628,-0.04148148148148147,-0.005185185185185182,-0.015370370370370375,-0.010185185185185193
6,0.03944444444444445,-0.026111111111111113,-0.026111111111111106,-0.06555555555555556,-0.06555555555555556,6.938893903907228e-18
