,task 2 minus task 1,task 3 minus task 1,task 4 minus task 1,task 3 minus task 2,task 4 minus task 2,task 4 minus task 3
0,20.354774254813584,10.937712403664747,20.24343062727515,-9.417061851148835,-0.11134362753843374,9.305718223610402
1,3.9681546081061763,-0.9205862143836963,2.1055714291957397,-4.888740822489872,-1.8625831789104366,3.0261576435794355
2,5.482215624322148,5.451380727548072,4.4321023343237504,-0.03083489677407636,-1.0501132899983976,-1.0192783932243212
3,-1.8072196521513249,-4.565308262287433,11.295484982165448,-2.7580886101361073,13.102704634316773,15.860793244452879
4,0.023413103879356023,3.5963989730140784,-0.7323254373190257,3.5729858691347225,-0.7557385411983817,-4.328724410333104
5,2.728682280055093,10.648335712575768,1.3813892528966287,7.919653432520676,-1.3472930271584644,-9.26694645967914
6,-0.31513714126182957,1.3923156193938409,-0.9811824192764234,1.7074527606556704,-0.6660452780145938,-2.3734980386702644
