,task 2 minus task 1,task 3 minus task 1,task 4 minus task 1,task 3 minus task 2,task 4 minus task 2,task 4 minus task 3
0,7.496832864461148,-3.2409330809513097,-2.147615590591737,-10.737765945412457,-9.644448455052885,1.0933174903595728
1,9.185887645995837,9.04512539015763,9.004096882394602,-0.1407622558382077,-0.1817907636012355,-0.0410285077630278
2,3.0769411254719223,0.10387027198280174,0.26366941881090566,-2.9730708534891206,-2.8132717066610167,0.15979914682810392
3,3163.784800736008,3156.721362266522,3154.5738454230404,-7.063438469486062,-9.210955312967778,-2.147516843481717
4,2.366035874605899,3.7347862962124747,1.4362916341514547,1.3687504216065756,-0.9297442404544441,-2.2984946620610196
5,-0.8340603991264335,-2.176571045865929,-5.565133090502651,-1.3425106467394952,-4.731072691376218,-3.3885620446367226
6,1.7823482312388064,1.0788790901985288,0.14705240724063806,-0.7034691410402775,-1.6352958239981683,-0.9318266829578907
