,task 2-task 1,task 3-task 1,task 4-task 1,task 3-task 2,task 4-task 2,task 4-task 3
0,0.05324529447480267,-0.008099574984820886,0.009865664845173046,-0.06134486945962356,-0.04337962962962963,0.017965239829993932
1,0.013060109289617493,0.008011536126290221,0.01472677595628415,-0.0050485731633272725,0.0016666666666666566,0.006715239829993929
2,0.0062082574377656415,0.026344869459623572,0.003060109289617488,0.02013661202185793,-0.0031481481481481534,-0.023284760170006084
3,-0.00360655737704918,-0.011432908318154224,-0.0019398907103825164,-0.007826350941105044,0.0016666666666666635,0.009493017607771707
4,0.014911961141469338,-0.0008773527625986696,0.003245294474802665,-0.015789313904068007,-0.011666666666666672,0.004122647237401335
5,0.031208257437765636,0.011159684274438371,0.017689738919247116,-0.020048573163327265,-0.01351851851851852,0.006530054644808745
6,0.055282331511839714,0.027085610200364305,0.030282331511839712,-0.02819672131147541,-0.025,0.0031967213114754076
