,task 2 minus task 1,task 3 minus task 1,task 4 minus task 1,task 3 minus task 2,task 4 minus task 2,task 4 minus task 3
0,15.733031157510013,16.17267120836457,18.170340824344294,0.4396400508545577,2.4373096668342797,1.997669615979722
1,4.212915237920615,0.5636692106547457,-0.05897615993471006,-3.6492460272658693,-4.271891397855325,-0.6226453705894558
2,-5.098925540603408,-2.412435769776967,-2.0296544301280894,2.686489770826441,3.0692711104753183,0.3827813396488776
3,-26.119966367214086,-28.485992318956015,-29.655522887681816,-2.366025951741927,-3.5355565204677277,-1.1695305687258009
4,-0.732187240013863,-2.2527747038595898,-1.938904340481687,-1.5205874638457266,-1.206717100467824,0.3138703633779026
5,2.4608668111139202,-10.905999670193662,1.6626843939099671,-13.366866481307582,-0.7981824172039532,12.568684064103628
6,0.4592791253772487,-18.000145510371606,-0.5948116050684937,-18.459424635748857,-1.0540907304457425,17.405333905303113
