,task 2-task 1,task 3-task 1,task 4-task 1,task 3-task 2,task 4-task 2,task 4-task 3
0,-0.006498542314659628,0.004746802479616508,0.07889783244244922,0.011245344794276135,0.08539637475710884,0.07415102996283271
1,-0.03862908614540228,-0.22930544648589965,-0.005898482843395725,-0.19067636034049737,0.032730603302006556,0.22340696364250393
2,0.040301011241053356,0.02975887716790518,-0.04408950780936302,-0.010542134073148177,-0.08439051905041638,-0.0738483849772682
3,0.1645049101598845,-0.1193621535704304,-0.17554392137309388,-0.2838670637303149,-0.3400488315329784,-0.056181767802663485
4,0.13661365546279006,-1.159359237196917,-0.024787576344373008,-1.295972892659707,-0.16140123180716306,1.134571660852544
5,2.5975658633052374,2.215081344819681,2.4665304748933212,-0.3824845184855563,-0.13103538841191606,0.2514491300736403
6,1.1476396757870622,2.3707018277974443,1.0572820526066724,1.2230621520103824,-0.09035762318038969,-1.3134197751907721
