,task 2 minus task 1,task 3 minus task 1,task 4 minus task 1,task 3 minus task 2,task 4 minus task 2,task 4 minus task 3
0,0.08421068609593205,0.00465088038858533,0.03882741347905286,-0.0795598057073467,-0.04538327261687918,0.03417653309046753
1,0.04402550091074684,0.020761991499696434,0.043688524590163966,-0.023263509411050407,-0.00033697632058287894,0.022926533090467528
2,0.037173649058894975,0.039095324833029764,0.03202185792349729,0.0019216757741347852,-0.005151791135397687,-0.007073466909532472
3,0.027358834244080164,0.001317547055251985,0.027021857923497296,-0.026041287188828182,-0.0003369763205828685,0.025704310868245313
4,0.04587735276259869,0.011873102610807538,0.03220704310868248,-0.03400425015179115,-0.013670309653916211,0.02033394049787494
5,0.062173649058894984,0.02391013964784458,0.046651487553126925,-0.0382635094110504,-0.015522161505768057,0.022741347905282344
6,0.08624772313296906,0.03983606557377051,0.059244080145719524,-0.04641165755919855,-0.027003642987249537,0.019408014571949014
