,task 2-task 1,task 3-task 1,task 4-task 1,task 3-task 2,task 4-task 2,task 4-task 3
0,-0.03769219042023303,-0.46684466405243724,-0.9257694819832472,-0.4291524736322042,-0.8880772915630141,-0.45892481793080986
1,0.17703757194973496,-0.1179915466462801,-0.9028778212539861,-0.29502911859601505,-1.079915393203721,-0.784886274607706
2,0.24908214291736702,-0.2673411045683364,-0.9972370332579252,-0.5164232474857035,-1.2463191761752923,-0.7298959286895889
3,-0.9228087156737786,-0.12404545973071633,-2.304569464547992,0.7987632559430623,-1.3817607488742132,-2.1805240048172756
4,0.5822271373362743,0.4811754736308764,-0.39323755155524387,-0.10105166370539787,-0.9754646888915182,-0.8744130251861203
5,0.6522670104937034,-0.3514247819693199,-0.16351309071134934,-1.0036917924630233,-0.8157801012050527,0.18791169125797058
6,0.026830547936093074,-0.33488979216985904,0.7826559167652067,-0.3617203401059521,0.7558253688291137,1.1175457089350658
