,task 2-task 1,task 3-task 1,task 4-task 1,task 3-task 2,task 4-task 2,task 4-task 3
0,0.0016666666666666668,0.0,0.0,-0.0016666666666666668,-0.0016666666666666668,0.0
1,0.0,0.0016666666666666668,0.0033333333333333335,0.0016666666666666668,0.0033333333333333335,0.0016666666666666668
2,0.0,0.0016666666666666668,0.005,0.0016666666666666668,0.005,0.003333333333333333
3,0.0016666666666666668,0.0016666666666666668,0.0016666666666666668,0.0,0.0,0.0
4,0.0,0.0,0.0016666666666666668,0.0,0.0016666666666666668,0.0016666666666666668
5,-0.0016666666666666668,-0.0016666666666666668,0.0,0.0,0.0016666666666666668,0.0016666666666666668
6,-0.00787037037037037,0.017129629629629634,-0.00787037037037037,0.025,0.0,-0.025
