,task 2-task 1,task 3-task 1,task 4-task 1,task 3-task 2,task 4-task 2,task 4-task 3
0,-0.02876322751322752,-0.022883597883597895,-0.012275132275132258,0.0058796296296296235,0.01648809523809526,0.010608465608465636
1,-0.017129629629629647,0.011278659611992925,-0.009861111111111126,0.028408289241622572,0.007268518518518521,-0.02113977072310405
2,-0.029660493827160475,-0.04813271604938271,-0.06407848324514989,-0.018472222222222237,-0.034417989417989424,-0.015945767195767187
3,0.016190476190476186,0.036891534391534406,0.09007275132275129,0.02070105820105822,0.0738822751322751,0.053181216931216885
4,0.023888888888888883,0.06796296296296298,0.017328042328042324,0.044074074074074085,-0.006560846560846559,-0.050634920634920644
5,0.01545634920634921,0.041150793650793674,-0.003827160493827156,0.025694444444444464,-0.019283509700176366,-0.04497795414462083
6,-0.041666666666666685,-0.1375,-0.16444444444444445,-0.09583333333333331,-0.12277777777777778,-0.026944444444444465
