,task 2 minus task 1,task 3 minus task 1,task 4 minus task 1,task 3 minus task 2,task 4 minus task 2,task 4 minus task 3
0,0.1423981996782599,-0.4624974194347418,0.6920208416133615,-0.6048956191130017,0.5496226419351017,1.1545182610481035
1,0.7913774171315813,-0.3098245205581966,-1.0295608537130143,-1.101201937689778,-1.8209382708445956,-0.7197363331548177
2,0.9657406515486706,-0.49774327510636984,0.6197314273873246,-1.4634839266550403,-0.34600922416134605,1.1174747024936944
3,30.76354422568908,-0.30441145570923,0.17541392543246354,-31.06795568139831,-30.588130300256616,0.47982538114169354
4,0.778593321277084,-0.16038071576012275,-1.0239271611786454,-0.9389740370372068,-1.8025204824557295,-0.8635464454185227
5,1.7165742866844982,-0.555861351697136,-9.607626277404746,-2.272435638381634,-11.324200564089244,-9.05176492570761
6,0.13327878686884986,-0.27634078047964544,0.607321712660556,-0.4096195673484953,0.47404292579170615,0.8836624931402015
