,task 2-task 1,task 3-task 1,task 4-task 1,task 3-task 2,task 4-task 2,task 4-task 3
0,1.4861827879665974,1.1786366530495092,0.6204902661625911,-0.30754613491708827,-0.8656925218040062,-0.558146386886918
1,-206.90660513338918,-1.4938047505921557,-1.5878298920760838,205.41280038279703,205.3187752413131,-0.09402514148392815
2,0.1798718397447363,-0.2706913416535275,-0.4920323059449665,-0.4505631813982638,-0.6719041456897028,-0.221340964291439
3,4.517024408799938,1.5242155556929335,1.1980182149408154,-2.9928088531070047,-3.3190061938591224,-0.32619734075211804
4,0.5351600062072825,2.5674969957461995,0.021328393350864783,2.0323369895389165,-0.5138316128564178,-2.5461686023953343
5,11.14888430682266,1.217508187692655,1.0127675911356402,-9.931376119130006,-10.13611671568702,-0.20474059655701482
6,0.21781995591761105,2.8635550540077057,0.006193898072214266,2.645735098090095,-0.2116260578453968,-2.8573611559354917
