,task 2-task 1,task 3-task 1,task 4-task 1,task 3-task 2,task 4-task 2,task 4-task 3
0,-1.067545804234726,-0.8503119115582305,-1.5277369163415053,0.21723389267649548,-0.4601911121067792,-0.6774250047832747
1,4.31591224133404,5.321240876078967,-0.18034680700163275,1.005328634744927,-4.496259048335673,-5.5015876830806
2,5.597560971390822,4.513717106676893,2.495427614994712,-1.0838438647139288,-3.1021333563961098,-2.018289491682181
3,-35.148612111960816,-36.47873002928665,-32.3754674192668,-1.3301179173258366,2.7731446926940144,4.103262610019851
4,0.8974453714893607,7.820602678878129,1.0522921274681072,6.9231573073887684,0.15484675597874653,-6.768310551410021
5,-1.1891931351781624,-1.922771692942241,-0.964546307049737,-0.7335785577640783,0.2246468281284255,0.9582253858925038
6,-0.3979930798709518,-19.716510893911057,0.40191954861094126,-19.318517814040106,0.799912628481893,20.118430442521998
