,task 2-task 1,task 3-task 1,task 4-task 1,task 3-task 2,task 4-task 2,task 4-task 3
0,0.2991920950652587,0.08669419084646468,-0.07803911785366818,-0.212497904218794,-0.37723121291892686,-0.16473330870013286
1,0.05221604637973554,0.044833111092765,-0.3012632049009755,-0.007382935286970538,-0.35347925128071106,-0.3460963159937405
2,0.009019499728278202,-0.033977418737536236,-0.23715929484329085,-0.04299691846581444,-0.24617879457156905,-0.2031818761057546
3,0.16139685303646167,0.06895849025120626,-0.23706190085987067,-0.09243836278525541,-0.39845875389633234,-0.30602039111107693
4,0.027063420728287824,-0.17620791813547088,-0.2586937261952301,-0.2032713388637587,-0.28575714692351795,-0.08248580805975925
5,-0.007709105902216518,-0.2531480190333985,-0.15839294357685701,-0.245438913131182,-0.1506838376746405,0.0947550754565415
6,0.014265091497318971,-0.18278166659720868,-0.13219546263597337,-0.19704675809452765,-0.14646055413329234,0.05058620396123531
