,task 2-task 1,task 3-task 1,task 4-task 1,task 3-task 2,task 4-task 2,task 4-task 3
0,0.12887243766792056,0.23832055621950102,-0.18631794718354722,0.10944811855158047,-0.3151903848514678,-0.42463850340304826
1,-3.925615463065993,-3.05536025175145,-3.1637010404694395,0.8702552113145428,0.7619144225965535,-0.10834078871798924
2,-0.42567265048036756,2.453822879623386,1.663754446304829,2.8794955301037537,2.0894270967851964,-0.790068433318557
3,-0.9514395899711072,0.4580792599109908,0.1376575760381677,1.409518849882098,1.089097166009275,-0.3204216838728231
4,0.824444236671805,-2.2819160082236256,-1.6192060273029556,-3.1063602448954306,-2.4436502639747606,0.6627099809206702
5,-1.209552226251602,0.39319274038148594,-0.09950627159021261,1.6027449666330882,1.1100459546613894,-0.4926990119716985
6,7.21545199233164,8.374361980766327,5.695568343724622,1.1589099884346874,-1.5198836486070177,-2.6787936370417054
