,task 2-task 1,task 3-task 1,task 4-task 1,task 3-task 2,task 4-task 2,task 4-task 3
0,2.0402244134993217,0.6007007105596432,6.57821567087137,-1.4395237029396786,4.537991257372049,5.977514960311727
1,0.9170512871665666,12.618202717143433,-0.5829500485762553,11.701151429976866,-1.500001335742822,-13.201152765719687
2,1.288840188760183,-3.8164671558472234,1.9230665848381379,-5.105307344607406,0.6342263960779548,5.739533740685362
3,0.9373861251081592,0.39464956784028504,1.198974169286389,-0.5427365572678742,0.26158804417822973,0.8043246014461038
4,0.21363386130996742,25.940564165031667,7.414512338373894,25.726930303721698,7.2008784770639265,-18.526051826657774
5,-0.17830983532050193,-0.0451202538953035,-4.335055652995921,0.13318958142519843,-4.156745817675419,-4.289935399100617
6,1.224769978087475,1.3259562317448563,0.9249220689553519,0.10118625365738126,-0.29984790913212306,-0.4010341627895043
