,task 2 minus task 1,task 3 minus task 1,task 4 minus task 1,task 3 minus task 2,task 4 minus task 2,task 4 minus task 3
0,-0.18180270394224762,0.026745701978148517,-0.05761176871240131,0.20854840592039614,0.12419093522984631,-0.08435747069054983
1,-0.6491339699232672,-0.517219832719304,-0.567479146193624,0.1319141372039631,0.08165482372964311,-0.05025931347432
2,0.25170818900970043,0.20766948096369192,0.3672957470573624,-0.04403870804600851,0.11558755804766196,0.15962626609367048
3,0.5777492423106961,0.665572969600857,0.203976944233208,0.08782372729016086,-0.37377229807748813,-0.461596025367649
4,0.23747900819975398,0.23553799952840537,0.5593112416017352,-0.0019410086713486097,0.3218322334019812,0.3237732420733298
5,0.24744500947581433,0.6253279573478676,0.41128343364735304,0.37788294787205323,0.1638384241715387,-0.21404452370051452
6,-0.20245028678229826,-0.07376499941865633,-0.17326587309387076,0.12868528736364193,0.029184413688427502,-0.09950087367521443
