,task 2-task 1,task 3-task 1,task 4-task 1,task 3-task 2,task 4-task 2,task 4-task 3
0,-0.030555562284492854,-0.555587068732503,-1.2459805485355757,-0.5250315064480101,-1.2154249862510829,-0.6903934798030728
1,0.2004750077814902,-0.5744811747104273,-0.5843389203269526,-0.7749561824919174,-0.7848139281084427,-0.009857745616525318
2,0.05828508414345135,0.06703757966569535,0.39804480349618493,0.008752495522243997,0.3397597193527336,0.3310072238304896
3,0.24450199444867388,0.2269844467067556,-0.19798525904666553,-0.01751754774191827,-0.4424872534953394,-0.42496970575342113
4,0.1869055075945743,-0.7253299860669943,-0.3147364199755166,-0.9122354936615686,-0.5016419275700909,0.4105935660914777
5,0.4623310352150585,0.5145735263733823,0.7954210394267668,0.0522424911583238,0.3330900042117083,0.2808475130533845
6,0.37200162488041166,-417.52072838408714,-0.3634397641049629,-417.89273000896753,-0.7354413889853746,417.1572886199822
