,task 2 minus task 1,task 3 minus task 1,task 4 minus task 1,task 3 minus task 2,task 4 minus task 2,task 4 minus task 3
0,0.02653672414392985,0.026327334984501658,0.03391413473172296,-0.0002093891594281902,0.007377410587793107,0.007586799747221297
1,0.019852420792959832,0.01389819666250619,0.049644587406620075,-0.005954224130453644,0.02979216661366024,0.035746390744113885
2,-0.0006502247096856714,-0.0035819620676525396,0.02320425818851308,-0.002931737357966868,0.02385448289819875,0.02678622025616562
3,0.002153273232701154,-0.00982608317288476,0.013518044196743526,-0.011979356405585914,0.011364770964042372,0.023344127369628286
4,0.005976759417298459,-0.0016507451364356088,-0.001495918178329959,-0.0076275045537340675,-0.007472677595628418,0.00015482695810564977
5,0.004905330845869885,0.008111159625469155,0.02021043102801925,0.0032058287795992705,0.015305100182149367,0.012099271402550096
6,0.011571997512536552,0.11644449295880248,0.04104376436135258,0.10487249544626592,0.029471766848816035,-0.0754007285974499
